path,label
C:\Users\Fatih\Desktop\TUBITAK\Airport_Noise\Dataset_ESC50\audio\audio\1-101296-A-19.wav,WIND
C:\Users\Fatih\Desktop\TUBITAK\Airport_Noise\Dataset_ESC50\audio\audio\1-101296-B-19.wav,WIND
C:\Users\Fatih\Desktop\TUBITAK\Airport_Noise\Dataset_ESC50\audio\audio\1-104089-A-22.wav,SPEECH
C:\Users\Fatih\Desktop\TUBITAK\Airport_Noise\Dataset_ESC50\audio\audio\1-104089-B-22.wav,SPEECH
C:\Users\Fatih\Desktop\TUBITAK\Airport_Noise\Dataset_ESC50\audio\audio\1-105224-A-22.wav,SPEECH
C:\Users\Fatih\Desktop\TUBITAK\Airport_Noise\Dataset_ESC50\audio\audio\1-110537-A-22.wav,SPEECH
C:\Users\Fatih\Desktop\TUBITAK\Airport_Noise\Dataset_ESC50\audio\audio\1-115521-A-19.wav,WIND
C:\Users\Fatih\Desktop\TUBITAK\Airport_Noise\Dataset_ESC50\audio\audio\1-115920-A-22.wav,SPEECH
C:\Users\Fatih\Desktop\TUBITAK\Airport_Noise\Dataset_ESC50\audio\audio\1-115920-B-22.wav,SPEECH
C:\Users\Fatih\Desktop\TUBITAK\Airport_Noise\Dataset_ESC50\audio\audio\1-115921-A-22.wav,SPEECH
C:\Users\Fatih\Desktop\TUBITAK\Airport_Noise\Dataset_ESC50\audio\audio\1-11687-A-47.wav,AIRCRAFT
C:\Users\Fatih\Desktop\TUBITAK\Airport_Noise\Dataset_ESC50\audio\audio\1-119125-A-45.wav,TRAFFIC
C:\Users\Fatih\Desktop\TUBITAK\Airport_Noise\Dataset_ESC50\audio\audio\1-137296-A-16.wav,WIND
C:\Users\Fatih\Desktop\TUBITAK\Airport_Noise\Dataset_ESC50\audio\audio\1-155858-A-25.wav,SPEECH
C:\Users\Fatih\Desktop\TUBITAK\Airport_Noise\Dataset_ESC50\audio\audio\1-155858-B-25.wav,SPEECH
C:\Users\Fatih\Desktop\TUBITAK\Airport_Noise\Dataset_ESC50\audio\audio\1-155858-C-25.wav,SPEECH
C:\Users\Fatih\Desktop\TUBITAK\Airport_Noise\Dataset_ESC50\audio\audio\1-155858-D-25.wav,SPEECH
C:\Users\Fatih\Desktop\TUBITAK\Airport_Noise\Dataset_ESC50\audio\audio\1-155858-E-25.wav,SPEECH
C:\Users\Fatih\Desktop\TUBITAK\Airport_Noise\Dataset_ESC50\audio\audio\1-155858-F-25.wav,SPEECH
C:\Users\Fatih\Desktop\TUBITAK\Airport_Noise\Dataset_ESC50\audio\audio\1-17124-A-43.wav,TRAFFIC
C:\Users\Fatih\Desktop\TUBITAK\Airport_Noise\Dataset_ESC50\audio\audio\1-172649-A-40.wav,AIRCRAFT
C:\Users\Fatih\Desktop\TUBITAK\Airport_Noise\Dataset_ESC50\audio\audio\1-172649-B-40.wav,AIRCRAFT
C:\Users\Fatih\Desktop\TUBITAK\Airport_Noise\Dataset_ESC50\audio\audio\1-172649-C-40.wav,AIRCRAFT
C:\Users\Fatih\Desktop\TUBITAK\Airport_Noise\Dataset_ESC50\audio\audio\1-172649-D-40.wav,AIRCRAFT
C:\Users\Fatih\Desktop\TUBITAK\Airport_Noise\Dataset_ESC50\audio\audio\1-172649-E-40.wav,AIRCRAFT
C:\Users\Fatih\Desktop\TUBITAK\Airport_Noise\Dataset_ESC50\audio\audio\1-172649-F-40.wav,AIRCRAFT
C:\Users\Fatih\Desktop\TUBITAK\Airport_Noise\Dataset_ESC50\audio\audio\1-17367-A-10.wav,WIND
C:\Users\Fatih\Desktop\TUBITAK\Airport_Noise\Dataset_ESC50\audio\audio\1-1791-A-26.wav,SPEECH
C:\Users\Fatih\Desktop\TUBITAK\Airport_Noise\Dataset_ESC50\audio\audio\1-181071-A-40.wav,AIRCRAFT
C:\Users\Fatih\Desktop\TUBITAK\Airport_Noise\Dataset_ESC50\audio\audio\1-181071-B-40.wav,AIRCRAFT
C:\Users\Fatih\Desktop\TUBITAK\Airport_Noise\Dataset_ESC50\audio\audio\1-18527-A-44.wav,TRAFFIC
C:\Users\Fatih\Desktop\TUBITAK\Airport_Noise\Dataset_ESC50\audio\audio\1-18527-B-44.wav,TRAFFIC
C:\Users\Fatih\Desktop\TUBITAK\Airport_Noise\Dataset_ESC50\audio\audio\1-187207-A-20.wav,SPEECH
C:\Users\Fatih\Desktop\TUBITAK\Airport_Noise\Dataset_ESC50\audio\audio\1-19026-A-43.wav,TRAFFIC
C:\Users\Fatih\Desktop\TUBITAK\Airport_Noise\Dataset_ESC50\audio\audio\1-211527-A-20.wav,SPEECH
C:\Users\Fatih\Desktop\TUBITAK\Airport_Noise\Dataset_ESC50\audio\audio\1-211527-B-20.wav,SPEECH
C:\Users\Fatih\Desktop\TUBITAK\Airport_Noise\Dataset_ESC50\audio\audio\1-211527-C-20.wav,SPEECH
C:\Users\Fatih\Desktop\TUBITAK\Airport_Noise\Dataset_ESC50\audio\audio\1-21189-A-10.wav,WIND
C:\Users\Fatih\Desktop\TUBITAK\Airport_Noise\Dataset_ESC50\audio\audio\1-223162-A-25.wav,SPEECH
C:\Users\Fatih\Desktop\TUBITAK\Airport_Noise\Dataset_ESC50\audio\audio\1-22694-A-20.wav,SPEECH
C:\Users\Fatih\Desktop\TUBITAK\Airport_Noise\Dataset_ESC50\audio\audio\1-22694-B-20.wav,SPEECH
C:\Users\Fatih\Desktop\TUBITAK\Airport_Noise\Dataset_ESC50\audio\audio\1-22882-A-44.wav,TRAFFIC
C:\Users\Fatih\Desktop\TUBITAK\Airport_Noise\Dataset_ESC50\audio\audio\1-23222-A-19.wav,WIND
C:\Users\Fatih\Desktop\TUBITAK\Airport_Noise\Dataset_ESC50\audio\audio\1-23222-B-19.wav,WIND
C:\Users\Fatih\Desktop\TUBITAK\Airport_Noise\Dataset_ESC50\audio\audio\1-24074-A-43.wav,TRAFFIC
C:\Users\Fatih\Desktop\TUBITAK\Airport_Noise\Dataset_ESC50\audio\audio\1-24076-A-43.wav,TRAFFIC
C:\Users\Fatih\Desktop\TUBITAK\Airport_Noise\Dataset_ESC50\audio\audio\1-24524-A-19.wav,WIND
C:\Users\Fatih\Desktop\TUBITAK\Airport_Noise\Dataset_ESC50\audio\audio\1-24524-B-19.wav,WIND
C:\Users\Fatih\Desktop\TUBITAK\Airport_Noise\Dataset_ESC50\audio\audio\1-24524-C-19.wav,WIND
C:\Users\Fatih\Desktop\TUBITAK\Airport_Noise\Dataset_ESC50\audio\audio\1-24796-A-47.wav,AIRCRAFT
C:\Users\Fatih\Desktop\TUBITAK\Airport_Noise\Dataset_ESC50\audio\audio\1-254507-A-43.wav,TRAFFIC
C:\Users\Fatih\Desktop\TUBITAK\Airport_Noise\Dataset_ESC50\audio\audio\1-26176-A-43.wav,TRAFFIC
C:\Users\Fatih\Desktop\TUBITAK\Airport_Noise\Dataset_ESC50\audio\audio\1-26177-A-43.wav,TRAFFIC
C:\Users\Fatih\Desktop\TUBITAK\Airport_Noise\Dataset_ESC50\audio\audio\1-26222-A-10.wav,WIND
C:\Users\Fatih\Desktop\TUBITAK\Airport_Noise\Dataset_ESC50\audio\audio\1-28135-A-11.wav,WIND
C:\Users\Fatih\Desktop\TUBITAK\Airport_Noise\Dataset_ESC50\audio\audio\1-28135-B-11.wav,WIND
C:\Users\Fatih\Desktop\TUBITAK\Airport_Noise\Dataset_ESC50\audio\audio\1-28808-A-43.wav,TRAFFIC
C:\Users\Fatih\Desktop\TUBITAK\Airport_Noise\Dataset_ESC50\audio\audio\1-29532-A-16.wav,WIND
C:\Users\Fatih\Desktop\TUBITAK\Airport_Noise\Dataset_ESC50\audio\audio\1-29561-A-10.wav,WIND
C:\Users\Fatih\Desktop\TUBITAK\Airport_Noise\Dataset_ESC50\audio\audio\1-30039-A-26.wav,SPEECH
C:\Users\Fatih\Desktop\TUBITAK\Airport_Noise\Dataset_ESC50\audio\audio\1-30043-A-26.wav,SPEECH
C:\Users\Fatih\Desktop\TUBITAK\Airport_Noise\Dataset_ESC50\audio\audio\1-31482-A-42.wav,TRAFFIC
C:\Users\Fatih\Desktop\TUBITAK\Airport_Noise\Dataset_ESC50\audio\audio\1-31482-B-42.wav,TRAFFIC
C:\Users\Fatih\Desktop\TUBITAK\Airport_Noise\Dataset_ESC50\audio\audio\1-33658-A-26.wav,SPEECH
C:\Users\Fatih\Desktop\TUBITAK\Airport_Noise\Dataset_ESC50\audio\audio\1-36164-A-26.wav,SPEECH
C:\Users\Fatih\Desktop\TUBITAK\Airport_Noise\Dataset_ESC50\audio\audio\1-36164-B-26.wav,SPEECH
C:\Users\Fatih\Desktop\TUBITAK\Airport_Noise\Dataset_ESC50\audio\audio\1-36929-A-47.wav,AIRCRAFT
C:\Users\Fatih\Desktop\TUBITAK\Airport_Noise\Dataset_ESC50\audio\audio\1-39901-A-11.wav,WIND
C:\Users\Fatih\Desktop\TUBITAK\Airport_Noise\Dataset_ESC50\audio\audio\1-39901-B-11.wav,WIND
C:\Users\Fatih\Desktop\TUBITAK\Airport_Noise\Dataset_ESC50\audio\audio\1-43760-A-11.wav,WIND
C:\Users\Fatih\Desktop\TUBITAK\Airport_Noise\Dataset_ESC50\audio\audio\1-43807-A-47.wav,AIRCRAFT
C:\Users\Fatih\Desktop\TUBITAK\Airport_Noise\Dataset_ESC50\audio\audio\1-43807-B-47.wav,AIRCRAFT
C:\Users\Fatih\Desktop\TUBITAK\Airport_Noise\Dataset_ESC50\audio\audio\1-43807-C-47.wav,AIRCRAFT
C:\Users\Fatih\Desktop\TUBITAK\Airport_Noise\Dataset_ESC50\audio\audio\1-43807-D-47.wav,AIRCRAFT
C:\Users\Fatih\Desktop\TUBITAK\Airport_Noise\Dataset_ESC50\audio\audio\1-47709-A-16.wav,WIND
C:\Users\Fatih\Desktop\TUBITAK\Airport_Noise\Dataset_ESC50\audio\audio\1-47714-A-16.wav,WIND
C:\Users\Fatih\Desktop\TUBITAK\Airport_Noise\Dataset_ESC50\audio\audio\1-50060-A-10.wav,WIND
C:\Users\Fatih\Desktop\TUBITAK\Airport_Noise\Dataset_ESC50\audio\audio\1-50454-A-44.wav,TRAFFIC
C:\Users\Fatih\Desktop\TUBITAK\Airport_Noise\Dataset_ESC50\audio\audio\1-50455-A-44.wav,TRAFFIC
C:\Users\Fatih\Desktop\TUBITAK\Airport_Noise\Dataset_ESC50\audio\audio\1-50661-A-44.wav,TRAFFIC
C:\Users\Fatih\Desktop\TUBITAK\Airport_Noise\Dataset_ESC50\audio\audio\1-51035-A-16.wav,WIND
C:\Users\Fatih\Desktop\TUBITAK\Airport_Noise\Dataset_ESC50\audio\audio\1-51036-A-16.wav,WIND
C:\Users\Fatih\Desktop\TUBITAK\Airport_Noise\Dataset_ESC50\audio\audio\1-51037-A-16.wav,WIND
C:\Users\Fatih\Desktop\TUBITAK\Airport_Noise\Dataset_ESC50\audio\audio\1-51147-A-25.wav,SPEECH
C:\Users\Fatih\Desktop\TUBITAK\Airport_Noise\Dataset_ESC50\audio\audio\1-53467-A-47.wav,AIRCRAFT
C:\Users\Fatih\Desktop\TUBITAK\Airport_Noise\Dataset_ESC50\audio\audio\1-54065-A-45.wav,TRAFFIC
C:\Users\Fatih\Desktop\TUBITAK\Airport_Noise\Dataset_ESC50\audio\audio\1-54065-B-45.wav,TRAFFIC
C:\Users\Fatih\Desktop\TUBITAK\Airport_Noise\Dataset_ESC50\audio\audio\1-54084-A-42.wav,TRAFFIC
C:\Users\Fatih\Desktop\TUBITAK\Airport_Noise\Dataset_ESC50\audio\audio\1-54958-A-10.wav,WIND
C:\Users\Fatih\Desktop\TUBITAK\Airport_Noise\Dataset_ESC50\audio\audio\1-56311-A-10.wav,WIND
C:\Users\Fatih\Desktop\TUBITAK\Airport_Noise\Dataset_ESC50\audio\audio\1-60997-A-20.wav,SPEECH
C:\Users\Fatih\Desktop\TUBITAK\Airport_Noise\Dataset_ESC50\audio\audio\1-60997-B-20.wav,SPEECH
C:\Users\Fatih\Desktop\TUBITAK\Airport_Noise\Dataset_ESC50\audio\audio\1-61252-A-11.wav,WIND
C:\Users\Fatih\Desktop\TUBITAK\Airport_Noise\Dataset_ESC50\audio\audio\1-61261-A-44.wav,TRAFFIC
C:\Users\Fatih\Desktop\TUBITAK\Airport_Noise\Dataset_ESC50\audio\audio\1-62509-A-45.wav,TRAFFIC
C:\Users\Fatih\Desktop\TUBITAK\Airport_Noise\Dataset_ESC50\audio\audio\1-62565-A-44.wav,TRAFFIC
C:\Users\Fatih\Desktop\TUBITAK\Airport_Noise\Dataset_ESC50\audio\audio\1-63871-A-10.wav,WIND
C:\Users\Fatih\Desktop\TUBITAK\Airport_Noise\Dataset_ESC50\audio\audio\1-64473-A-45.wav,TRAFFIC
C:\Users\Fatih\Desktop\TUBITAK\Airport_Noise\Dataset_ESC50\audio\audio\1-69760-A-16.wav,WIND
C:\Users\Fatih\Desktop\TUBITAK\Airport_Noise\Dataset_ESC50\audio\audio\1-70300-A-45.wav,TRAFFIC
C:\Users\Fatih\Desktop\TUBITAK\Airport_Noise\Dataset_ESC50\audio\audio\1-72695-A-26.wav,SPEECH
C:\Users\Fatih\Desktop\TUBITAK\Airport_Noise\Dataset_ESC50\audio\audio\1-73123-A-26.wav,SPEECH
C:\Users\Fatih\Desktop\TUBITAK\Airport_Noise\Dataset_ESC50\audio\audio\1-76831-A-42.wav,TRAFFIC
C:\Users\Fatih\Desktop\TUBITAK\Airport_Noise\Dataset_ESC50\audio\audio\1-76831-B-42.wav,TRAFFIC
C:\Users\Fatih\Desktop\TUBITAK\Airport_Noise\Dataset_ESC50\audio\audio\1-76831-C-42.wav,TRAFFIC
C:\Users\Fatih\Desktop\TUBITAK\Airport_Noise\Dataset_ESC50\audio\audio\1-76831-D-42.wav,TRAFFIC
C:\Users\Fatih\Desktop\TUBITAK\Airport_Noise\Dataset_ESC50\audio\audio\1-76831-E-42.wav,TRAFFIC
C:\Users\Fatih\Desktop\TUBITAK\Airport_Noise\Dataset_ESC50\audio\audio\1-88409-A-45.wav,TRAFFIC
C:\Users\Fatih\Desktop\TUBITAK\Airport_Noise\Dataset_ESC50\audio\audio\1-88409-B-45.wav,TRAFFIC
C:\Users\Fatih\Desktop\TUBITAK\Airport_Noise\Dataset_ESC50\audio\audio\1-91359-A-11.wav,WIND
C:\Users\Fatih\Desktop\TUBITAK\Airport_Noise\Dataset_ESC50\audio\audio\1-91359-B-11.wav,WIND
C:\Users\Fatih\Desktop\TUBITAK\Airport_Noise\Dataset_ESC50\audio\audio\1-94036-A-22.wav,SPEECH
C:\Users\Fatih\Desktop\TUBITAK\Airport_Noise\Dataset_ESC50\audio\audio\2-100648-A-43.wav,TRAFFIC
C:\Users\Fatih\Desktop\TUBITAK\Airport_Noise\Dataset_ESC50\audio\audio\2-101676-A-10.wav,WIND
C:\Users\Fatih\Desktop\TUBITAK\Airport_Noise\Dataset_ESC50\audio\audio\2-102852-A-11.wav,WIND
C:\Users\Fatih\Desktop\TUBITAK\Airport_Noise\Dataset_ESC50\audio\audio\2-104105-A-19.wav,WIND
C:\Users\Fatih\Desktop\TUBITAK\Airport_Noise\Dataset_ESC50\audio\audio\2-104105-B-19.wav,WIND
C:\Users\Fatih\Desktop\TUBITAK\Airport_Noise\Dataset_ESC50\audio\audio\2-104952-A-16.wav,WIND
C:\Users\Fatih\Desktop\TUBITAK\Airport_Noise\Dataset_ESC50\audio\audio\2-104952-B-16.wav,WIND
C:\Users\Fatih\Desktop\TUBITAK\Airport_Noise\Dataset_ESC50\audio\audio\2-105270-A-47.wav,AIRCRAFT
C:\Users\Fatih\Desktop\TUBITAK\Airport_Noise\Dataset_ESC50\audio\audio\2-106014-A-44.wav,TRAFFIC
C:\Users\Fatih\Desktop\TUBITAK\Airport_Noise\Dataset_ESC50\audio\audio\2-106015-A-44.wav,TRAFFIC
C:\Users\Fatih\Desktop\TUBITAK\Airport_Noise\Dataset_ESC50\audio\audio\2-106015-B-44.wav,TRAFFIC
C:\Users\Fatih\Desktop\TUBITAK\Airport_Noise\Dataset_ESC50\audio\audio\2-106486-A-44.wav,TRAFFIC
C:\Users\Fatih\Desktop\TUBITAK\Airport_Noise\Dataset_ESC50\audio\audio\2-106487-A-44.wav,TRAFFIC
C:\Users\Fatih\Desktop\TUBITAK\Airport_Noise\Dataset_ESC50\audio\audio\2-106849-A-47.wav,AIRCRAFT
C:\Users\Fatih\Desktop\TUBITAK\Airport_Noise\Dataset_ESC50\audio\audio\2-107228-A-44.wav,TRAFFIC
C:\Users\Fatih\Desktop\TUBITAK\Airport_Noise\Dataset_ESC50\audio\audio\2-107228-B-44.wav,TRAFFIC
C:\Users\Fatih\Desktop\TUBITAK\Airport_Noise\Dataset_ESC50\audio\audio\2-107351-A-20.wav,SPEECH
C:\Users\Fatih\Desktop\TUBITAK\Airport_Noise\Dataset_ESC50\audio\audio\2-107351-B-20.wav,SPEECH
C:\Users\Fatih\Desktop\TUBITAK\Airport_Noise\Dataset_ESC50\audio\audio\2-109371-A-16.wav,WIND
C:\Users\Fatih\Desktop\TUBITAK\Airport_Noise\Dataset_ESC50\audio\audio\2-109371-B-16.wav,WIND
C:\Users\Fatih\Desktop\TUBITAK\Airport_Noise\Dataset_ESC50\audio\audio\2-109371-C-16.wav,WIND
C:\Users\Fatih\Desktop\TUBITAK\Airport_Noise\Dataset_ESC50\audio\audio\2-109371-D-16.wav,WIND
C:\Users\Fatih\Desktop\TUBITAK\Airport_Noise\Dataset_ESC50\audio\audio\2-109374-A-16.wav,WIND
C:\Users\Fatih\Desktop\TUBITAK\Airport_Noise\Dataset_ESC50\audio\audio\2-109759-A-26.wav,SPEECH
C:\Users\Fatih\Desktop\TUBITAK\Airport_Noise\Dataset_ESC50\audio\audio\2-109759-B-26.wav,SPEECH
C:\Users\Fatih\Desktop\TUBITAK\Airport_Noise\Dataset_ESC50\audio\audio\2-117625-A-10.wav,WIND
C:\Users\Fatih\Desktop\TUBITAK\Airport_Noise\Dataset_ESC50\audio\audio\2-122066-A-45.wav,TRAFFIC
C:\Users\Fatih\Desktop\TUBITAK\Airport_Noise\Dataset_ESC50\audio\audio\2-122066-B-45.wav,TRAFFIC
C:\Users\Fatih\Desktop\TUBITAK\Airport_Noise\Dataset_ESC50\audio\audio\2-122067-A-45.wav,TRAFFIC
C:\Users\Fatih\Desktop\TUBITAK\Airport_Noise\Dataset_ESC50\audio\audio\2-122067-B-45.wav,TRAFFIC
C:\Users\Fatih\Desktop\TUBITAK\Airport_Noise\Dataset_ESC50\audio\audio\2-124662-A-11.wav,WIND
C:\Users\Fatih\Desktop\TUBITAK\Airport_Noise\Dataset_ESC50\audio\audio\2-125520-A-43.wav,TRAFFIC
C:\Users\Fatih\Desktop\TUBITAK\Airport_Noise\Dataset_ESC50\audio\audio\2-125966-A-11.wav,WIND
C:\Users\Fatih\Desktop\TUBITAK\Airport_Noise\Dataset_ESC50\audio\audio\2-128465-A-43.wav,TRAFFIC
C:\Users\Fatih\Desktop\TUBITAK\Airport_Noise\Dataset_ESC50\audio\audio\2-128465-B-43.wav,TRAFFIC
C:\Users\Fatih\Desktop\TUBITAK\Airport_Noise\Dataset_ESC50\audio\audio\2-132157-A-11.wav,WIND
C:\Users\Fatih\Desktop\TUBITAK\Airport_Noise\Dataset_ESC50\audio\audio\2-132157-B-11.wav,WIND
C:\Users\Fatih\Desktop\TUBITAK\Airport_Noise\Dataset_ESC50\audio\audio\2-133863-A-11.wav,WIND
C:\Users\Fatih\Desktop\TUBITAK\Airport_Noise\Dataset_ESC50\audio\audio\2-135649-A-45.wav,TRAFFIC
C:\Users\Fatih\Desktop\TUBITAK\Airport_Noise\Dataset_ESC50\audio\audio\2-135649-B-45.wav,TRAFFIC
C:\Users\Fatih\Desktop\TUBITAK\Airport_Noise\Dataset_ESC50\audio\audio\2-135649-C-45.wav,TRAFFIC
C:\Users\Fatih\Desktop\TUBITAK\Airport_Noise\Dataset_ESC50\audio\audio\2-137162-A-11.wav,WIND
C:\Users\Fatih\Desktop\TUBITAK\Airport_Noise\Dataset_ESC50\audio\audio\2-138465-A-43.wav,TRAFFIC
C:\Users\Fatih\Desktop\TUBITAK\Airport_Noise\Dataset_ESC50\audio\audio\2-144137-A-43.wav,TRAFFIC
C:\Users\Fatih\Desktop\TUBITAK\Airport_Noise\Dataset_ESC50\audio\audio\2-151079-A-20.wav,SPEECH
C:\Users\Fatih\Desktop\TUBITAK\Airport_Noise\Dataset_ESC50\audio\audio\2-155801-A-11.wav,WIND
C:\Users\Fatih\Desktop\TUBITAK\Airport_Noise\Dataset_ESC50\audio\audio\2-160888-A-47.wav,AIRCRAFT
C:\Users\Fatih\Desktop\TUBITAK\Airport_Noise\Dataset_ESC50\audio\audio\2-188822-A-40.wav,AIRCRAFT
C:\Users\Fatih\Desktop\TUBITAK\Airport_Noise\Dataset_ESC50\audio\audio\2-188822-B-40.wav,AIRCRAFT
C:\Users\Fatih\Desktop\TUBITAK\Airport_Noise\Dataset_ESC50\audio\audio\2-188822-C-40.wav,AIRCRAFT
C:\Users\Fatih\Desktop\TUBITAK\Airport_Noise\Dataset_ESC50\audio\audio\2-188822-D-40.wav,AIRCRAFT
C:\Users\Fatih\Desktop\TUBITAK\Airport_Noise\Dataset_ESC50\audio\audio\2-205966-A-16.wav,WIND
C:\Users\Fatih\Desktop\TUBITAK\Airport_Noise\Dataset_ESC50\audio\audio\2-209471-A-25.wav,SPEECH
C:\Users\Fatih\Desktop\TUBITAK\Airport_Noise\Dataset_ESC50\audio\audio\2-209472-A-25.wav,SPEECH
C:\Users\Fatih\Desktop\TUBITAK\Airport_Noise\Dataset_ESC50\audio\audio\2-209473-A-25.wav,SPEECH
C:\Users\Fatih\Desktop\TUBITAK\Airport_Noise\Dataset_ESC50\audio\audio\2-209474-A-25.wav,SPEECH
C:\Users\Fatih\Desktop\TUBITAK\Airport_Noise\Dataset_ESC50\audio\audio\2-209475-A-25.wav,SPEECH
C:\Users\Fatih\Desktop\TUBITAK\Airport_Noise\Dataset_ESC50\audio\audio\2-209476-A-25.wav,SPEECH
C:\Users\Fatih\Desktop\TUBITAK\Airport_Noise\Dataset_ESC50\audio\audio\2-209477-A-25.wav,SPEECH
C:\Users\Fatih\Desktop\TUBITAK\Airport_Noise\Dataset_ESC50\audio\audio\2-209478-A-25.wav,SPEECH
C:\Users\Fatih\Desktop\TUBITAK\Airport_Noise\Dataset_ESC50\audio\audio\2-25292-A-22.wav,SPEECH
C:\Users\Fatih\Desktop\TUBITAK\Airport_Noise\Dataset_ESC50\audio\audio\2-25293-A-22.wav,SPEECH
C:\Users\Fatih\Desktop\TUBITAK\Airport_Noise\Dataset_ESC50\audio\audio\2-262579-A-45.wav,TRAFFIC
C:\Users\Fatih\Desktop\TUBITAK\Airport_Noise\Dataset_ESC50\audio\audio\2-37806-A-40.wav,AIRCRAFT
C:\Users\Fatih\Desktop\TUBITAK\Airport_Noise\Dataset_ESC50\audio\audio\2-37806-B-40.wav,AIRCRAFT
C:\Users\Fatih\Desktop\TUBITAK\Airport_Noise\Dataset_ESC50\audio\audio\2-37806-C-40.wav,AIRCRAFT
C:\Users\Fatih\Desktop\TUBITAK\Airport_Noise\Dataset_ESC50\audio\audio\2-37806-D-40.wav,AIRCRAFT
C:\Users\Fatih\Desktop\TUBITAK\Airport_Noise\Dataset_ESC50\audio\audio\2-39441-A-19.wav,WIND
C:\Users\Fatih\Desktop\TUBITAK\Airport_Noise\Dataset_ESC50\audio\audio\2-39443-A-19.wav,WIND
C:\Users\Fatih\Desktop\TUBITAK\Airport_Noise\Dataset_ESC50\audio\audio\2-39443-B-19.wav,WIND
C:\Users\Fatih\Desktop\TUBITAK\Airport_Noise\Dataset_ESC50\audio\audio\2-39945-A-19.wav,WIND
C:\Users\Fatih\Desktop\TUBITAK\Airport_Noise\Dataset_ESC50\audio\audio\2-39945-B-19.wav,WIND
C:\Users\Fatih\Desktop\TUBITAK\Airport_Noise\Dataset_ESC50\audio\audio\2-39945-C-19.wav,WIND
C:\Users\Fatih\Desktop\TUBITAK\Airport_Noise\Dataset_ESC50\audio\audio\2-42101-A-43.wav,TRAFFIC
C:\Users\Fatih\Desktop\TUBITAK\Airport_Noise\Dataset_ESC50\audio\audio\2-43802-A-42.wav,TRAFFIC
C:\Users\Fatih\Desktop\TUBITAK\Airport_Noise\Dataset_ESC50\audio\audio\2-43806-A-42.wav,TRAFFIC
C:\Users\Fatih\Desktop\TUBITAK\Airport_Noise\Dataset_ESC50\audio\audio\2-50665-A-20.wav,SPEECH
C:\Users\Fatih\Desktop\TUBITAK\Airport_Noise\Dataset_ESC50\audio\audio\2-50666-A-20.wav,SPEECH
C:\Users\Fatih\Desktop\TUBITAK\Airport_Noise\Dataset_ESC50\audio\audio\2-54086-A-43.wav,TRAFFIC
C:\Users\Fatih\Desktop\TUBITAK\Airport_Noise\Dataset_ESC50\audio\audio\2-57733-A-22.wav,SPEECH
C:\Users\Fatih\Desktop\TUBITAK\Airport_Noise\Dataset_ESC50\audio\audio\2-60791-A-26.wav,SPEECH
C:\Users\Fatih\Desktop\TUBITAK\Airport_Noise\Dataset_ESC50\audio\audio\2-60794-A-26.wav,SPEECH
C:\Users\Fatih\Desktop\TUBITAK\Airport_Noise\Dataset_ESC50\audio\audio\2-60795-A-26.wav,SPEECH
C:\Users\Fatih\Desktop\TUBITAK\Airport_Noise\Dataset_ESC50\audio\audio\2-60900-A-22.wav,SPEECH
C:\Users\Fatih\Desktop\TUBITAK\Airport_Noise\Dataset_ESC50\audio\audio\2-62226-A-26.wav,SPEECH
C:\Users\Fatih\Desktop\TUBITAK\Airport_Noise\Dataset_ESC50\audio\audio\2-66637-A-20.wav,SPEECH
C:\Users\Fatih\Desktop\TUBITAK\Airport_Noise\Dataset_ESC50\audio\audio\2-66637-B-20.wav,SPEECH
C:\Users\Fatih\Desktop\TUBITAK\Airport_Noise\Dataset_ESC50\audio\audio\2-70052-A-42.wav,TRAFFIC
C:\Users\Fatih\Desktop\TUBITAK\Airport_Noise\Dataset_ESC50\audio\audio\2-70052-B-42.wav,TRAFFIC
C:\Users\Fatih\Desktop\TUBITAK\Airport_Noise\Dataset_ESC50\audio\audio\2-70936-A-42.wav,TRAFFIC
C:\Users\Fatih\Desktop\TUBITAK\Airport_Noise\Dataset_ESC50\audio\audio\2-70938-A-42.wav,TRAFFIC
C:\Users\Fatih\Desktop\TUBITAK\Airport_Noise\Dataset_ESC50\audio\audio\2-70939-A-42.wav,TRAFFIC
C:\Users\Fatih\Desktop\TUBITAK\Airport_Noise\Dataset_ESC50\audio\audio\2-72688-A-42.wav,TRAFFIC
C:\Users\Fatih\Desktop\TUBITAK\Airport_Noise\Dataset_ESC50\audio\audio\2-72970-A-10.wav,WIND
C:\Users\Fatih\Desktop\TUBITAK\Airport_Noise\Dataset_ESC50\audio\audio\2-73027-A-10.wav,WIND
C:\Users\Fatih\Desktop\TUBITAK\Airport_Noise\Dataset_ESC50\audio\audio\2-73260-A-10.wav,WIND
C:\Users\Fatih\Desktop\TUBITAK\Airport_Noise\Dataset_ESC50\audio\audio\2-74361-A-47.wav,AIRCRAFT
C:\Users\Fatih\Desktop\TUBITAK\Airport_Noise\Dataset_ESC50\audio\audio\2-76408-A-22.wav,SPEECH
C:\Users\Fatih\Desktop\TUBITAK\Airport_Noise\Dataset_ESC50\audio\audio\2-76408-B-22.wav,SPEECH
C:\Users\Fatih\Desktop\TUBITAK\Airport_Noise\Dataset_ESC50\audio\audio\2-76408-C-22.wav,SPEECH
C:\Users\Fatih\Desktop\TUBITAK\Airport_Noise\Dataset_ESC50\audio\audio\2-76408-D-22.wav,SPEECH
C:\Users\Fatih\Desktop\TUBITAK\Airport_Noise\Dataset_ESC50\audio\audio\2-78651-A-44.wav,TRAFFIC
C:\Users\Fatih\Desktop\TUBITAK\Airport_Noise\Dataset_ESC50\audio\audio\2-78781-A-47.wav,AIRCRAFT
C:\Users\Fatih\Desktop\TUBITAK\Airport_Noise\Dataset_ESC50\audio\audio\2-78799-A-47.wav,AIRCRAFT
C:\Users\Fatih\Desktop\TUBITAK\Airport_Noise\Dataset_ESC50\audio\audio\2-79769-A-26.wav,SPEECH
C:\Users\Fatih\Desktop\TUBITAK\Airport_Noise\Dataset_ESC50\audio\audio\2-79775-A-26.wav,SPEECH
C:\Users\Fatih\Desktop\TUBITAK\Airport_Noise\Dataset_ESC50\audio\audio\2-80482-A-20.wav,SPEECH
C:\Users\Fatih\Desktop\TUBITAK\Airport_Noise\Dataset_ESC50\audio\audio\2-81731-A-10.wav,WIND
C:\Users\Fatih\Desktop\TUBITAK\Airport_Noise\Dataset_ESC50\audio\audio\2-82367-A-10.wav,WIND
C:\Users\Fatih\Desktop\TUBITAK\Airport_Noise\Dataset_ESC50\audio\audio\2-87781-A-10.wav,WIND
C:\Users\Fatih\Desktop\TUBITAK\Airport_Noise\Dataset_ESC50\audio\audio\2-96654-A-47.wav,AIRCRAFT
C:\Users\Fatih\Desktop\TUBITAK\Airport_Noise\Dataset_ESC50\audio\audio\2-98866-A-47.wav,AIRCRAFT
C:\Users\Fatih\Desktop\TUBITAK\Airport_Noise\Dataset_ESC50\audio\audio\3-103050-A-19.wav,WIND
C:\Users\Fatih\Desktop\TUBITAK\Airport_Noise\Dataset_ESC50\audio\audio\3-103051-A-19.wav,WIND
C:\Users\Fatih\Desktop\TUBITAK\Airport_Noise\Dataset_ESC50\audio\audio\3-103051-B-19.wav,WIND
C:\Users\Fatih\Desktop\TUBITAK\Airport_Noise\Dataset_ESC50\audio\audio\3-103051-C-19.wav,WIND
C:\Users\Fatih\Desktop\TUBITAK\Airport_Noise\Dataset_ESC50\audio\audio\3-103597-A-25.wav,SPEECH
C:\Users\Fatih\Desktop\TUBITAK\Airport_Noise\Dataset_ESC50\audio\audio\3-103598-A-25.wav,SPEECH
C:\Users\Fatih\Desktop\TUBITAK\Airport_Noise\Dataset_ESC50\audio\audio\3-103599-A-25.wav,SPEECH
C:\Users\Fatih\Desktop\TUBITAK\Airport_Noise\Dataset_ESC50\audio\audio\3-103599-B-25.wav,SPEECH
C:\Users\Fatih\Desktop\TUBITAK\Airport_Noise\Dataset_ESC50\audio\audio\3-107123-A-26.wav,SPEECH
C:\Users\Fatih\Desktop\TUBITAK\Airport_Noise\Dataset_ESC50\audio\audio\3-110536-A-26.wav,SPEECH
C:\Users\Fatih\Desktop\TUBITAK\Airport_Noise\Dataset_ESC50\audio\audio\3-115382-A-44.wav,TRAFFIC
C:\Users\Fatih\Desktop\TUBITAK\Airport_Noise\Dataset_ESC50\audio\audio\3-115387-A-47.wav,AIRCRAFT
C:\Users\Fatih\Desktop\TUBITAK\Airport_Noise\Dataset_ESC50\audio\audio\3-115387-B-47.wav,AIRCRAFT
C:\Users\Fatih\Desktop\TUBITAK\Airport_Noise\Dataset_ESC50\audio\audio\3-115387-C-47.wav,AIRCRAFT
C:\Users\Fatih\Desktop\TUBITAK\Airport_Noise\Dataset_ESC50\audio\audio\3-117504-A-16.wav,WIND
C:\Users\Fatih\Desktop\TUBITAK\Airport_Noise\Dataset_ESC50\audio\audio\3-117504-B-16.wav,WIND
C:\Users\Fatih\Desktop\TUBITAK\Airport_Noise\Dataset_ESC50\audio\audio\3-118487-A-26.wav,SPEECH
C:\Users\Fatih\Desktop\TUBITAK\Airport_Noise\Dataset_ESC50\audio\audio\3-119455-A-44.wav,TRAFFIC
C:\Users\Fatih\Desktop\TUBITAK\Airport_Noise\Dataset_ESC50\audio\audio\3-119459-A-26.wav,SPEECH
C:\Users\Fatih\Desktop\TUBITAK\Airport_Noise\Dataset_ESC50\audio\audio\3-123224-A-19.wav,WIND
C:\Users\Fatih\Desktop\TUBITAK\Airport_Noise\Dataset_ESC50\audio\audio\3-124600-A-19.wav,WIND
C:\Users\Fatih\Desktop\TUBITAK\Airport_Noise\Dataset_ESC50\audio\audio\3-126113-A-26.wav,SPEECH
C:\Users\Fatih\Desktop\TUBITAK\Airport_Noise\Dataset_ESC50\audio\audio\3-128160-A-44.wav,TRAFFIC
C:\Users\Fatih\Desktop\TUBITAK\Airport_Noise\Dataset_ESC50\audio\audio\3-128512-A-47.wav,AIRCRAFT
C:\Users\Fatih\Desktop\TUBITAK\Airport_Noise\Dataset_ESC50\audio\audio\3-128512-B-47.wav,AIRCRAFT
C:\Users\Fatih\Desktop\TUBITAK\Airport_Noise\Dataset_ESC50\audio\audio\3-130330-A-22.wav,SPEECH
C:\Users\Fatih\Desktop\TUBITAK\Airport_Noise\Dataset_ESC50\audio\audio\3-132747-A-26.wav,SPEECH
C:\Users\Fatih\Desktop\TUBITAK\Airport_Noise\Dataset_ESC50\audio\audio\3-132852-A-10.wav,WIND
C:\Users\Fatih\Desktop\TUBITAK\Airport_Noise\Dataset_ESC50\audio\audio\3-134699-A-16.wav,WIND
C:\Users\Fatih\Desktop\TUBITAK\Airport_Noise\Dataset_ESC50\audio\audio\3-134699-B-16.wav,WIND
C:\Users\Fatih\Desktop\TUBITAK\Airport_Noise\Dataset_ESC50\audio\audio\3-134699-C-16.wav,WIND
C:\Users\Fatih\Desktop\TUBITAK\Airport_Noise\Dataset_ESC50\audio\audio\3-135650-A-45.wav,TRAFFIC
C:\Users\Fatih\Desktop\TUBITAK\Airport_Noise\Dataset_ESC50\audio\audio\3-135650-B-45.wav,TRAFFIC
C:\Users\Fatih\Desktop\TUBITAK\Airport_Noise\Dataset_ESC50\audio\audio\3-136451-A-45.wav,TRAFFIC
C:\Users\Fatih\Desktop\TUBITAK\Airport_Noise\Dataset_ESC50\audio\audio\3-136608-A-16.wav,WIND
C:\Users\Fatih\Desktop\TUBITAK\Airport_Noise\Dataset_ESC50\audio\audio\3-138114-A-22.wav,SPEECH
C:\Users\Fatih\Desktop\TUBITAK\Airport_Noise\Dataset_ESC50\audio\audio\3-138212-A-45.wav,TRAFFIC
C:\Users\Fatih\Desktop\TUBITAK\Airport_Noise\Dataset_ESC50\audio\audio\3-140774-A-10.wav,WIND
C:\Users\Fatih\Desktop\TUBITAK\Airport_Noise\Dataset_ESC50\audio\audio\3-141240-A-44.wav,TRAFFIC
C:\Users\Fatih\Desktop\TUBITAK\Airport_Noise\Dataset_ESC50\audio\audio\3-141240-B-44.wav,TRAFFIC
C:\Users\Fatih\Desktop\TUBITAK\Airport_Noise\Dataset_ESC50\audio\audio\3-141559-A-45.wav,TRAFFIC
C:\Users\Fatih\Desktop\TUBITAK\Airport_Noise\Dataset_ESC50\audio\audio\3-142005-A-10.wav,WIND
C:\Users\Fatih\Desktop\TUBITAK\Airport_Noise\Dataset_ESC50\audio\audio\3-142006-A-10.wav,WIND
C:\Users\Fatih\Desktop\TUBITAK\Airport_Noise\Dataset_ESC50\audio\audio\3-143560-A-47.wav,AIRCRAFT
C:\Users\Fatih\Desktop\TUBITAK\Airport_Noise\Dataset_ESC50\audio\audio\3-143562-A-47.wav,AIRCRAFT
C:\Users\Fatih\Desktop\TUBITAK\Airport_Noise\Dataset_ESC50\audio\audio\3-143929-A-10.wav,WIND
C:\Users\Fatih\Desktop\TUBITAK\Airport_Noise\Dataset_ESC50\audio\audio\3-144827-A-11.wav,WIND
C:\Users\Fatih\Desktop\TUBITAK\Airport_Noise\Dataset_ESC50\audio\audio\3-144827-B-11.wav,WIND
C:\Users\Fatih\Desktop\TUBITAK\Airport_Noise\Dataset_ESC50\audio\audio\3-144891-A-19.wav,WIND
C:\Users\Fatih\Desktop\TUBITAK\Airport_Noise\Dataset_ESC50\audio\audio\3-144891-B-19.wav,WIND
C:\Users\Fatih\Desktop\TUBITAK\Airport_Noise\Dataset_ESC50\audio\audio\3-145577-A-43.wav,TRAFFIC
C:\Users\Fatih\Desktop\TUBITAK\Airport_Noise\Dataset_ESC50\audio\audio\3-146186-A-44.wav,TRAFFIC
C:\Users\Fatih\Desktop\TUBITAK\Airport_Noise\Dataset_ESC50\audio\audio\3-146697-A-43.wav,TRAFFIC
C:\Users\Fatih\Desktop\TUBITAK\Airport_Noise\Dataset_ESC50\audio\audio\3-149465-A-22.wav,SPEECH
C:\Users\Fatih\Desktop\TUBITAK\Airport_Noise\Dataset_ESC50\audio\audio\3-150979-A-40.wav,AIRCRAFT
C:\Users\Fatih\Desktop\TUBITAK\Airport_Noise\Dataset_ESC50\audio\audio\3-150979-B-40.wav,AIRCRAFT
C:\Users\Fatih\Desktop\TUBITAK\Airport_Noise\Dataset_ESC50\audio\audio\3-150979-C-40.wav,AIRCRAFT
C:\Users\Fatih\Desktop\TUBITAK\Airport_Noise\Dataset_ESC50\audio\audio\3-151080-A-20.wav,SPEECH
C:\Users\Fatih\Desktop\TUBITAK\Airport_Noise\Dataset_ESC50\audio\audio\3-151081-A-20.wav,SPEECH
C:\Users\Fatih\Desktop\TUBITAK\Airport_Noise\Dataset_ESC50\audio\audio\3-151081-B-20.wav,SPEECH
C:\Users\Fatih\Desktop\TUBITAK\Airport_Noise\Dataset_ESC50\audio\audio\3-152007-A-20.wav,SPEECH
C:\Users\Fatih\Desktop\TUBITAK\Airport_Noise\Dataset_ESC50\audio\audio\3-152007-B-20.wav,SPEECH
C:\Users\Fatih\Desktop\TUBITAK\Airport_Noise\Dataset_ESC50\audio\audio\3-152007-C-20.wav,SPEECH
C:\Users\Fatih\Desktop\TUBITAK\Airport_Noise\Dataset_ESC50\audio\audio\3-152007-D-20.wav,SPEECH
C:\Users\Fatih\Desktop\TUBITAK\Airport_Noise\Dataset_ESC50\audio\audio\3-152007-E-20.wav,SPEECH
C:\Users\Fatih\Desktop\TUBITAK\Airport_Noise\Dataset_ESC50\audio\audio\3-152912-A-26.wav,SPEECH
C:\Users\Fatih\Desktop\TUBITAK\Airport_Noise\Dataset_ESC50\audio\audio\3-152997-A-26.wav,SPEECH
C:\Users\Fatih\Desktop\TUBITAK\Airport_Noise\Dataset_ESC50\audio\audio\3-153057-A-43.wav,TRAFFIC
C:\Users\Fatih\Desktop\TUBITAK\Airport_Noise\Dataset_ESC50\audio\audio\3-154758-A-44.wav,TRAFFIC
C:\Users\Fatih\Desktop\TUBITAK\Airport_Noise\Dataset_ESC50\audio\audio\3-154926-A-40.wav,AIRCRAFT
C:\Users\Fatih\Desktop\TUBITAK\Airport_Noise\Dataset_ESC50\audio\audio\3-154926-B-40.wav,AIRCRAFT
C:\Users\Fatih\Desktop\TUBITAK\Airport_Noise\Dataset_ESC50\audio\audio\3-155130-A-43.wav,TRAFFIC
C:\Users\Fatih\Desktop\TUBITAK\Airport_Noise\Dataset_ESC50\audio\audio\3-155234-A-43.wav,TRAFFIC
C:\Users\Fatih\Desktop\TUBITAK\Airport_Noise\Dataset_ESC50\audio\audio\3-155642-A-11.wav,WIND
C:\Users\Fatih\Desktop\TUBITAK\Airport_Noise\Dataset_ESC50\audio\audio\3-155642-B-11.wav,WIND
C:\Users\Fatih\Desktop\TUBITAK\Airport_Noise\Dataset_ESC50\audio\audio\3-157149-A-10.wav,WIND
C:\Users\Fatih\Desktop\TUBITAK\Airport_Noise\Dataset_ESC50\audio\audio\3-157487-A-10.wav,WIND
C:\Users\Fatih\Desktop\TUBITAK\Airport_Noise\Dataset_ESC50\audio\audio\3-157492-A-45.wav,TRAFFIC
C:\Users\Fatih\Desktop\TUBITAK\Airport_Noise\Dataset_ESC50\audio\audio\3-157615-A-10.wav,WIND
C:\Users\Fatih\Desktop\TUBITAK\Airport_Noise\Dataset_ESC50\audio\audio\3-159445-A-45.wav,TRAFFIC
C:\Users\Fatih\Desktop\TUBITAK\Airport_Noise\Dataset_ESC50\audio\audio\3-159445-B-45.wav,TRAFFIC
C:\Users\Fatih\Desktop\TUBITAK\Airport_Noise\Dataset_ESC50\audio\audio\3-161010-A-43.wav,TRAFFIC
C:\Users\Fatih\Desktop\TUBITAK\Airport_Noise\Dataset_ESC50\audio\audio\3-164120-A-11.wav,WIND
C:\Users\Fatih\Desktop\TUBITAK\Airport_Noise\Dataset_ESC50\audio\audio\3-164630-A-11.wav,WIND
C:\Users\Fatih\Desktop\TUBITAK\Airport_Noise\Dataset_ESC50\audio\audio\3-166422-A-11.wav,WIND
C:\Users\Fatih\Desktop\TUBITAK\Airport_Noise\Dataset_ESC50\audio\audio\3-174840-A-43.wav,TRAFFIC
C:\Users\Fatih\Desktop\TUBITAK\Airport_Noise\Dataset_ESC50\audio\audio\3-177082-A-22.wav,SPEECH
C:\Users\Fatih\Desktop\TUBITAK\Airport_Noise\Dataset_ESC50\audio\audio\3-177083-A-22.wav,SPEECH
C:\Users\Fatih\Desktop\TUBITAK\Airport_Noise\Dataset_ESC50\audio\audio\3-181278-A-22.wav,SPEECH
C:\Users\Fatih\Desktop\TUBITAK\Airport_Noise\Dataset_ESC50\audio\audio\3-187710-A-11.wav,WIND
C:\Users\Fatih\Desktop\TUBITAK\Airport_Noise\Dataset_ESC50\audio\audio\3-193767-A-47.wav,AIRCRAFT
C:\Users\Fatih\Desktop\TUBITAK\Airport_Noise\Dataset_ESC50\audio\audio\3-197435-A-22.wav,SPEECH
C:\Users\Fatih\Desktop\TUBITAK\Airport_Noise\Dataset_ESC50\audio\audio\3-197435-B-22.wav,SPEECH
C:\Users\Fatih\Desktop\TUBITAK\Airport_Noise\Dataset_ESC50\audio\audio\3-243726-A-43.wav,TRAFFIC
C:\Users\Fatih\Desktop\TUBITAK\Airport_Noise\Dataset_ESC50\audio\audio\3-246513-A-16.wav,WIND
C:\Users\Fatih\Desktop\TUBITAK\Airport_Noise\Dataset_ESC50\audio\audio\3-246513-B-16.wav,WIND
C:\Users\Fatih\Desktop\TUBITAK\Airport_Noise\Dataset_ESC50\audio\audio\3-249913-A-25.wav,SPEECH
C:\Users\Fatih\Desktop\TUBITAK\Airport_Noise\Dataset_ESC50\audio\audio\3-259622-A-44.wav,TRAFFIC
C:\Users\Fatih\Desktop\TUBITAK\Airport_Noise\Dataset_ESC50\audio\audio\3-51376-A-42.wav,TRAFFIC
C:\Users\Fatih\Desktop\TUBITAK\Airport_Noise\Dataset_ESC50\audio\audio\3-51731-A-42.wav,TRAFFIC
C:\Users\Fatih\Desktop\TUBITAK\Airport_Noise\Dataset_ESC50\audio\audio\3-51731-B-42.wav,TRAFFIC
C:\Users\Fatih\Desktop\TUBITAK\Airport_Noise\Dataset_ESC50\audio\audio\3-51909-A-42.wav,TRAFFIC
C:\Users\Fatih\Desktop\TUBITAK\Airport_Noise\Dataset_ESC50\audio\audio\3-51909-B-42.wav,TRAFFIC
C:\Users\Fatih\Desktop\TUBITAK\Airport_Noise\Dataset_ESC50\audio\audio\3-58772-A-42.wav,TRAFFIC
C:\Users\Fatih\Desktop\TUBITAK\Airport_Noise\Dataset_ESC50\audio\audio\3-62878-A-42.wav,TRAFFIC
C:\Users\Fatih\Desktop\TUBITAK\Airport_Noise\Dataset_ESC50\audio\audio\3-62878-B-42.wav,TRAFFIC
C:\Users\Fatih\Desktop\TUBITAK\Airport_Noise\Dataset_ESC50\audio\audio\3-68630-A-40.wav,AIRCRAFT
C:\Users\Fatih\Desktop\TUBITAK\Airport_Noise\Dataset_ESC50\audio\audio\3-68630-B-40.wav,AIRCRAFT
C:\Users\Fatih\Desktop\TUBITAK\Airport_Noise\Dataset_ESC50\audio\audio\3-68630-C-40.wav,AIRCRAFT
C:\Users\Fatih\Desktop\TUBITAK\Airport_Noise\Dataset_ESC50\audio\audio\3-94342-A-25.wav,SPEECH
C:\Users\Fatih\Desktop\TUBITAK\Airport_Noise\Dataset_ESC50\audio\audio\3-94343-A-25.wav,SPEECH
C:\Users\Fatih\Desktop\TUBITAK\Airport_Noise\Dataset_ESC50\audio\audio\3-94344-A-25.wav,SPEECH
C:\Users\Fatih\Desktop\TUBITAK\Airport_Noise\Dataset_ESC50\audio\audio\4-102871-A-42.wav,TRAFFIC
C:\Users\Fatih\Desktop\TUBITAK\Airport_Noise\Dataset_ESC50\audio\audio\4-111671-A-42.wav,TRAFFIC
C:\Users\Fatih\Desktop\TUBITAK\Airport_Noise\Dataset_ESC50\audio\audio\4-111671-B-42.wav,TRAFFIC
C:\Users\Fatih\Desktop\TUBITAK\Airport_Noise\Dataset_ESC50\audio\audio\4-117627-A-25.wav,SPEECH
C:\Users\Fatih\Desktop\TUBITAK\Airport_Noise\Dataset_ESC50\audio\audio\4-117630-A-25.wav,SPEECH
C:\Users\Fatih\Desktop\TUBITAK\Airport_Noise\Dataset_ESC50\audio\audio\4-121532-A-42.wav,TRAFFIC
C:\Users\Fatih\Desktop\TUBITAK\Airport_Noise\Dataset_ESC50\audio\audio\4-125070-A-19.wav,WIND
C:\Users\Fatih\Desktop\TUBITAK\Airport_Noise\Dataset_ESC50\audio\audio\4-125071-A-19.wav,WIND
C:\Users\Fatih\Desktop\TUBITAK\Airport_Noise\Dataset_ESC50\audio\audio\4-125072-A-19.wav,WIND
C:\Users\Fatih\Desktop\TUBITAK\Airport_Noise\Dataset_ESC50\audio\audio\4-125072-B-19.wav,WIND
C:\Users\Fatih\Desktop\TUBITAK\Airport_Noise\Dataset_ESC50\audio\audio\4-125929-A-40.wav,AIRCRAFT
C:\Users\Fatih\Desktop\TUBITAK\Airport_Noise\Dataset_ESC50\audio\audio\4-132803-A-26.wav,SPEECH
C:\Users\Fatih\Desktop\TUBITAK\Airport_Noise\Dataset_ESC50\audio\audio\4-132810-A-26.wav,SPEECH
C:\Users\Fatih\Desktop\TUBITAK\Airport_Noise\Dataset_ESC50\audio\audio\4-132816-A-26.wav,SPEECH
C:\Users\Fatih\Desktop\TUBITAK\Airport_Noise\Dataset_ESC50\audio\audio\4-133674-A-26.wav,SPEECH
C:\Users\Fatih\Desktop\TUBITAK\Airport_Noise\Dataset_ESC50\audio\audio\4-144083-A-16.wav,WIND
C:\Users\Fatih\Desktop\TUBITAK\Airport_Noise\Dataset_ESC50\audio\audio\4-144083-B-16.wav,WIND
C:\Users\Fatih\Desktop\TUBITAK\Airport_Noise\Dataset_ESC50\audio\audio\4-144083-C-16.wav,WIND
C:\Users\Fatih\Desktop\TUBITAK\Airport_Noise\Dataset_ESC50\audio\audio\4-144085-A-16.wav,WIND
C:\Users\Fatih\Desktop\TUBITAK\Airport_Noise\Dataset_ESC50\audio\audio\4-155670-A-26.wav,SPEECH
C:\Users\Fatih\Desktop\TUBITAK\Airport_Noise\Dataset_ESC50\audio\audio\4-156993-A-19.wav,WIND
C:\Users\Fatih\Desktop\TUBITAK\Airport_Noise\Dataset_ESC50\audio\audio\4-160999-A-10.wav,WIND
C:\Users\Fatih\Desktop\TUBITAK\Airport_Noise\Dataset_ESC50\audio\audio\4-161099-A-47.wav,AIRCRAFT
C:\Users\Fatih\Desktop\TUBITAK\Airport_Noise\Dataset_ESC50\audio\audio\4-161099-B-47.wav,AIRCRAFT
C:\Users\Fatih\Desktop\TUBITAK\Airport_Noise\Dataset_ESC50\audio\audio\4-161100-A-47.wav,AIRCRAFT
C:\Users\Fatih\Desktop\TUBITAK\Airport_Noise\Dataset_ESC50\audio\audio\4-161103-A-47.wav,AIRCRAFT
C:\Users\Fatih\Desktop\TUBITAK\Airport_Noise\Dataset_ESC50\audio\audio\4-161105-A-47.wav,AIRCRAFT
C:\Users\Fatih\Desktop\TUBITAK\Airport_Noise\Dataset_ESC50\audio\audio\4-161105-B-47.wav,AIRCRAFT
C:\Users\Fatih\Desktop\TUBITAK\Airport_Noise\Dataset_ESC50\audio\audio\4-161127-A-10.wav,WIND
C:\Users\Fatih\Desktop\TUBITAK\Airport_Noise\Dataset_ESC50\audio\audio\4-161519-A-19.wav,WIND
C:\Users\Fatih\Desktop\TUBITAK\Airport_Noise\Dataset_ESC50\audio\audio\4-161579-A-40.wav,AIRCRAFT
C:\Users\Fatih\Desktop\TUBITAK\Airport_Noise\Dataset_ESC50\audio\audio\4-161579-B-40.wav,AIRCRAFT
C:\Users\Fatih\Desktop\TUBITAK\Airport_Noise\Dataset_ESC50\audio\audio\4-163264-A-10.wav,WIND
C:\Users\Fatih\Desktop\TUBITAK\Airport_Noise\Dataset_ESC50\audio\audio\4-163606-A-16.wav,WIND
C:\Users\Fatih\Desktop\TUBITAK\Airport_Noise\Dataset_ESC50\audio\audio\4-163608-B-16.wav,WIND
C:\Users\Fatih\Desktop\TUBITAK\Airport_Noise\Dataset_ESC50\audio\audio\4-163609-A-16.wav,WIND
C:\Users\Fatih\Desktop\TUBITAK\Airport_Noise\Dataset_ESC50\audio\audio\4-163609-B-16.wav,WIND
C:\Users\Fatih\Desktop\TUBITAK\Airport_Noise\Dataset_ESC50\audio\audio\4-164206-A-10.wav,WIND
C:\Users\Fatih\Desktop\TUBITAK\Airport_Noise\Dataset_ESC50\audio\audio\4-164243-A-26.wav,SPEECH
C:\Users\Fatih\Desktop\TUBITAK\Airport_Noise\Dataset_ESC50\audio\audio\4-165606-A-45.wav,TRAFFIC
C:\Users\Fatih\Desktop\TUBITAK\Airport_Noise\Dataset_ESC50\audio\audio\4-165791-A-45.wav,TRAFFIC
C:\Users\Fatih\Desktop\TUBITAK\Airport_Noise\Dataset_ESC50\audio\audio\4-165791-B-45.wav,TRAFFIC
C:\Users\Fatih\Desktop\TUBITAK\Airport_Noise\Dataset_ESC50\audio\audio\4-165813-A-19.wav,WIND
C:\Users\Fatih\Desktop\TUBITAK\Airport_Noise\Dataset_ESC50\audio\audio\4-165813-B-19.wav,WIND
C:\Users\Fatih\Desktop\TUBITAK\Airport_Noise\Dataset_ESC50\audio\audio\4-165845-A-45.wav,TRAFFIC
C:\Users\Fatih\Desktop\TUBITAK\Airport_Noise\Dataset_ESC50\audio\audio\4-165845-B-45.wav,TRAFFIC
C:\Users\Fatih\Desktop\TUBITAK\Airport_Noise\Dataset_ESC50\audio\audio\4-165933-A-45.wav,TRAFFIC
C:\Users\Fatih\Desktop\TUBITAK\Airport_Noise\Dataset_ESC50\audio\audio\4-166661-A-10.wav,WIND
C:\Users\Fatih\Desktop\TUBITAK\Airport_Noise\Dataset_ESC50\audio\audio\4-167063-A-11.wav,WIND
C:\Users\Fatih\Desktop\TUBITAK\Airport_Noise\Dataset_ESC50\audio\audio\4-167063-B-11.wav,WIND
C:\Users\Fatih\Desktop\TUBITAK\Airport_Noise\Dataset_ESC50\audio\audio\4-167063-C-11.wav,WIND
C:\Users\Fatih\Desktop\TUBITAK\Airport_Noise\Dataset_ESC50\audio\audio\4-167077-A-20.wav,SPEECH
C:\Users\Fatih\Desktop\TUBITAK\Airport_Noise\Dataset_ESC50\audio\audio\4-167077-B-20.wav,SPEECH
C:\Users\Fatih\Desktop\TUBITAK\Airport_Noise\Dataset_ESC50\audio\audio\4-167077-C-20.wav,SPEECH
C:\Users\Fatih\Desktop\TUBITAK\Airport_Noise\Dataset_ESC50\audio\audio\4-167571-A-26.wav,SPEECH
C:\Users\Fatih\Desktop\TUBITAK\Airport_Noise\Dataset_ESC50\audio\audio\4-168446-A-45.wav,TRAFFIC
C:\Users\Fatih\Desktop\TUBITAK\Airport_Noise\Dataset_ESC50\audio\audio\4-171652-A-44.wav,TRAFFIC
C:\Users\Fatih\Desktop\TUBITAK\Airport_Noise\Dataset_ESC50\audio\audio\4-175000-A-40.wav,AIRCRAFT
C:\Users\Fatih\Desktop\TUBITAK\Airport_Noise\Dataset_ESC50\audio\audio\4-175000-B-40.wav,AIRCRAFT
C:\Users\Fatih\Desktop\TUBITAK\Airport_Noise\Dataset_ESC50\audio\audio\4-175000-C-40.wav,AIRCRAFT
C:\Users\Fatih\Desktop\TUBITAK\Airport_Noise\Dataset_ESC50\audio\audio\4-175845-A-43.wav,TRAFFIC
C:\Users\Fatih\Desktop\TUBITAK\Airport_Noise\Dataset_ESC50\audio\audio\4-175846-A-43.wav,TRAFFIC
C:\Users\Fatih\Desktop\TUBITAK\Airport_Noise\Dataset_ESC50\audio\audio\4-175855-A-43.wav,TRAFFIC
C:\Users\Fatih\Desktop\TUBITAK\Airport_Noise\Dataset_ESC50\audio\audio\4-175856-A-43.wav,TRAFFIC
C:\Users\Fatih\Desktop\TUBITAK\Airport_Noise\Dataset_ESC50\audio\audio\4-176631-A-43.wav,TRAFFIC
C:\Users\Fatih\Desktop\TUBITAK\Airport_Noise\Dataset_ESC50\audio\audio\4-176638-A-43.wav,TRAFFIC
C:\Users\Fatih\Desktop\TUBITAK\Airport_Noise\Dataset_ESC50\audio\audio\4-177250-A-10.wav,WIND
C:\Users\Fatih\Desktop\TUBITAK\Airport_Noise\Dataset_ESC50\audio\audio\4-178402-A-43.wav,TRAFFIC
C:\Users\Fatih\Desktop\TUBITAK\Airport_Noise\Dataset_ESC50\audio\audio\4-178881-A-45.wav,TRAFFIC
C:\Users\Fatih\Desktop\TUBITAK\Airport_Noise\Dataset_ESC50\audio\audio\4-180380-A-10.wav,WIND
C:\Users\Fatih\Desktop\TUBITAK\Airport_Noise\Dataset_ESC50\audio\audio\4-181286-A-10.wav,WIND
C:\Users\Fatih\Desktop\TUBITAK\Airport_Noise\Dataset_ESC50\audio\audio\4-181599-A-26.wav,SPEECH
C:\Users\Fatih\Desktop\TUBITAK\Airport_Noise\Dataset_ESC50\audio\audio\4-182613-A-11.wav,WIND
C:\Users\Fatih\Desktop\TUBITAK\Airport_Noise\Dataset_ESC50\audio\audio\4-182613-B-11.wav,WIND
C:\Users\Fatih\Desktop\TUBITAK\Airport_Noise\Dataset_ESC50\audio\audio\4-185575-A-20.wav,SPEECH
C:\Users\Fatih\Desktop\TUBITAK\Airport_Noise\Dataset_ESC50\audio\audio\4-185575-B-20.wav,SPEECH
C:\Users\Fatih\Desktop\TUBITAK\Airport_Noise\Dataset_ESC50\audio\audio\4-185575-C-20.wav,SPEECH
C:\Users\Fatih\Desktop\TUBITAK\Airport_Noise\Dataset_ESC50\audio\audio\4-186935-A-44.wav,TRAFFIC
C:\Users\Fatih\Desktop\TUBITAK\Airport_Noise\Dataset_ESC50\audio\audio\4-186936-A-44.wav,TRAFFIC
C:\Users\Fatih\Desktop\TUBITAK\Airport_Noise\Dataset_ESC50\audio\audio\4-186938-A-44.wav,TRAFFIC
C:\Users\Fatih\Desktop\TUBITAK\Airport_Noise\Dataset_ESC50\audio\audio\4-186940-A-44.wav,TRAFFIC
C:\Users\Fatih\Desktop\TUBITAK\Airport_Noise\Dataset_ESC50\audio\audio\4-186962-A-44.wav,TRAFFIC
C:\Users\Fatih\Desktop\TUBITAK\Airport_Noise\Dataset_ESC50\audio\audio\4-189828-A-22.wav,SPEECH
C:\Users\Fatih\Desktop\TUBITAK\Airport_Noise\Dataset_ESC50\audio\audio\4-189830-A-22.wav,SPEECH
C:\Users\Fatih\Desktop\TUBITAK\Airport_Noise\Dataset_ESC50\audio\audio\4-189832-A-22.wav,SPEECH
C:\Users\Fatih\Desktop\TUBITAK\Airport_Noise\Dataset_ESC50\audio\audio\4-189832-B-22.wav,SPEECH
C:\Users\Fatih\Desktop\TUBITAK\Airport_Noise\Dataset_ESC50\audio\audio\4-189833-A-22.wav,SPEECH
C:\Users\Fatih\Desktop\TUBITAK\Airport_Noise\Dataset_ESC50\audio\audio\4-189836-A-22.wav,SPEECH
C:\Users\Fatih\Desktop\TUBITAK\Airport_Noise\Dataset_ESC50\audio\audio\4-189838-A-22.wav,SPEECH
C:\Users\Fatih\Desktop\TUBITAK\Airport_Noise\Dataset_ESC50\audio\audio\4-191015-A-43.wav,TRAFFIC
C:\Users\Fatih\Desktop\TUBITAK\Airport_Noise\Dataset_ESC50\audio\audio\4-193480-A-40.wav,AIRCRAFT
C:\Users\Fatih\Desktop\TUBITAK\Airport_Noise\Dataset_ESC50\audio\audio\4-193480-B-40.wav,AIRCRAFT
C:\Users\Fatih\Desktop\TUBITAK\Airport_Noise\Dataset_ESC50\audio\audio\4-194979-A-25.wav,SPEECH
C:\Users\Fatih\Desktop\TUBITAK\Airport_Noise\Dataset_ESC50\audio\audio\4-194981-A-25.wav,SPEECH
C:\Users\Fatih\Desktop\TUBITAK\Airport_Noise\Dataset_ESC50\audio\audio\4-195451-A-44.wav,TRAFFIC
C:\Users\Fatih\Desktop\TUBITAK\Airport_Noise\Dataset_ESC50\audio\audio\4-195497-A-11.wav,WIND
C:\Users\Fatih\Desktop\TUBITAK\Airport_Noise\Dataset_ESC50\audio\audio\4-195497-B-11.wav,WIND
C:\Users\Fatih\Desktop\TUBITAK\Airport_Noise\Dataset_ESC50\audio\audio\4-198962-A-25.wav,SPEECH
C:\Users\Fatih\Desktop\TUBITAK\Airport_Noise\Dataset_ESC50\audio\audio\4-198962-B-25.wav,SPEECH
C:\Users\Fatih\Desktop\TUBITAK\Airport_Noise\Dataset_ESC50\audio\audio\4-201988-A-44.wav,TRAFFIC
C:\Users\Fatih\Desktop\TUBITAK\Airport_Noise\Dataset_ESC50\audio\audio\4-204618-A-11.wav,WIND
C:\Users\Fatih\Desktop\TUBITAK\Airport_Noise\Dataset_ESC50\audio\audio\4-205738-A-22.wav,SPEECH
C:\Users\Fatih\Desktop\TUBITAK\Airport_Noise\Dataset_ESC50\audio\audio\4-218304-A-25.wav,SPEECH
C:\Users\Fatih\Desktop\TUBITAK\Airport_Noise\Dataset_ESC50\audio\audio\4-218304-B-25.wav,SPEECH
C:\Users\Fatih\Desktop\TUBITAK\Airport_Noise\Dataset_ESC50\audio\audio\4-251959-A-47.wav,AIRCRAFT
C:\Users\Fatih\Desktop\TUBITAK\Airport_Noise\Dataset_ESC50\audio\audio\4-255371-A-47.wav,AIRCRAFT
C:\Users\Fatih\Desktop\TUBITAK\Airport_Noise\Dataset_ESC50\audio\audio\4-59579-A-20.wav,SPEECH
C:\Users\Fatih\Desktop\TUBITAK\Airport_Noise\Dataset_ESC50\audio\audio\4-59579-B-20.wav,SPEECH
C:\Users\Fatih\Desktop\TUBITAK\Airport_Noise\Dataset_ESC50\audio\audio\4-67358-A-42.wav,TRAFFIC
C:\Users\Fatih\Desktop\TUBITAK\Airport_Noise\Dataset_ESC50\audio\audio\4-80761-A-42.wav,TRAFFIC
C:\Users\Fatih\Desktop\TUBITAK\Airport_Noise\Dataset_ESC50\audio\audio\4-90014-A-42.wav,TRAFFIC
C:\Users\Fatih\Desktop\TUBITAK\Airport_Noise\Dataset_ESC50\audio\audio\4-90014-B-42.wav,TRAFFIC
C:\Users\Fatih\Desktop\TUBITAK\Airport_Noise\Dataset_ESC50\audio\audio\5-117118-A-42.wav,TRAFFIC
C:\Users\Fatih\Desktop\TUBITAK\Airport_Noise\Dataset_ESC50\audio\audio\5-117120-A-42.wav,TRAFFIC
C:\Users\Fatih\Desktop\TUBITAK\Airport_Noise\Dataset_ESC50\audio\audio\5-117122-A-42.wav,TRAFFIC
C:\Users\Fatih\Desktop\TUBITAK\Airport_Noise\Dataset_ESC50\audio\audio\5-117773-A-16.wav,WIND
C:\Users\Fatih\Desktop\TUBITAK\Airport_Noise\Dataset_ESC50\audio\audio\5-133989-A-42.wav,TRAFFIC
C:\Users\Fatih\Desktop\TUBITAK\Airport_Noise\Dataset_ESC50\audio\audio\5-133989-B-42.wav,TRAFFIC
C:\Users\Fatih\Desktop\TUBITAK\Airport_Noise\Dataset_ESC50\audio\audio\5-150409-A-42.wav,TRAFFIC
C:\Users\Fatih\Desktop\TUBITAK\Airport_Noise\Dataset_ESC50\audio\audio\5-151085-A-20.wav,SPEECH
C:\Users\Fatih\Desktop\TUBITAK\Airport_Noise\Dataset_ESC50\audio\audio\5-156999-A-19.wav,WIND
C:\Users\Fatih\Desktop\TUBITAK\Airport_Noise\Dataset_ESC50\audio\audio\5-156999-B-19.wav,WIND
C:\Users\Fatih\Desktop\TUBITAK\Airport_Noise\Dataset_ESC50\audio\audio\5-156999-C-19.wav,WIND
C:\Users\Fatih\Desktop\TUBITAK\Airport_Noise\Dataset_ESC50\audio\audio\5-156999-D-19.wav,WIND
C:\Users\Fatih\Desktop\TUBITAK\Airport_Noise\Dataset_ESC50\audio\audio\5-156999-E-19.wav,WIND
C:\Users\Fatih\Desktop\TUBITAK\Airport_Noise\Dataset_ESC50\audio\audio\5-157204-A-16.wav,WIND
C:\Users\Fatih\Desktop\TUBITAK\Airport_Noise\Dataset_ESC50\audio\audio\5-157204-B-16.wav,WIND
C:\Users\Fatih\Desktop\TUBITAK\Airport_Noise\Dataset_ESC50\audio\audio\5-160551-A-42.wav,TRAFFIC
C:\Users\Fatih\Desktop\TUBITAK\Airport_Noise\Dataset_ESC50\audio\audio\5-171118-A-26.wav,SPEECH
C:\Users\Fatih\Desktop\TUBITAK\Airport_Noise\Dataset_ESC50\audio\audio\5-177957-A-40.wav,AIRCRAFT
C:\Users\Fatih\Desktop\TUBITAK\Airport_Noise\Dataset_ESC50\audio\audio\5-177957-B-40.wav,AIRCRAFT
C:\Users\Fatih\Desktop\TUBITAK\Airport_Noise\Dataset_ESC50\audio\audio\5-177957-C-40.wav,AIRCRAFT
C:\Users\Fatih\Desktop\TUBITAK\Airport_Noise\Dataset_ESC50\audio\audio\5-177957-D-40.wav,AIRCRAFT
C:\Users\Fatih\Desktop\TUBITAK\Airport_Noise\Dataset_ESC50\audio\audio\5-177957-E-40.wav,AIRCRAFT
C:\Users\Fatih\Desktop\TUBITAK\Airport_Noise\Dataset_ESC50\audio\audio\5-179496-A-16.wav,WIND
C:\Users\Fatih\Desktop\TUBITAK\Airport_Noise\Dataset_ESC50\audio\audio\5-179496-B-16.wav,WIND
C:\Users\Fatih\Desktop\TUBITAK\Airport_Noise\Dataset_ESC50\audio\audio\5-179860-A-43.wav,TRAFFIC
C:\Users\Fatih\Desktop\TUBITAK\Airport_Noise\Dataset_ESC50\audio\audio\5-179863-A-43.wav,TRAFFIC
C:\Users\Fatih\Desktop\TUBITAK\Airport_Noise\Dataset_ESC50\audio\audio\5-179865-A-43.wav,TRAFFIC
C:\Users\Fatih\Desktop\TUBITAK\Airport_Noise\Dataset_ESC50\audio\audio\5-179866-A-43.wav,TRAFFIC
C:\Users\Fatih\Desktop\TUBITAK\Airport_Noise\Dataset_ESC50\audio\audio\5-179868-A-43.wav,TRAFFIC
C:\Users\Fatih\Desktop\TUBITAK\Airport_Noise\Dataset_ESC50\audio\audio\5-180156-A-43.wav,TRAFFIC
C:\Users\Fatih\Desktop\TUBITAK\Airport_Noise\Dataset_ESC50\audio\audio\5-180156-B-43.wav,TRAFFIC
C:\Users\Fatih\Desktop\TUBITAK\Airport_Noise\Dataset_ESC50\audio\audio\5-180156-C-43.wav,TRAFFIC
C:\Users\Fatih\Desktop\TUBITAK\Airport_Noise\Dataset_ESC50\audio\audio\5-181766-A-10.wav,WIND
C:\Users\Fatih\Desktop\TUBITAK\Airport_Noise\Dataset_ESC50\audio\audio\5-184323-A-42.wav,TRAFFIC
C:\Users\Fatih\Desktop\TUBITAK\Airport_Noise\Dataset_ESC50\audio\audio\5-188495-A-19.wav,WIND
C:\Users\Fatih\Desktop\TUBITAK\Airport_Noise\Dataset_ESC50\audio\audio\5-188655-A-10.wav,WIND
C:\Users\Fatih\Desktop\TUBITAK\Airport_Noise\Dataset_ESC50\audio\audio\5-188796-A-45.wav,TRAFFIC
C:\Users\Fatih\Desktop\TUBITAK\Airport_Noise\Dataset_ESC50\audio\audio\5-188945-A-45.wav,TRAFFIC
C:\Users\Fatih\Desktop\TUBITAK\Airport_Noise\Dataset_ESC50\audio\audio\5-191131-A-40.wav,AIRCRAFT
C:\Users\Fatih\Desktop\TUBITAK\Airport_Noise\Dataset_ESC50\audio\audio\5-192191-A-19.wav,WIND
C:\Users\Fatih\Desktop\TUBITAK\Airport_Noise\Dataset_ESC50\audio\audio\5-193339-A-10.wav,WIND
C:\Users\Fatih\Desktop\TUBITAK\Airport_Noise\Dataset_ESC50\audio\audio\5-194892-A-10.wav,WIND
C:\Users\Fatih\Desktop\TUBITAK\Airport_Noise\Dataset_ESC50\audio\audio\5-195557-A-19.wav,WIND
C:\Users\Fatih\Desktop\TUBITAK\Airport_Noise\Dataset_ESC50\audio\audio\5-195710-A-10.wav,WIND
C:\Users\Fatih\Desktop\TUBITAK\Airport_Noise\Dataset_ESC50\audio\audio\5-197118-A-45.wav,TRAFFIC
C:\Users\Fatih\Desktop\TUBITAK\Airport_Noise\Dataset_ESC50\audio\audio\5-197121-A-45.wav,TRAFFIC
C:\Users\Fatih\Desktop\TUBITAK\Airport_Noise\Dataset_ESC50\audio\audio\5-197121-B-45.wav,TRAFFIC
C:\Users\Fatih\Desktop\TUBITAK\Airport_Noise\Dataset_ESC50\audio\audio\5-198321-A-10.wav,WIND
C:\Users\Fatih\Desktop\TUBITAK\Airport_Noise\Dataset_ESC50\audio\audio\5-198411-A-20.wav,SPEECH
C:\Users\Fatih\Desktop\TUBITAK\Airport_Noise\Dataset_ESC50\audio\audio\5-198411-B-20.wav,SPEECH
C:\Users\Fatih\Desktop\TUBITAK\Airport_Noise\Dataset_ESC50\audio\audio\5-198411-C-20.wav,SPEECH
C:\Users\Fatih\Desktop\TUBITAK\Airport_Noise\Dataset_ESC50\audio\audio\5-198411-D-20.wav,SPEECH
C:\Users\Fatih\Desktop\TUBITAK\Airport_Noise\Dataset_ESC50\audio\audio\5-198411-E-20.wav,SPEECH
C:\Users\Fatih\Desktop\TUBITAK\Airport_Noise\Dataset_ESC50\audio\audio\5-198411-F-20.wav,SPEECH
C:\Users\Fatih\Desktop\TUBITAK\Airport_Noise\Dataset_ESC50\audio\audio\5-198411-G-20.wav,SPEECH
C:\Users\Fatih\Desktop\TUBITAK\Airport_Noise\Dataset_ESC50\audio\audio\5-198600-A-45.wav,TRAFFIC
C:\Users\Fatih\Desktop\TUBITAK\Airport_Noise\Dataset_ESC50\audio\audio\5-199284-A-45.wav,TRAFFIC
C:\Users\Fatih\Desktop\TUBITAK\Airport_Noise\Dataset_ESC50\audio\audio\5-199284-B-45.wav,TRAFFIC
C:\Users\Fatih\Desktop\TUBITAK\Airport_Noise\Dataset_ESC50\audio\audio\5-200461-A-11.wav,WIND
C:\Users\Fatih\Desktop\TUBITAK\Airport_Noise\Dataset_ESC50\audio\audio\5-200461-B-11.wav,WIND
C:\Users\Fatih\Desktop\TUBITAK\Airport_Noise\Dataset_ESC50\audio\audio\5-202898-A-10.wav,WIND
C:\Users\Fatih\Desktop\TUBITAK\Airport_Noise\Dataset_ESC50\audio\audio\5-203739-A-10.wav,WIND
C:\Users\Fatih\Desktop\TUBITAK\Airport_Noise\Dataset_ESC50\audio\audio\5-205898-A-40.wav,AIRCRAFT
C:\Users\Fatih\Desktop\TUBITAK\Airport_Noise\Dataset_ESC50\audio\audio\5-208810-A-11.wav,WIND
C:\Users\Fatih\Desktop\TUBITAK\Airport_Noise\Dataset_ESC50\audio\audio\5-208810-B-11.wav,WIND
C:\Users\Fatih\Desktop\TUBITAK\Airport_Noise\Dataset_ESC50\audio\audio\5-209989-A-22.wav,SPEECH
C:\Users\Fatih\Desktop\TUBITAK\Airport_Noise\Dataset_ESC50\audio\audio\5-209992-A-44.wav,TRAFFIC
C:\Users\Fatih\Desktop\TUBITAK\Airport_Noise\Dataset_ESC50\audio\audio\5-209992-B-44.wav,TRAFFIC
C:\Users\Fatih\Desktop\TUBITAK\Airport_Noise\Dataset_ESC50\audio\audio\5-213077-A-11.wav,WIND
C:\Users\Fatih\Desktop\TUBITAK\Airport_Noise\Dataset_ESC50\audio\audio\5-215445-A-47.wav,AIRCRAFT
C:\Users\Fatih\Desktop\TUBITAK\Airport_Noise\Dataset_ESC50\audio\audio\5-215447-A-47.wav,AIRCRAFT
C:\Users\Fatih\Desktop\TUBITAK\Airport_Noise\Dataset_ESC50\audio\audio\5-215449-A-47.wav,AIRCRAFT
C:\Users\Fatih\Desktop\TUBITAK\Airport_Noise\Dataset_ESC50\audio\audio\5-217186-A-16.wav,WIND
C:\Users\Fatih\Desktop\TUBITAK\Airport_Noise\Dataset_ESC50\audio\audio\5-217186-B-16.wav,WIND
C:\Users\Fatih\Desktop\TUBITAK\Airport_Noise\Dataset_ESC50\audio\audio\5-217186-C-16.wav,WIND
C:\Users\Fatih\Desktop\TUBITAK\Airport_Noise\Dataset_ESC50\audio\audio\5-218494-A-22.wav,SPEECH
C:\Users\Fatih\Desktop\TUBITAK\Airport_Noise\Dataset_ESC50\audio\audio\5-219379-A-11.wav,WIND
C:\Users\Fatih\Desktop\TUBITAK\Airport_Noise\Dataset_ESC50\audio\audio\5-219379-B-11.wav,WIND
C:\Users\Fatih\Desktop\TUBITAK\Airport_Noise\Dataset_ESC50\audio\audio\5-219379-C-11.wav,WIND
C:\Users\Fatih\Desktop\TUBITAK\Airport_Noise\Dataset_ESC50\audio\audio\5-220955-A-40.wav,AIRCRAFT
C:\Users\Fatih\Desktop\TUBITAK\Airport_Noise\Dataset_ESC50\audio\audio\5-221567-A-22.wav,SPEECH
C:\Users\Fatih\Desktop\TUBITAK\Airport_Noise\Dataset_ESC50\audio\audio\5-221568-A-22.wav,SPEECH
C:\Users\Fatih\Desktop\TUBITAK\Airport_Noise\Dataset_ESC50\audio\audio\5-221950-A-22.wav,SPEECH
C:\Users\Fatih\Desktop\TUBITAK\Airport_Noise\Dataset_ESC50\audio\audio\5-232272-A-44.wav,TRAFFIC
C:\Users\Fatih\Desktop\TUBITAK\Airport_Noise\Dataset_ESC50\audio\audio\5-234263-A-25.wav,SPEECH
C:\Users\Fatih\Desktop\TUBITAK\Airport_Noise\Dataset_ESC50\audio\audio\5-234855-A-25.wav,SPEECH
C:\Users\Fatih\Desktop\TUBITAK\Airport_Noise\Dataset_ESC50\audio\audio\5-235507-A-44.wav,TRAFFIC
C:\Users\Fatih\Desktop\TUBITAK\Airport_Noise\Dataset_ESC50\audio\audio\5-235956-A-47.wav,AIRCRAFT
C:\Users\Fatih\Desktop\TUBITAK\Airport_Noise\Dataset_ESC50\audio\audio\5-240671-A-44.wav,TRAFFIC
C:\Users\Fatih\Desktop\TUBITAK\Airport_Noise\Dataset_ESC50\audio\audio\5-242932-A-26.wav,SPEECH
C:\Users\Fatih\Desktop\TUBITAK\Airport_Noise\Dataset_ESC50\audio\audio\5-242932-B-26.wav,SPEECH
C:\Users\Fatih\Desktop\TUBITAK\Airport_Noise\Dataset_ESC50\audio\audio\5-243025-A-25.wav,SPEECH
C:\Users\Fatih\Desktop\TUBITAK\Airport_Noise\Dataset_ESC50\audio\audio\5-243773-A-44.wav,TRAFFIC
C:\Users\Fatih\Desktop\TUBITAK\Airport_Noise\Dataset_ESC50\audio\audio\5-243773-B-44.wav,TRAFFIC
C:\Users\Fatih\Desktop\TUBITAK\Airport_Noise\Dataset_ESC50\audio\audio\5-243783-A-44.wav,TRAFFIC
C:\Users\Fatih\Desktop\TUBITAK\Airport_Noise\Dataset_ESC50\audio\audio\5-244310-A-25.wav,SPEECH
C:\Users\Fatih\Desktop\TUBITAK\Airport_Noise\Dataset_ESC50\audio\audio\5-244526-A-26.wav,SPEECH
C:\Users\Fatih\Desktop\TUBITAK\Airport_Noise\Dataset_ESC50\audio\audio\5-249937-A-22.wav,SPEECH
C:\Users\Fatih\Desktop\TUBITAK\Airport_Noise\Dataset_ESC50\audio\audio\5-251957-A-47.wav,AIRCRAFT
C:\Users\Fatih\Desktop\TUBITAK\Airport_Noise\Dataset_ESC50\audio\audio\5-251962-A-47.wav,AIRCRAFT
C:\Users\Fatih\Desktop\TUBITAK\Airport_Noise\Dataset_ESC50\audio\audio\5-251963-A-47.wav,AIRCRAFT
C:\Users\Fatih\Desktop\TUBITAK\Airport_Noise\Dataset_ESC50\audio\audio\5-251971-A-47.wav,AIRCRAFT
C:\Users\Fatih\Desktop\TUBITAK\Airport_Noise\Dataset_ESC50\audio\audio\5-253534-A-26.wav,SPEECH
C:\Users\Fatih\Desktop\TUBITAK\Airport_Noise\Dataset_ESC50\audio\audio\5-254160-A-22.wav,SPEECH
C:\Users\Fatih\Desktop\TUBITAK\Airport_Noise\Dataset_ESC50\audio\audio\5-259514-A-26.wav,SPEECH
C:\Users\Fatih\Desktop\TUBITAK\Airport_Noise\Dataset_ESC50\audio\audio\5-262957-A-22.wav,SPEECH
C:\Users\Fatih\Desktop\TUBITAK\Airport_Noise\Dataset_ESC50\audio\audio\5-263490-A-25.wav,SPEECH
C:\Users\Fatih\Desktop\TUBITAK\Airport_Noise\Dataset_ESC50\audio\audio\5-263491-A-25.wav,SPEECH
C:\Users\Fatih\Desktop\TUBITAK\Airport_Noise\Dataset_ESC50\audio\audio\5-263501-A-25.wav,SPEECH
C:\Users\Fatih\Desktop\TUBITAK\Airport_Noise\Dataset_ESC50\audio\audio\5-263775-A-26.wav,SPEECH
C:\Users\Fatih\Desktop\TUBITAK\Airport_Noise\Dataset_ESC50\audio\audio\5-263775-B-26.wav,SPEECH
C:\Users\Fatih\Desktop\TUBITAK\Airport_Noise\Dataset_ESC50\audio\audio\5-51149-A-25.wav,SPEECH
C:\Users\Fatih\Desktop\TUBITAK\Airport_Noise\Dataset_Airplane\audio\audio\0\000000_2022-12-08_09-05-46_0_0.wav,AIRCRAFT
C:\Users\Fatih\Desktop\TUBITAK\Airport_Noise\Dataset_Airplane\audio\audio\0\000000_2022-12-08_09-06-16_0_0.wav,AIRCRAFT
C:\Users\Fatih\Desktop\TUBITAK\Airport_Noise\Dataset_Airplane\audio\audio\0\000000_2022-12-08_09-06-46_0_0.wav,AIRCRAFT
C:\Users\Fatih\Desktop\TUBITAK\Airport_Noise\Dataset_Airplane\audio\audio\0\000000_2022-12-08_09-07-16_0_0.wav,AIRCRAFT
C:\Users\Fatih\Desktop\TUBITAK\Airport_Noise\Dataset_Airplane\audio\audio\0\000000_2022-12-08_09-07-46_0_0.wav,AIRCRAFT
C:\Users\Fatih\Desktop\TUBITAK\Airport_Noise\Dataset_Airplane\audio\audio\0\000000_2022-12-08_09-14-26_0_0.wav,AIRCRAFT
C:\Users\Fatih\Desktop\TUBITAK\Airport_Noise\Dataset_Airplane\audio\audio\0\000000_2022-12-08_09-14-56_0_0.wav,AIRCRAFT
C:\Users\Fatih\Desktop\TUBITAK\Airport_Noise\Dataset_Airplane\audio\audio\0\000000_2022-12-08_09-15-26_0_0.wav,AIRCRAFT
C:\Users\Fatih\Desktop\TUBITAK\Airport_Noise\Dataset_Airplane\audio\audio\0\000000_2022-12-08_09-15-57_0_0.wav,AIRCRAFT
C:\Users\Fatih\Desktop\TUBITAK\Airport_Noise\Dataset_Airplane\audio\audio\0\000000_2022-12-08_09-16-27_0_0.wav,AIRCRAFT
C:\Users\Fatih\Desktop\TUBITAK\Airport_Noise\Dataset_Airplane\audio\audio\0\000000_2022-12-08_09-26-37_0_0.wav,AIRCRAFT
C:\Users\Fatih\Desktop\TUBITAK\Airport_Noise\Dataset_Airplane\audio\audio\0\000000_2022-12-08_09-27-07_0_0.wav,AIRCRAFT
C:\Users\Fatih\Desktop\TUBITAK\Airport_Noise\Dataset_Airplane\audio\audio\0\000000_2022-12-08_09-31-52_0_0.wav,AIRCRAFT
C:\Users\Fatih\Desktop\TUBITAK\Airport_Noise\Dataset_Airplane\audio\audio\0\000000_2022-12-08_09-34-42_0_0.wav,AIRCRAFT
C:\Users\Fatih\Desktop\TUBITAK\Airport_Noise\Dataset_Airplane\audio\audio\0\000000_2022-12-08_09-41-13_0_0.wav,AIRCRAFT
C:\Users\Fatih\Desktop\TUBITAK\Airport_Noise\Dataset_Airplane\audio\audio\0\000000_2022-12-08_09-41-53_0_0.wav,AIRCRAFT
C:\Users\Fatih\Desktop\TUBITAK\Airport_Noise\Dataset_Airplane\audio\audio\0\000000_2022-12-08_09-43-03_0_0.wav,AIRCRAFT
C:\Users\Fatih\Desktop\TUBITAK\Airport_Noise\Dataset_Airplane\audio\audio\0\000000_2022-12-08_09-43-43_0_0.wav,AIRCRAFT
C:\Users\Fatih\Desktop\TUBITAK\Airport_Noise\Dataset_Airplane\audio\audio\0\000000_2022-12-08_09-44-18_0_0.wav,AIRCRAFT
C:\Users\Fatih\Desktop\TUBITAK\Airport_Noise\Dataset_Airplane\audio\audio\0\000000_2022-12-08_09-48-04_0_0.wav,AIRCRAFT
C:\Users\Fatih\Desktop\TUBITAK\Airport_Noise\Dataset_Airplane\audio\audio\0\000000_2022-12-08_09-51-09_0_0.wav,AIRCRAFT
C:\Users\Fatih\Desktop\TUBITAK\Airport_Noise\Dataset_Airplane\audio\audio\0\000000_2022-12-08_09-53-54_0_0.wav,AIRCRAFT
C:\Users\Fatih\Desktop\TUBITAK\Airport_Noise\Dataset_Airplane\audio\audio\0\000000_2022-12-08_10-01-59_0_0.wav,AIRCRAFT
C:\Users\Fatih\Desktop\TUBITAK\Airport_Noise\Dataset_Airplane\audio\audio\0\000000_2022-12-08_10-11-50_0_0.wav,AIRCRAFT
C:\Users\Fatih\Desktop\TUBITAK\Airport_Noise\Dataset_Airplane\audio\audio\0\000000_2022-12-08_10-19-25_0_0.wav,AIRCRAFT
C:\Users\Fatih\Desktop\TUBITAK\Airport_Noise\Dataset_Airplane\audio\audio\0\000000_2022-12-08_10-20-10_0_0.wav,AIRCRAFT
C:\Users\Fatih\Desktop\TUBITAK\Airport_Noise\Dataset_Airplane\audio\audio\0\000000_2022-12-08_10-24-40_0_0.wav,AIRCRAFT
C:\Users\Fatih\Desktop\TUBITAK\Airport_Noise\Dataset_Airplane\audio\audio\0\000000_2022-12-08_10-40-36_0_0.wav,AIRCRAFT
C:\Users\Fatih\Desktop\TUBITAK\Airport_Noise\Dataset_Airplane\audio\audio\0\000000_2022-12-08_10-41-06_0_0.wav,AIRCRAFT
C:\Users\Fatih\Desktop\TUBITAK\Airport_Noise\Dataset_Airplane\audio\audio\0\000000_2022-12-08_10-50-21_0_0.wav,AIRCRAFT
C:\Users\Fatih\Desktop\TUBITAK\Airport_Noise\Dataset_Airplane\audio\audio\0\000000_2022-12-08_10-52-11_0_0.wav,AIRCRAFT
C:\Users\Fatih\Desktop\TUBITAK\Airport_Noise\Dataset_Airplane\audio\audio\0\000000_2022-12-08_10-55-26_0_0.wav,AIRCRAFT
C:\Users\Fatih\Desktop\TUBITAK\Airport_Noise\Dataset_Airplane\audio\audio\0\000000_2022-12-08_10-59-32_0_0.wav,AIRCRAFT
C:\Users\Fatih\Desktop\TUBITAK\Airport_Noise\Dataset_Airplane\audio\audio\0\000000_2022-12-08_11-00-02_0_0.wav,AIRCRAFT
C:\Users\Fatih\Desktop\TUBITAK\Airport_Noise\Dataset_Airplane\audio\audio\0\000000_2022-12-08_11-00-37_0_0.wav,AIRCRAFT
C:\Users\Fatih\Desktop\TUBITAK\Airport_Noise\Dataset_Airplane\audio\audio\0\000000_2022-12-08_11-05-07_0_0.wav,AIRCRAFT
C:\Users\Fatih\Desktop\TUBITAK\Airport_Noise\Dataset_Airplane\audio\audio\0\000000_2022-12-08_11-05-37_0_0.wav,AIRCRAFT
C:\Users\Fatih\Desktop\TUBITAK\Airport_Noise\Dataset_Airplane\audio\audio\0\000000_2022-12-08_11-07-12_0_0.wav,AIRCRAFT
C:\Users\Fatih\Desktop\TUBITAK\Airport_Noise\Dataset_Airplane\audio\audio\0\000000_2022-12-08_11-07-47_0_0.wav,AIRCRAFT
C:\Users\Fatih\Desktop\TUBITAK\Airport_Noise\Dataset_Airplane\audio\audio\0\000000_2022-12-08_11-08-17_0_0.wav,AIRCRAFT
C:\Users\Fatih\Desktop\TUBITAK\Airport_Noise\Dataset_Airplane\audio\audio\0\000000_2022-12-08_11-08-58_0_0.wav,AIRCRAFT
C:\Users\Fatih\Desktop\TUBITAK\Airport_Noise\Dataset_Airplane\audio\audio\0\000000_2022-12-08_11-11-28_0_0.wav,AIRCRAFT
C:\Users\Fatih\Desktop\TUBITAK\Airport_Noise\Dataset_Airplane\audio\audio\0\000000_2022-12-08_11-12-08_0_0.wav,AIRCRAFT
C:\Users\Fatih\Desktop\TUBITAK\Airport_Noise\Dataset_Airplane\audio\audio\0\000000_2022-12-08_11-22-13_0_0.wav,AIRCRAFT
C:\Users\Fatih\Desktop\TUBITAK\Airport_Noise\Dataset_Airplane\audio\audio\0\000000_2022-12-08_11-23-38_0_0.wav,AIRCRAFT
C:\Users\Fatih\Desktop\TUBITAK\Airport_Noise\Dataset_Airplane\audio\audio\0\000000_2022-12-08_11-24-23_0_0.wav,AIRCRAFT
C:\Users\Fatih\Desktop\TUBITAK\Airport_Noise\Dataset_Airplane\audio\audio\0\000000_2022-12-08_11-24-53_0_0.wav,AIRCRAFT
C:\Users\Fatih\Desktop\TUBITAK\Airport_Noise\Dataset_Airplane\audio\audio\0\000000_2022-12-08_11-25-24_0_0.wav,AIRCRAFT
C:\Users\Fatih\Desktop\TUBITAK\Airport_Noise\Dataset_Airplane\audio\audio\0\000000_2022-12-08_11-25-54_0_0.wav,AIRCRAFT
C:\Users\Fatih\Desktop\TUBITAK\Airport_Noise\Dataset_Airplane\audio\audio\0\000000_2022-12-08_11-36-14_0_0.wav,AIRCRAFT
C:\Users\Fatih\Desktop\TUBITAK\Airport_Noise\Dataset_Airplane\audio\audio\0\000000_2022-12-08_11-42-09_0_0.wav,AIRCRAFT
C:\Users\Fatih\Desktop\TUBITAK\Airport_Noise\Dataset_Airplane\audio\audio\0\000000_2022-12-08_11-47-30_0_0.wav,AIRCRAFT
C:\Users\Fatih\Desktop\TUBITAK\Airport_Noise\Dataset_Airplane\audio\audio\0\000000_2022-12-08_11-54-25_0_0.wav,AIRCRAFT
C:\Users\Fatih\Desktop\TUBITAK\Airport_Noise\Dataset_Airplane\audio\audio\0\000000_2022-12-08_15-57-46_0_0.wav,AIRCRAFT
C:\Users\Fatih\Desktop\TUBITAK\Airport_Noise\Dataset_Airplane\audio\audio\0\000000_2022-12-08_15-59-41_0_0.wav,AIRCRAFT
C:\Users\Fatih\Desktop\TUBITAK\Airport_Noise\Dataset_Airplane\audio\audio\0\000000_2022-12-08_16-00-12_0_0.wav,AIRCRAFT
C:\Users\Fatih\Desktop\TUBITAK\Airport_Noise\Dataset_Airplane\audio\audio\0\000000_2022-12-08_16-00-42_0_0.wav,AIRCRAFT
C:\Users\Fatih\Desktop\TUBITAK\Airport_Noise\Dataset_Airplane\audio\audio\0\000000_2022-12-08_16-01-12_0_0.wav,AIRCRAFT
C:\Users\Fatih\Desktop\TUBITAK\Airport_Noise\Dataset_Airplane\audio\audio\0\000000_2022-12-08_16-15-47_0_0.wav,AIRCRAFT
C:\Users\Fatih\Desktop\TUBITAK\Airport_Noise\Dataset_Airplane\audio\audio\0\000000_2022-12-08_16-16-27_0_0.wav,AIRCRAFT
C:\Users\Fatih\Desktop\TUBITAK\Airport_Noise\Dataset_Airplane\audio\audio\0\000000_2022-12-08_16-17-03_0_0.wav,AIRCRAFT
C:\Users\Fatih\Desktop\TUBITAK\Airport_Noise\Dataset_Airplane\audio\audio\0\000000_2022-12-08_16-17-48_0_0.wav,AIRCRAFT
C:\Users\Fatih\Desktop\TUBITAK\Airport_Noise\Dataset_Airplane\audio\audio\0\000000_2022-12-08_16-19-53_0_0.wav,AIRCRAFT
C:\Users\Fatih\Desktop\TUBITAK\Airport_Noise\Dataset_Airplane\audio\audio\0\000000_2022-12-08_16-20-23_0_0.wav,AIRCRAFT
C:\Users\Fatih\Desktop\TUBITAK\Airport_Noise\Dataset_Airplane\audio\audio\0\000000_2022-12-08_16-22-38_0_0.wav,AIRCRAFT
C:\Users\Fatih\Desktop\TUBITAK\Airport_Noise\Dataset_Airplane\audio\audio\0\000000_2022-12-08_16-25-33_0_0.wav,AIRCRAFT
C:\Users\Fatih\Desktop\TUBITAK\Airport_Noise\Dataset_Airplane\audio\audio\0\000000_2022-12-08_16-26-03_0_0.wav,AIRCRAFT
C:\Users\Fatih\Desktop\TUBITAK\Airport_Noise\Dataset_Airplane\audio\audio\0\000000_2022-12-08_16-26-49_0_0.wav,AIRCRAFT
C:\Users\Fatih\Desktop\TUBITAK\Airport_Noise\Dataset_Airplane\audio\audio\0\000000_2022-12-08_16-27-19_0_0.wav,AIRCRAFT
C:\Users\Fatih\Desktop\TUBITAK\Airport_Noise\Dataset_Airplane\audio\audio\0\000000_2022-12-08_16-29-59_0_0.wav,AIRCRAFT
C:\Users\Fatih\Desktop\TUBITAK\Airport_Noise\Dataset_Airplane\audio\audio\0\000000_2022-12-08_16-30-34_0_0.wav,AIRCRAFT
C:\Users\Fatih\Desktop\TUBITAK\Airport_Noise\Dataset_Airplane\audio\audio\0\000000_2022-12-08_16-32-49_0_0.wav,AIRCRAFT
C:\Users\Fatih\Desktop\TUBITAK\Airport_Noise\Dataset_Airplane\audio\audio\0\000000_2022-12-08_16-35-49_0_0.wav,AIRCRAFT
C:\Users\Fatih\Desktop\TUBITAK\Airport_Noise\Dataset_Airplane\audio\audio\0\000000_2022-12-08_16-36-20_0_0.wav,AIRCRAFT
C:\Users\Fatih\Desktop\TUBITAK\Airport_Noise\Dataset_Airplane\audio\audio\0\000000_2022-12-08_16-36-50_0_0.wav,AIRCRAFT
C:\Users\Fatih\Desktop\TUBITAK\Airport_Noise\Dataset_Airplane\audio\audio\0\000000_2022-12-08_16-38-00_0_0.wav,AIRCRAFT
C:\Users\Fatih\Desktop\TUBITAK\Airport_Noise\Dataset_Airplane\audio\audio\0\000000_2022-12-08_16-39-15_0_0.wav,AIRCRAFT
C:\Users\Fatih\Desktop\TUBITAK\Airport_Noise\Dataset_Airplane\audio\audio\0\000000_2022-12-08_16-43-45_0_0.wav,AIRCRAFT
C:\Users\Fatih\Desktop\TUBITAK\Airport_Noise\Dataset_Airplane\audio\audio\0\000000_2022-12-08_16-44-35_0_0.wav,AIRCRAFT
C:\Users\Fatih\Desktop\TUBITAK\Airport_Noise\Dataset_Airplane\audio\audio\0\000000_2022-12-08_16-46-31_0_0.wav,AIRCRAFT
C:\Users\Fatih\Desktop\TUBITAK\Airport_Noise\Dataset_Airplane\audio\audio\0\000000_2022-12-08_16-47-21_0_0.wav,AIRCRAFT
C:\Users\Fatih\Desktop\TUBITAK\Airport_Noise\Dataset_Airplane\audio\audio\0\000000_2022-12-08_16-49-11_0_0.wav,AIRCRAFT
C:\Users\Fatih\Desktop\TUBITAK\Airport_Noise\Dataset_Airplane\audio\audio\0\000000_2022-12-08_16-49-41_0_0.wav,AIRCRAFT
C:\Users\Fatih\Desktop\TUBITAK\Airport_Noise\Dataset_Airplane\audio\audio\0\000000_2022-12-08_16-50-11_0_0.wav,AIRCRAFT
C:\Users\Fatih\Desktop\TUBITAK\Airport_Noise\Dataset_Airplane\audio\audio\0\000000_2022-12-08_16-51-16_0_0.wav,AIRCRAFT
C:\Users\Fatih\Desktop\TUBITAK\Airport_Noise\Dataset_Airplane\audio\audio\0\000000_2022-12-08_16-52-21_0_0.wav,AIRCRAFT
C:\Users\Fatih\Desktop\TUBITAK\Airport_Noise\Dataset_Airplane\audio\audio\0\000000_2022-12-08_16-52-51_0_0.wav,AIRCRAFT
C:\Users\Fatih\Desktop\TUBITAK\Airport_Noise\Dataset_Airplane\audio\audio\0\000000_2022-12-08_16-53-21_0_0.wav,AIRCRAFT
C:\Users\Fatih\Desktop\TUBITAK\Airport_Noise\Dataset_Airplane\audio\audio\0\000000_2022-12-08_16-53-52_0_0.wav,AIRCRAFT
C:\Users\Fatih\Desktop\TUBITAK\Airport_Noise\Dataset_Airplane\audio\audio\0\000000_2022-12-08_16-54-38_0_0.wav,AIRCRAFT
C:\Users\Fatih\Desktop\TUBITAK\Airport_Noise\Dataset_Airplane\audio\audio\0\000000_2022-12-08_16-55-08_0_0.wav,AIRCRAFT
C:\Users\Fatih\Desktop\TUBITAK\Airport_Noise\Dataset_Airplane\audio\audio\0\000000_2022-12-08_16-55-48_0_0.wav,AIRCRAFT
C:\Users\Fatih\Desktop\TUBITAK\Airport_Noise\Dataset_Airplane\audio\audio\0\000000_2022-12-08_16-57-29_0_0.wav,AIRCRAFT
C:\Users\Fatih\Desktop\TUBITAK\Airport_Noise\Dataset_Airplane\audio\audio\0\000000_2022-12-08_16-57-59_0_0.wav,AIRCRAFT
C:\Users\Fatih\Desktop\TUBITAK\Airport_Noise\Dataset_Airplane\audio\audio\0\000000_2022-12-08_16-58-29_0_0.wav,AIRCRAFT
C:\Users\Fatih\Desktop\TUBITAK\Airport_Noise\Dataset_Airplane\audio\audio\0\000000_2022-12-08_17-02-44_0_0.wav,AIRCRAFT
C:\Users\Fatih\Desktop\TUBITAK\Airport_Noise\Dataset_Airplane\audio\audio\0\000000_2022-12-08_17-03-14_0_0.wav,AIRCRAFT
C:\Users\Fatih\Desktop\TUBITAK\Airport_Noise\Dataset_Airplane\audio\audio\0\000000_2022-12-08_17-03-44_0_0.wav,AIRCRAFT
C:\Users\Fatih\Desktop\TUBITAK\Airport_Noise\Dataset_Airplane\audio\audio\0\000000_2022-12-08_17-04-15_0_0.wav,AIRCRAFT
C:\Users\Fatih\Desktop\TUBITAK\Airport_Noise\Dataset_Airplane\audio\audio\0\000000_2022-12-08_17-04-45_0_0.wav,AIRCRAFT
C:\Users\Fatih\Desktop\TUBITAK\Airport_Noise\Dataset_Airplane\audio\audio\0\000000_2022-12-08_17-05-15_0_0.wav,AIRCRAFT
C:\Users\Fatih\Desktop\TUBITAK\Airport_Noise\Dataset_Airplane\audio\audio\0\000000_2022-12-08_17-05-45_0_0.wav,AIRCRAFT
C:\Users\Fatih\Desktop\TUBITAK\Airport_Noise\Dataset_Airplane\audio\audio\0\000000_2022-12-11_09-26-35_0_0.wav,AIRCRAFT
C:\Users\Fatih\Desktop\TUBITAK\Airport_Noise\Dataset_Airplane\audio\audio\0\000000_2022-12-11_09-27-51_0_0.wav,AIRCRAFT
C:\Users\Fatih\Desktop\TUBITAK\Airport_Noise\Dataset_Airplane\audio\audio\0\000000_2022-12-11_09-28-45_0_0.wav,AIRCRAFT
C:\Users\Fatih\Desktop\TUBITAK\Airport_Noise\Dataset_Airplane\audio\audio\0\000000_2022-12-11_09-30-43_0_0.wav,AIRCRAFT
C:\Users\Fatih\Desktop\TUBITAK\Airport_Noise\Dataset_Airplane\audio\audio\0\000000_2022-12-11_09-31-33_0_0.wav,AIRCRAFT
C:\Users\Fatih\Desktop\TUBITAK\Airport_Noise\Dataset_Airplane\audio\audio\0\000000_2022-12-11_09-32-23_0_0.wav,AIRCRAFT
C:\Users\Fatih\Desktop\TUBITAK\Airport_Noise\Dataset_Airplane\audio\audio\0\000000_2022-12-11_09-33-13_0_0.wav,AIRCRAFT
C:\Users\Fatih\Desktop\TUBITAK\Airport_Noise\Dataset_Airplane\audio\audio\0\000000_2022-12-11_09-34-05_0_0.wav,AIRCRAFT
C:\Users\Fatih\Desktop\TUBITAK\Airport_Noise\Dataset_Airplane\audio\audio\0\000000_2022-12-11_09-35-30_0_0.wav,AIRCRAFT
C:\Users\Fatih\Desktop\TUBITAK\Airport_Noise\Dataset_Airplane\audio\audio\0\000000_2022-12-11_09-37-00_0_0.wav,AIRCRAFT
C:\Users\Fatih\Desktop\TUBITAK\Airport_Noise\Dataset_Airplane\audio\audio\0\000000_2022-12-11_09-38-03_0_0.wav,AIRCRAFT
C:\Users\Fatih\Desktop\TUBITAK\Airport_Noise\Dataset_Airplane\audio\audio\0\000000_2022-12-11_09-38-57_0_0.wav,AIRCRAFT
C:\Users\Fatih\Desktop\TUBITAK\Airport_Noise\Dataset_Airplane\audio\audio\0\000000_2022-12-11_09-39-47_0_0.wav,AIRCRAFT
C:\Users\Fatih\Desktop\TUBITAK\Airport_Noise\Dataset_Airplane\audio\audio\0\000000_2022-12-11_09-40-52_0_0.wav,AIRCRAFT
C:\Users\Fatih\Desktop\TUBITAK\Airport_Noise\Dataset_Airplane\audio\audio\0\000000_2022-12-11_09-41-42_0_0.wav,AIRCRAFT
C:\Users\Fatih\Desktop\TUBITAK\Airport_Noise\Dataset_Airplane\audio\audio\0\000000_2022-12-11_09-42-32_0_0.wav,AIRCRAFT
C:\Users\Fatih\Desktop\TUBITAK\Airport_Noise\Dataset_Airplane\audio\audio\0\000000_2022-12-11_09-44-24_0_0.wav,AIRCRAFT
C:\Users\Fatih\Desktop\TUBITAK\Airport_Noise\Dataset_Airplane\audio\audio\0\000000_2022-12-11_09-45-15_0_0.wav,AIRCRAFT
C:\Users\Fatih\Desktop\TUBITAK\Airport_Noise\Dataset_Airplane\audio\audio\0\000000_2022-12-11_09-46-05_0_0.wav,AIRCRAFT
C:\Users\Fatih\Desktop\TUBITAK\Airport_Noise\Dataset_Airplane\audio\audio\0\000000_2022-12-11_09-46-56_0_0.wav,AIRCRAFT
C:\Users\Fatih\Desktop\TUBITAK\Airport_Noise\Dataset_Airplane\audio\audio\0\000000_2022-12-11_09-51-00_0_0.wav,AIRCRAFT
C:\Users\Fatih\Desktop\TUBITAK\Airport_Noise\Dataset_Airplane\audio\audio\0\000000_2022-12-11_09-51-56_0_0.wav,AIRCRAFT
C:\Users\Fatih\Desktop\TUBITAK\Airport_Noise\Dataset_Airplane\audio\audio\0\000000_2022-12-11_09-53-13_0_0.wav,AIRCRAFT
C:\Users\Fatih\Desktop\TUBITAK\Airport_Noise\Dataset_Airplane\audio\audio\0\000000_2022-12-11_09-54-09_0_0.wav,AIRCRAFT
C:\Users\Fatih\Desktop\TUBITAK\Airport_Noise\Dataset_Airplane\audio\audio\0\000000_2022-12-11_09-55-16_0_0.wav,AIRCRAFT
C:\Users\Fatih\Desktop\TUBITAK\Airport_Noise\Dataset_Airplane\audio\audio\0\000000_2022-12-11_09-56-25_0_0.wav,AIRCRAFT
C:\Users\Fatih\Desktop\TUBITAK\Airport_Noise\Dataset_Airplane\audio\audio\0\000000_2022-12-11_09-57-15_0_0.wav,AIRCRAFT
C:\Users\Fatih\Desktop\TUBITAK\Airport_Noise\Dataset_Airplane\audio\audio\0\000000_2022-12-11_09-58-05_0_0.wav,AIRCRAFT
C:\Users\Fatih\Desktop\TUBITAK\Airport_Noise\Dataset_Airplane\audio\audio\0\000000_2022-12-11_10-01-10_0_0.wav,AIRCRAFT
C:\Users\Fatih\Desktop\TUBITAK\Airport_Noise\Dataset_Airplane\audio\audio\0\000000_2022-12-11_10-02-00_0_0.wav,AIRCRAFT
C:\Users\Fatih\Desktop\TUBITAK\Airport_Noise\Dataset_Airplane\audio\audio\0\000000_2022-12-11_10-02-53_0_0.wav,AIRCRAFT
C:\Users\Fatih\Desktop\TUBITAK\Airport_Noise\Dataset_Airplane\audio\audio\0\000000_2022-12-11_10-03-44_0_0.wav,AIRCRAFT
C:\Users\Fatih\Desktop\TUBITAK\Airport_Noise\Dataset_Airplane\audio\audio\0\000000_2022-12-11_10-04-48_0_0.wav,AIRCRAFT
C:\Users\Fatih\Desktop\TUBITAK\Airport_Noise\Dataset_Airplane\audio\audio\0\000000_2022-12-11_10-05-38_0_0.wav,AIRCRAFT
C:\Users\Fatih\Desktop\TUBITAK\Airport_Noise\Dataset_Airplane\audio\audio\0\000000_2022-12-11_10-06-28_0_0.wav,AIRCRAFT
C:\Users\Fatih\Desktop\TUBITAK\Airport_Noise\Dataset_Airplane\audio\audio\0\000000_2022-12-11_10-08-08_0_0.wav,AIRCRAFT
C:\Users\Fatih\Desktop\TUBITAK\Airport_Noise\Dataset_Airplane\audio\audio\0\000000_2022-12-11_10-08-58_0_0.wav,AIRCRAFT
C:\Users\Fatih\Desktop\TUBITAK\Airport_Noise\Dataset_Airplane\audio\audio\0\000000_2022-12-11_10-12-33_0_0.wav,AIRCRAFT
C:\Users\Fatih\Desktop\TUBITAK\Airport_Noise\Dataset_Airplane\audio\audio\0\000000_2022-12-11_10-16-19_0_0.wav,AIRCRAFT
C:\Users\Fatih\Desktop\TUBITAK\Airport_Noise\Dataset_Airplane\audio\audio\0\000000_2022-12-11_10-17-09_0_0.wav,AIRCRAFT
C:\Users\Fatih\Desktop\TUBITAK\Airport_Noise\Dataset_Airplane\audio\audio\0\000000_2022-12-11_10-17-59_0_0.wav,AIRCRAFT
C:\Users\Fatih\Desktop\TUBITAK\Airport_Noise\Dataset_Airplane\audio\audio\0\000000_2022-12-11_10-19-24_0_0.wav,AIRCRAFT
C:\Users\Fatih\Desktop\TUBITAK\Airport_Noise\Dataset_Airplane\audio\audio\0\000000_2022-12-11_10-20-16_0_0.wav,AIRCRAFT
C:\Users\Fatih\Desktop\TUBITAK\Airport_Noise\Dataset_Airplane\audio\audio\0\000000_2022-12-11_10-22-09_0_0.wav,AIRCRAFT
C:\Users\Fatih\Desktop\TUBITAK\Airport_Noise\Dataset_Airplane\audio\audio\0\000000_2022-12-11_10-23-53_0_0.wav,AIRCRAFT
C:\Users\Fatih\Desktop\TUBITAK\Airport_Noise\Dataset_Airplane\audio\audio\0\000000_2022-12-11_10-25-50_0_0.wav,AIRCRAFT
C:\Users\Fatih\Desktop\TUBITAK\Airport_Noise\Dataset_Airplane\audio\audio\0\000000_2022-12-11_10-26-40_0_0.wav,AIRCRAFT
C:\Users\Fatih\Desktop\TUBITAK\Airport_Noise\Dataset_Airplane\audio\audio\0\000000_2022-12-11_10-27-31_0_0.wav,AIRCRAFT
C:\Users\Fatih\Desktop\TUBITAK\Airport_Noise\Dataset_Airplane\audio\audio\0\000000_2022-12-11_10-28-21_0_0.wav,AIRCRAFT
C:\Users\Fatih\Desktop\TUBITAK\Airport_Noise\Dataset_Airplane\audio\audio\0\000000_2022-12-11_10-29-12_0_0.wav,AIRCRAFT
C:\Users\Fatih\Desktop\TUBITAK\Airport_Noise\Dataset_Airplane\audio\audio\0\000000_2022-12-11_10-30-03_0_0.wav,AIRCRAFT
C:\Users\Fatih\Desktop\TUBITAK\Airport_Noise\Dataset_Airplane\audio\audio\0\000000_2022-12-11_10-30-59_0_0.wav,AIRCRAFT
C:\Users\Fatih\Desktop\TUBITAK\Airport_Noise\Dataset_Airplane\audio\audio\0\000000_2022-12-11_10-31-56_0_0.wav,AIRCRAFT
C:\Users\Fatih\Desktop\TUBITAK\Airport_Noise\Dataset_Airplane\audio\audio\0\000000_2022-12-11_10-34-31_0_0.wav,AIRCRAFT
C:\Users\Fatih\Desktop\TUBITAK\Airport_Noise\Dataset_Airplane\audio\audio\0\000000_2022-12-11_10-36-20_0_0.wav,AIRCRAFT
C:\Users\Fatih\Desktop\TUBITAK\Airport_Noise\Dataset_Airplane\audio\audio\0\000000_2022-12-11_10-37-10_0_0.wav,AIRCRAFT
C:\Users\Fatih\Desktop\TUBITAK\Airport_Noise\Dataset_Airplane\audio\audio\0\000000_2022-12-11_10-38-00_0_0.wav,AIRCRAFT
C:\Users\Fatih\Desktop\TUBITAK\Airport_Noise\Dataset_Airplane\audio\audio\0\000000_2022-12-11_12-35-53_0_0.wav,AIRCRAFT
C:\Users\Fatih\Desktop\TUBITAK\Airport_Noise\Dataset_Airplane\audio\audio\0\000000_2022-12-11_12-36-43_0_0.wav,AIRCRAFT
C:\Users\Fatih\Desktop\TUBITAK\Airport_Noise\Dataset_Airplane\audio\audio\0\000000_2022-12-11_12-39-58_0_0.wav,AIRCRAFT
C:\Users\Fatih\Desktop\TUBITAK\Airport_Noise\Dataset_Airplane\audio\audio\0\000000_2022-12-11_12-45-59_0_0.wav,AIRCRAFT
C:\Users\Fatih\Desktop\TUBITAK\Airport_Noise\Dataset_Airplane\audio\audio\0\000000_2022-12-11_12-48-09_0_0.wav,AIRCRAFT
C:\Users\Fatih\Desktop\TUBITAK\Airport_Noise\Dataset_Airplane\audio\audio\0\000000_2022-12-11_12-49-24_0_0.wav,AIRCRAFT
C:\Users\Fatih\Desktop\TUBITAK\Airport_Noise\Dataset_Airplane\audio\audio\0\000000_2022-12-11_12-51-00_0_0.wav,AIRCRAFT
C:\Users\Fatih\Desktop\TUBITAK\Airport_Noise\Dataset_Airplane\audio\audio\0\000000_2022-12-11_12-55-30_0_0.wav,AIRCRAFT
C:\Users\Fatih\Desktop\TUBITAK\Airport_Noise\Dataset_Airplane\audio\audio\0\000000_2022-12-11_13-21-21_0_0.wav,AIRCRAFT
C:\Users\Fatih\Desktop\TUBITAK\Airport_Noise\Dataset_Airplane\audio\audio\0\000000_2022-12-11_13-22-11_0_0.wav,AIRCRAFT
C:\Users\Fatih\Desktop\TUBITAK\Airport_Noise\Dataset_Airplane\audio\audio\0\000000_2022-12-11_13-23-01_0_0.wav,AIRCRAFT
C:\Users\Fatih\Desktop\TUBITAK\Airport_Noise\Dataset_Airplane\audio\audio\0\000000_2022-12-11_13-25-26_0_0.wav,AIRCRAFT
C:\Users\Fatih\Desktop\TUBITAK\Airport_Noise\Dataset_Airplane\audio\audio\0\000000_2022-12-11_13-26-16_0_0.wav,AIRCRAFT
C:\Users\Fatih\Desktop\TUBITAK\Airport_Noise\Dataset_Airplane\audio\audio\0\000000_2022-12-11_13-27-06_0_0.wav,AIRCRAFT
C:\Users\Fatih\Desktop\TUBITAK\Airport_Noise\Dataset_Airplane\audio\audio\0\000000_2022-12-11_13-31-31_0_0.wav,AIRCRAFT
C:\Users\Fatih\Desktop\TUBITAK\Airport_Noise\Dataset_Airplane\audio\audio\0\000000_2022-12-11_13-32-21_0_0.wav,AIRCRAFT
C:\Users\Fatih\Desktop\TUBITAK\Airport_Noise\Dataset_Airplane\audio\audio\0\000000_2022-12-12_13-41-40_0_1.wav,AIRCRAFT
C:\Users\Fatih\Desktop\TUBITAK\Airport_Noise\Dataset_Airplane\audio\audio\0\000000_2022-12-12_13-48-45_0_1.wav,AIRCRAFT
C:\Users\Fatih\Desktop\TUBITAK\Airport_Noise\Dataset_Airplane\audio\audio\0\000000_2022-12-12_13-49-35_0_1.wav,AIRCRAFT
C:\Users\Fatih\Desktop\TUBITAK\Airport_Noise\Dataset_Airplane\audio\audio\0\000000_2022-12-12_13-59-10_0_1.wav,AIRCRAFT
C:\Users\Fatih\Desktop\TUBITAK\Airport_Noise\Dataset_Airplane\audio\audio\0\000000_2022-12-12_14-04-00_0_1.wav,AIRCRAFT
C:\Users\Fatih\Desktop\TUBITAK\Airport_Noise\Dataset_Airplane\audio\audio\0\000000_2022-12-12_14-04-50_0_1.wav,AIRCRAFT
C:\Users\Fatih\Desktop\TUBITAK\Airport_Noise\Dataset_Airplane\audio\audio\0\000000_2022-12-12_14-05-40_0_1.wav,AIRCRAFT
C:\Users\Fatih\Desktop\TUBITAK\Airport_Noise\Dataset_Airplane\audio\audio\0\000000_2022-12-12_14-09-12_0_1.wav,AIRCRAFT
C:\Users\Fatih\Desktop\TUBITAK\Airport_Noise\Dataset_Airplane\audio\audio\0\000000_2022-12-12_14-10-02_0_1.wav,AIRCRAFT
C:\Users\Fatih\Desktop\TUBITAK\Airport_Noise\Dataset_Airplane\audio\audio\0\000000_2022-12-12_14-10-52_0_1.wav,AIRCRAFT
C:\Users\Fatih\Desktop\TUBITAK\Airport_Noise\Dataset_Airplane\audio\audio\0\000000_2022-12-12_14-11-42_0_1.wav,AIRCRAFT
C:\Users\Fatih\Desktop\TUBITAK\Airport_Noise\Dataset_Airplane\audio\audio\0\000000_2022-12-12_14-14-48_0_1.wav,AIRCRAFT
C:\Users\Fatih\Desktop\TUBITAK\Airport_Noise\Dataset_Airplane\audio\audio\0\000000_2022-12-12_14-16-03_0_1.wav,AIRCRAFT
C:\Users\Fatih\Desktop\TUBITAK\Airport_Noise\Dataset_Airplane\audio\audio\0\000000_2022-12-12_14-16-53_0_1.wav,AIRCRAFT
C:\Users\Fatih\Desktop\TUBITAK\Airport_Noise\Dataset_Airplane\audio\audio\0\000000_2022-12-12_14-19-23_0_1.wav,AIRCRAFT
C:\Users\Fatih\Desktop\TUBITAK\Airport_Noise\Dataset_Airplane\audio\audio\0\000000_2022-12-12_14-20-14_0_1.wav,AIRCRAFT
C:\Users\Fatih\Desktop\TUBITAK\Airport_Noise\Dataset_Airplane\audio\audio\0\000000_2022-12-12_14-21-04_0_1.wav,AIRCRAFT
C:\Users\Fatih\Desktop\TUBITAK\Airport_Noise\Dataset_Airplane\audio\audio\0\000000_2022-12-12_14-21-54_0_1.wav,AIRCRAFT
C:\Users\Fatih\Desktop\TUBITAK\Airport_Noise\Dataset_Airplane\audio\audio\0\000000_2022-12-12_14-32-39_0_1.wav,AIRCRAFT
C:\Users\Fatih\Desktop\TUBITAK\Airport_Noise\Dataset_Airplane\audio\audio\0\000000_2022-12-12_14-33-30_0_1.wav,AIRCRAFT
C:\Users\Fatih\Desktop\TUBITAK\Airport_Noise\Dataset_Airplane\audio\audio\0\000000_2022-12-12_14-34-20_0_1.wav,AIRCRAFT
C:\Users\Fatih\Desktop\TUBITAK\Airport_Noise\Dataset_Airplane\audio\audio\0\000000_2022-12-12_14-35-10_0_1.wav,AIRCRAFT
C:\Users\Fatih\Desktop\TUBITAK\Airport_Noise\Dataset_Airplane\audio\audio\0\000000_2022-12-12_14-36-00_0_1.wav,AIRCRAFT
C:\Users\Fatih\Desktop\TUBITAK\Airport_Noise\Dataset_Airplane\audio\audio\0\000000_2022-12-12_14-48-35_0_1.wav,AIRCRAFT
C:\Users\Fatih\Desktop\TUBITAK\Airport_Noise\Dataset_Airplane\audio\audio\0\000000_2022-12-12_14-49-35_0_1.wav,AIRCRAFT
C:\Users\Fatih\Desktop\TUBITAK\Airport_Noise\Dataset_Airplane\audio\audio\0\000000_2022-12-12_14-50-25_0_1.wav,AIRCRAFT
C:\Users\Fatih\Desktop\TUBITAK\Airport_Noise\Dataset_Airplane\audio\audio\0\000000_2022-12-12_14-52-21_0_1.wav,AIRCRAFT
C:\Users\Fatih\Desktop\TUBITAK\Airport_Noise\Dataset_Airplane\audio\audio\0\000000_2022-12-12_14-53-11_0_1.wav,AIRCRAFT
C:\Users\Fatih\Desktop\TUBITAK\Airport_Noise\Dataset_Airplane\audio\audio\0\000000_2022-12-12_14-54-01_0_1.wav,AIRCRAFT
C:\Users\Fatih\Desktop\TUBITAK\Airport_Noise\Dataset_Airplane\audio\audio\0\000000_2022-12-12_14-54-51_0_1.wav,AIRCRAFT
C:\Users\Fatih\Desktop\TUBITAK\Airport_Noise\Dataset_Airplane\audio\audio\0\000000_2022-12-12_14-55-41_0_1.wav,AIRCRAFT
C:\Users\Fatih\Desktop\TUBITAK\Airport_Noise\Dataset_Airplane\audio\audio\0\000000_2022-12-12_14-56-41_0_1.wav,AIRCRAFT
C:\Users\Fatih\Desktop\TUBITAK\Airport_Noise\Dataset_Airplane\audio\audio\0\000000_2022-12-12_14-58-22_0_1.wav,AIRCRAFT
C:\Users\Fatih\Desktop\TUBITAK\Airport_Noise\Dataset_Airplane\audio\audio\0\000000_2022-12-12_14-59-26_0_1.wav,AIRCRAFT
C:\Users\Fatih\Desktop\TUBITAK\Airport_Noise\Dataset_Airplane\audio\audio\0\000000_2022-12-12_15-00-16_0_1.wav,AIRCRAFT
C:\Users\Fatih\Desktop\TUBITAK\Airport_Noise\Dataset_Airplane\audio\audio\0\000000_2022-12-12_15-01-06_0_1.wav,AIRCRAFT
C:\Users\Fatih\Desktop\TUBITAK\Airport_Noise\Dataset_Airplane\audio\audio\0\000000_2022-12-12_15-01-56_0_1.wav,AIRCRAFT
C:\Users\Fatih\Desktop\TUBITAK\Airport_Noise\Dataset_Airplane\audio\audio\0\000000_2022-12-12_15-02-46_0_1.wav,AIRCRAFT
C:\Users\Fatih\Desktop\TUBITAK\Airport_Noise\Dataset_Airplane\audio\audio\0\000000_2022-12-12_15-07-07_0_1.wav,AIRCRAFT
C:\Users\Fatih\Desktop\TUBITAK\Airport_Noise\Dataset_Airplane\audio\audio\0\000000_2022-12-12_15-07-57_0_1.wav,AIRCRAFT
C:\Users\Fatih\Desktop\TUBITAK\Airport_Noise\Dataset_Airplane\audio\audio\0\000000_2022-12-12_15-08-47_0_1.wav,AIRCRAFT
C:\Users\Fatih\Desktop\TUBITAK\Airport_Noise\Dataset_Airplane\audio\audio\0\000000_2022-12-12_15-09-37_0_1.wav,AIRCRAFT
C:\Users\Fatih\Desktop\TUBITAK\Airport_Noise\Dataset_Airplane\audio\audio\0\000000_2022-12-12_15-10-27_0_1.wav,AIRCRAFT
C:\Users\Fatih\Desktop\TUBITAK\Airport_Noise\Dataset_Airplane\audio\audio\0\000000_2022-12-12_15-11-17_0_1.wav,AIRCRAFT
C:\Users\Fatih\Desktop\TUBITAK\Airport_Noise\Dataset_Airplane\audio\audio\0\000000_2022-12-12_15-15-17_0_1.wav,AIRCRAFT
C:\Users\Fatih\Desktop\TUBITAK\Airport_Noise\Dataset_Airplane\audio\audio\0\000000_2022-12-12_15-16-07_0_1.wav,AIRCRAFT
C:\Users\Fatih\Desktop\TUBITAK\Airport_Noise\Dataset_Airplane\audio\audio\0\000000_2022-12-12_15-16-57_0_1.wav,AIRCRAFT
C:\Users\Fatih\Desktop\TUBITAK\Airport_Noise\Dataset_Airplane\audio\audio\0\000000_2022-12-12_15-17-47_0_1.wav,AIRCRAFT
C:\Users\Fatih\Desktop\TUBITAK\Airport_Noise\Dataset_Airplane\audio\audio\0\000000_2022-12-12_15-20-33_0_1.wav,AIRCRAFT
C:\Users\Fatih\Desktop\TUBITAK\Airport_Noise\Dataset_Airplane\audio\audio\0\000000_2022-12-12_15-21-23_0_1.wav,AIRCRAFT
C:\Users\Fatih\Desktop\TUBITAK\Airport_Noise\Dataset_Airplane\audio\audio\0\000000_2022-12-12_15-26-27_0_1.wav,AIRCRAFT
C:\Users\Fatih\Desktop\TUBITAK\Airport_Noise\Dataset_Airplane\audio\audio\0\000000_2022-12-12_15-30-10_0_1.wav,AIRCRAFT
C:\Users\Fatih\Desktop\TUBITAK\Airport_Noise\Dataset_Airplane\audio\audio\0\000000_2022-12-12_15-31-00_0_1.wav,AIRCRAFT
C:\Users\Fatih\Desktop\TUBITAK\Airport_Noise\Dataset_Airplane\audio\audio\0\000000_2022-12-12_15-35-35_0_1.wav,AIRCRAFT
C:\Users\Fatih\Desktop\TUBITAK\Airport_Noise\Dataset_Airplane\audio\audio\0\000000_2022-12-12_15-36-37_0_1.wav,AIRCRAFT
C:\Users\Fatih\Desktop\TUBITAK\Airport_Noise\Dataset_Airplane\audio\audio\0\000000_2022-12-12_15-37-49_0_1.wav,AIRCRAFT
C:\Users\Fatih\Desktop\TUBITAK\Airport_Noise\Dataset_Airplane\audio\audio\0\000000_2022-12-12_15-40-39_0_1.wav,AIRCRAFT
C:\Users\Fatih\Desktop\TUBITAK\Airport_Noise\Dataset_Airplane\audio\audio\0\000000_2022-12-12_15-43-11_0_1.wav,AIRCRAFT
C:\Users\Fatih\Desktop\TUBITAK\Airport_Noise\Dataset_Airplane\audio\audio\0\000000_2022-12-12_15-46-18_0_1.wav,AIRCRAFT
C:\Users\Fatih\Desktop\TUBITAK\Airport_Noise\Dataset_Airplane\audio\audio\0\000000_2022-12-12_15-47-54_0_1.wav,AIRCRAFT
C:\Users\Fatih\Desktop\TUBITAK\Airport_Noise\Dataset_Airplane\audio\audio\0\000000_2022-12-12_15-50-17_0_1.wav,AIRCRAFT
C:\Users\Fatih\Desktop\TUBITAK\Airport_Noise\Dataset_Airplane\audio\audio\0\000000_2022-12-12_15-51-07_0_1.wav,AIRCRAFT
C:\Users\Fatih\Desktop\TUBITAK\Airport_Noise\Dataset_Airplane\audio\audio\0\000000_2022-12-12_15-54-07_0_1.wav,AIRCRAFT
C:\Users\Fatih\Desktop\TUBITAK\Airport_Noise\Dataset_Airplane\audio\audio\0\000000_2022-12-15_12-27-11_0_1.wav,AIRCRAFT
C:\Users\Fatih\Desktop\TUBITAK\Airport_Noise\Dataset_Airplane\audio\audio\0\000000_2022-12-15_12-38-07_0_1.wav,AIRCRAFT
C:\Users\Fatih\Desktop\TUBITAK\Airport_Noise\Dataset_Airplane\audio\audio\0\000000_2022-12-15_12-39-32_0_1.wav,AIRCRAFT
C:\Users\Fatih\Desktop\TUBITAK\Airport_Noise\Dataset_Airplane\audio\audio\0\000000_2022-12-15_12-41-02_0_1.wav,AIRCRAFT
C:\Users\Fatih\Desktop\TUBITAK\Airport_Noise\Dataset_Airplane\audio\audio\0\000000_2022-12-15_12-41-52_0_1.wav,AIRCRAFT
C:\Users\Fatih\Desktop\TUBITAK\Airport_Noise\Dataset_Airplane\audio\audio\0\000000_2022-12-15_12-42-42_0_1.wav,AIRCRAFT
C:\Users\Fatih\Desktop\TUBITAK\Airport_Noise\Dataset_Airplane\audio\audio\0\000000_2022-12-15_12-43-57_0_1.wav,AIRCRAFT
C:\Users\Fatih\Desktop\TUBITAK\Airport_Noise\Dataset_Airplane\audio\audio\0\000000_2022-12-15_12-52-28_0_1.wav,AIRCRAFT
C:\Users\Fatih\Desktop\TUBITAK\Airport_Noise\Dataset_Airplane\audio\audio\0\000000_2022-12-15_12-53-58_0_1.wav,AIRCRAFT
C:\Users\Fatih\Desktop\TUBITAK\Airport_Noise\Dataset_Airplane\audio\audio\0\000000_2022-12-15_12-55-13_0_1.wav,AIRCRAFT
C:\Users\Fatih\Desktop\TUBITAK\Airport_Noise\Dataset_Airplane\audio\audio\0\000000_2022-12-15_12-56-08_0_1.wav,AIRCRAFT
C:\Users\Fatih\Desktop\TUBITAK\Airport_Noise\Dataset_Airplane\audio\audio\0\000000_2022-12-15_12-56-58_0_1.wav,AIRCRAFT
C:\Users\Fatih\Desktop\TUBITAK\Airport_Noise\Dataset_Airplane\audio\audio\0\000000_2022-12-15_12-58-53_0_1.wav,AIRCRAFT
C:\Users\Fatih\Desktop\TUBITAK\Airport_Noise\Dataset_Airplane\audio\audio\0\000000_2022-12-15_13-00-16_0_1.wav,AIRCRAFT
C:\Users\Fatih\Desktop\TUBITAK\Airport_Noise\Dataset_Airplane\audio\audio\0\000000_2022-12-15_13-01-21_0_1.wav,AIRCRAFT
C:\Users\Fatih\Desktop\TUBITAK\Airport_Noise\Dataset_Airplane\audio\audio\0\000000_2022-12-15_13-02-11_0_1.wav,AIRCRAFT
C:\Users\Fatih\Desktop\TUBITAK\Airport_Noise\Dataset_Airplane\audio\audio\0\000000_2022-12-15_13-03-46_0_1.wav,AIRCRAFT
C:\Users\Fatih\Desktop\TUBITAK\Airport_Noise\Dataset_Airplane\audio\audio\0\000000_2022-12-15_13-04-36_0_1.wav,AIRCRAFT
C:\Users\Fatih\Desktop\TUBITAK\Airport_Noise\Dataset_Airplane\audio\audio\0\000000_2022-12-15_13-11-41_0_1.wav,AIRCRAFT
C:\Users\Fatih\Desktop\TUBITAK\Airport_Noise\Dataset_Airplane\audio\audio\0\000000_2022-12-15_13-15-56_0_1.wav,AIRCRAFT
C:\Users\Fatih\Desktop\TUBITAK\Airport_Noise\Dataset_Airplane\audio\audio\0\000000_2022-12-15_13-23-42_0_1.wav,AIRCRAFT
C:\Users\Fatih\Desktop\TUBITAK\Airport_Noise\Dataset_Airplane\audio\audio\0\000000_2022-12-15_13-24-32_0_1.wav,AIRCRAFT
C:\Users\Fatih\Desktop\TUBITAK\Airport_Noise\Dataset_Airplane\audio\audio\0\000000_2022-12-15_13-25-22_0_1.wav,AIRCRAFT
C:\Users\Fatih\Desktop\TUBITAK\Airport_Noise\Dataset_Airplane\audio\audio\0\000000_2022-12-15_13-26-12_0_1.wav,AIRCRAFT
C:\Users\Fatih\Desktop\TUBITAK\Airport_Noise\Dataset_Airplane\audio\audio\0\000000_2022-12-15_13-27-02_0_1.wav,AIRCRAFT
C:\Users\Fatih\Desktop\TUBITAK\Airport_Noise\Dataset_Airplane\audio\audio\0\000000_2022-12-15_13-27-52_0_1.wav,AIRCRAFT
C:\Users\Fatih\Desktop\TUBITAK\Airport_Noise\Dataset_Airplane\audio\audio\0\000000_2022-12-15_13-28-57_0_1.wav,AIRCRAFT
C:\Users\Fatih\Desktop\TUBITAK\Airport_Noise\Dataset_Airplane\audio\audio\0\000000_2022-12-15_13-34-33_0_1.wav,AIRCRAFT
C:\Users\Fatih\Desktop\TUBITAK\Airport_Noise\Dataset_Airplane\audio\audio\0\000000_2022-12-15_13-35-23_0_1.wav,AIRCRAFT
C:\Users\Fatih\Desktop\TUBITAK\Airport_Noise\Dataset_Airplane\audio\audio\0\000000_2022-12-15_13-36-13_0_1.wav,AIRCRAFT
C:\Users\Fatih\Desktop\TUBITAK\Airport_Noise\Dataset_Airplane\audio\audio\0\000000_2022-12-15_13-37-03_0_1.wav,AIRCRAFT
C:\Users\Fatih\Desktop\TUBITAK\Airport_Noise\Dataset_Airplane\audio\audio\0\000000_2022-12-15_13-46-23_0_1.wav,AIRCRAFT
C:\Users\Fatih\Desktop\TUBITAK\Airport_Noise\Dataset_Airplane\audio\audio\0\000000_2022-12-15_13-47-18_0_1.wav,AIRCRAFT
C:\Users\Fatih\Desktop\TUBITAK\Airport_Noise\Dataset_Airplane\audio\audio\0\000000_2022-12-15_13-48-08_0_1.wav,AIRCRAFT
C:\Users\Fatih\Desktop\TUBITAK\Airport_Noise\Dataset_Airplane\audio\audio\0\000000_2022-12-15_13-51-59_0_1.wav,AIRCRAFT
C:\Users\Fatih\Desktop\TUBITAK\Airport_Noise\Dataset_Airplane\audio\audio\0\000000_2022-12-15_13-52-49_0_1.wav,AIRCRAFT
C:\Users\Fatih\Desktop\TUBITAK\Airport_Noise\Dataset_Airplane\audio\audio\0\000000_2022-12-15_13-57-19_0_1.wav,AIRCRAFT
C:\Users\Fatih\Desktop\TUBITAK\Airport_Noise\Dataset_Airplane\audio\audio\0\000000_2022-12-15_13-58-09_0_1.wav,AIRCRAFT
C:\Users\Fatih\Desktop\TUBITAK\Airport_Noise\Dataset_Airplane\audio\audio\0\000000_2022-12-15_13-58-59_0_1.wav,AIRCRAFT
C:\Users\Fatih\Desktop\TUBITAK\Airport_Noise\Dataset_Airplane\audio\audio\0\000000_2022-12-15_13-59-59_0_1.wav,AIRCRAFT
C:\Users\Fatih\Desktop\TUBITAK\Airport_Noise\Dataset_Airplane\audio\audio\0\000000_2022-12-15_14-00-54_0_1.wav,AIRCRAFT
C:\Users\Fatih\Desktop\TUBITAK\Airport_Noise\Dataset_Airplane\audio\audio\0\000000_2022-12-15_14-01-44_0_1.wav,AIRCRAFT
C:\Users\Fatih\Desktop\TUBITAK\Airport_Noise\Dataset_Airplane\audio\audio\0\000000_2022-12-15_14-02-34_0_1.wav,AIRCRAFT
C:\Users\Fatih\Desktop\TUBITAK\Airport_Noise\Dataset_Airplane\audio\audio\0\000000_2022-12-15_14-03-24_0_1.wav,AIRCRAFT
C:\Users\Fatih\Desktop\TUBITAK\Airport_Noise\Dataset_Airplane\audio\audio\0\000000_2022-12-15_14-08-35_0_1.wav,AIRCRAFT
C:\Users\Fatih\Desktop\TUBITAK\Airport_Noise\Dataset_Airplane\audio\audio\0\000000_2022-12-15_14-09-25_0_1.wav,AIRCRAFT
C:\Users\Fatih\Desktop\TUBITAK\Airport_Noise\Dataset_Airplane\audio\audio\0\000000_2022-12-15_14-10-15_0_1.wav,AIRCRAFT
C:\Users\Fatih\Desktop\TUBITAK\Airport_Noise\Dataset_Airplane\audio\audio\0\000000_2022-12-15_14-11-10_0_1.wav,AIRCRAFT
C:\Users\Fatih\Desktop\TUBITAK\Airport_Noise\Dataset_Airplane\audio\audio\0\000000_2022-12-15_14-12-35_0_1.wav,AIRCRAFT
C:\Users\Fatih\Desktop\TUBITAK\Airport_Noise\Dataset_Airplane\audio\audio\0\000000_2022-12-15_14-13-25_0_1.wav,AIRCRAFT
C:\Users\Fatih\Desktop\TUBITAK\Airport_Noise\Dataset_Airplane\audio\audio\0\000000_2022-12-15_14-18-10_0_1.wav,AIRCRAFT
C:\Users\Fatih\Desktop\TUBITAK\Airport_Noise\Dataset_Airplane\audio\audio\0\000000_2022-12-15_14-21-06_0_1.wav,AIRCRAFT
C:\Users\Fatih\Desktop\TUBITAK\Airport_Noise\Dataset_Airplane\audio\audio\0\000000_2022-12-15_14-21-56_0_1.wav,AIRCRAFT
C:\Users\Fatih\Desktop\TUBITAK\Airport_Noise\Dataset_Airplane\audio\audio\0\000000_2022-12-15_14-22-46_0_1.wav,AIRCRAFT
C:\Users\Fatih\Desktop\TUBITAK\Airport_Noise\Dataset_Airplane\audio\audio\0\000000_2022-12-15_14-31-21_0_1.wav,AIRCRAFT
C:\Users\Fatih\Desktop\TUBITAK\Airport_Noise\Dataset_Airplane\audio\audio\0\000000_2022-12-15_14-32-11_0_1.wav,AIRCRAFT
C:\Users\Fatih\Desktop\TUBITAK\Airport_Noise\Dataset_Airplane\audio\audio\0\000000_2022-12-15_14-33-01_0_1.wav,AIRCRAFT
C:\Users\Fatih\Desktop\TUBITAK\Airport_Noise\Dataset_Airplane\audio\audio\0\000000_2022-12-15_14-33-51_0_1.wav,AIRCRAFT
C:\Users\Fatih\Desktop\TUBITAK\Airport_Noise\Dataset_Airplane\audio\audio\0\000000_2022-12-15_14-34-41_0_1.wav,AIRCRAFT
C:\Users\Fatih\Desktop\TUBITAK\Airport_Noise\Dataset_Airplane\audio\audio\0\000000_2023-03-01_13-33-54_1_1.wav,AIRCRAFT
C:\Users\Fatih\Desktop\TUBITAK\Airport_Noise\Dataset_Airplane\audio\audio\0\000000_2023-03-01_13-34-18_1_1.wav,AIRCRAFT
C:\Users\Fatih\Desktop\TUBITAK\Airport_Noise\Dataset_Airplane\audio\audio\0\000000_2023-03-01_13-34-42_1_1.wav,AIRCRAFT
C:\Users\Fatih\Desktop\TUBITAK\Airport_Noise\Dataset_Airplane\audio\audio\0\000000_2023-03-01_13-35-06_1_1.wav,AIRCRAFT
C:\Users\Fatih\Desktop\TUBITAK\Airport_Noise\Dataset_Airplane\audio\audio\0\000000_2023-03-01_13-36-43_1_1.wav,AIRCRAFT
C:\Users\Fatih\Desktop\TUBITAK\Airport_Noise\Dataset_Airplane\audio\audio\0\000000_2023-03-01_13-37-07_1_1.wav,AIRCRAFT
C:\Users\Fatih\Desktop\TUBITAK\Airport_Noise\Dataset_Airplane\audio\audio\0\000000_2023-03-01_13-39-21_1_1.wav,AIRCRAFT
C:\Users\Fatih\Desktop\TUBITAK\Airport_Noise\Dataset_Airplane\audio\audio\0\000000_2023-03-01_13-44-28_1_1.wav,AIRCRAFT
C:\Users\Fatih\Desktop\TUBITAK\Airport_Noise\Dataset_Airplane\audio\audio\0\000000_2023-03-01_13-46-05_1_1.wav,AIRCRAFT
C:\Users\Fatih\Desktop\TUBITAK\Airport_Noise\Dataset_Airplane\audio\audio\0\000000_2023-03-01_13-47-57_1_1.wav,AIRCRAFT
C:\Users\Fatih\Desktop\TUBITAK\Airport_Noise\Dataset_Airplane\audio\audio\0\000000_2023-03-01_14-19-14_1_1.wav,AIRCRAFT
C:\Users\Fatih\Desktop\TUBITAK\Airport_Noise\Dataset_Airplane\audio\audio\0\000000_2023-03-01_14-20-32_1_1.wav,AIRCRAFT
C:\Users\Fatih\Desktop\TUBITAK\Airport_Noise\Dataset_Airplane\audio\audio\0\000000_2023-03-01_14-20-56_1_1.wav,AIRCRAFT
C:\Users\Fatih\Desktop\TUBITAK\Airport_Noise\Dataset_Airplane\audio\audio\0\000000_2023-03-31_12-08-59_0_1.wav,AIRCRAFT
C:\Users\Fatih\Desktop\TUBITAK\Airport_Noise\Dataset_Airplane\audio\audio\0\000000_2023-03-31_12-15-36_0_1.wav,AIRCRAFT
C:\Users\Fatih\Desktop\TUBITAK\Airport_Noise\Dataset_Airplane\audio\audio\0\000000_2023-03-31_12-18-11_0_1.wav,AIRCRAFT
C:\Users\Fatih\Desktop\TUBITAK\Airport_Noise\Dataset_Airplane\audio\audio\0\000000_2023-03-31_12-30-45_0_1.wav,AIRCRAFT
C:\Users\Fatih\Desktop\TUBITAK\Airport_Noise\Dataset_Airplane\audio\audio\0\000000_2023-03-31_12-31-17_0_1.wav,AIRCRAFT
C:\Users\Fatih\Desktop\TUBITAK\Airport_Noise\Dataset_Airplane\audio\audio\0\000000_2023-03-31_12-31-48_0_1.wav,AIRCRAFT
C:\Users\Fatih\Desktop\TUBITAK\Airport_Noise\Dataset_Airplane\audio\audio\0\000000_2023-03-31_12-33-59_0_1.wav,AIRCRAFT
C:\Users\Fatih\Desktop\TUBITAK\Airport_Noise\Dataset_Airplane\audio\audio\0\000000_2023-03-31_12-35-17_0_1.wav,AIRCRAFT
C:\Users\Fatih\Desktop\TUBITAK\Airport_Noise\Dataset_Airplane\audio\audio\0\000000_2023-03-31_12-36-05_0_1.wav,AIRCRAFT
C:\Users\Fatih\Desktop\TUBITAK\Airport_Noise\Dataset_Airplane\audio\audio\0\000000_2023-03-31_12-36-38_0_1.wav,AIRCRAFT
C:\Users\Fatih\Desktop\TUBITAK\Airport_Noise\Dataset_Airplane\audio\audio\0\000000_2023-03-31_12-37-10_0_1.wav,AIRCRAFT
C:\Users\Fatih\Desktop\TUBITAK\Airport_Noise\Dataset_Airplane\audio\audio\0\000000_2023-04-03_08-26-34_0_1.wav,AIRCRAFT
C:\Users\Fatih\Desktop\TUBITAK\Airport_Noise\Dataset_Airplane\audio\audio\0\000000_2023-04-03_08-30-28_0_1.wav,AIRCRAFT
C:\Users\Fatih\Desktop\TUBITAK\Airport_Noise\Dataset_Airplane\audio\audio\0\000000_2023-04-03_08-32-58_0_1.wav,AIRCRAFT
C:\Users\Fatih\Desktop\TUBITAK\Airport_Noise\Dataset_Airplane\audio\audio\0\000000_2023-04-03_08-34-08_0_1.wav,AIRCRAFT
C:\Users\Fatih\Desktop\TUBITAK\Airport_Noise\Dataset_Airplane\audio\audio\0\000000_2023-04-03_08-37-43_0_1.wav,AIRCRAFT
C:\Users\Fatih\Desktop\TUBITAK\Airport_Noise\Dataset_Airplane\audio\audio\0\000000_2023-04-03_08-38-38_0_1.wav,AIRCRAFT
C:\Users\Fatih\Desktop\TUBITAK\Airport_Noise\Dataset_Airplane\audio\audio\0\000000_2023-04-03_08-40-54_0_1.wav,AIRCRAFT
C:\Users\Fatih\Desktop\TUBITAK\Airport_Noise\Dataset_Airplane\audio\audio\0\000000_2023-04-03_08-42-20_0_1.wav,AIRCRAFT
C:\Users\Fatih\Desktop\TUBITAK\Airport_Noise\Dataset_Airplane\audio\audio\0\000000_2023-04-03_08-42-51_0_1.wav,AIRCRAFT
C:\Users\Fatih\Desktop\TUBITAK\Airport_Noise\Dataset_Airplane\audio\audio\0\000000_2023-04-03_08-43-21_0_1.wav,AIRCRAFT
C:\Users\Fatih\Desktop\TUBITAK\Airport_Noise\Dataset_Airplane\audio\audio\0\000000_2023-04-03_08-43-52_0_1.wav,AIRCRAFT
C:\Users\Fatih\Desktop\TUBITAK\Airport_Noise\Dataset_Airplane\audio\audio\0\000000_2023-04-03_08-44-22_0_1.wav,AIRCRAFT
C:\Users\Fatih\Desktop\TUBITAK\Airport_Noise\Dataset_Airplane\audio\audio\0\000000_2023-04-03_08-44-53_0_1.wav,AIRCRAFT
C:\Users\Fatih\Desktop\TUBITAK\Airport_Noise\Dataset_Airplane\audio\audio\0\000000_2023-04-03_08-45-31_0_1.wav,AIRCRAFT
C:\Users\Fatih\Desktop\TUBITAK\Airport_Noise\Dataset_Airplane\audio\audio\0\000000_2023-04-03_08-46-01_0_1.wav,AIRCRAFT
C:\Users\Fatih\Desktop\TUBITAK\Airport_Noise\Dataset_Airplane\audio\audio\0\000000_2023-04-03_08-46-32_0_1.wav,AIRCRAFT
C:\Users\Fatih\Desktop\TUBITAK\Airport_Noise\Dataset_Airplane\audio\audio\0\000000_2023-04-03_08-47-06_0_1.wav,AIRCRAFT
C:\Users\Fatih\Desktop\TUBITAK\Airport_Noise\Dataset_Airplane\audio\audio\0\000000_2023-04-03_08-47-37_0_1.wav,AIRCRAFT
C:\Users\Fatih\Desktop\TUBITAK\Airport_Noise\Dataset_Airplane\audio\audio\0\000000_2023-04-03_08-49-01_0_1.wav,AIRCRAFT
C:\Users\Fatih\Desktop\TUBITAK\Airport_Noise\Dataset_Airplane\audio\audio\0\000000_2023-04-03_08-49-44_0_1.wav,AIRCRAFT
C:\Users\Fatih\Desktop\TUBITAK\Airport_Noise\Dataset_Airplane\audio\audio\0\000000_2023-04-03_08-50-14_0_1.wav,AIRCRAFT
C:\Users\Fatih\Desktop\TUBITAK\Airport_Noise\Dataset_Airplane\audio\audio\0\000000_2023-04-03_08-50-45_0_1.wav,AIRCRAFT
C:\Users\Fatih\Desktop\TUBITAK\Airport_Noise\Dataset_Airplane\audio\audio\0\000000_2023-04-03_08-51-15_0_1.wav,AIRCRAFT
C:\Users\Fatih\Desktop\TUBITAK\Airport_Noise\Dataset_Airplane\audio\audio\0\000000_2023-04-03_08-52-06_0_1.wav,AIRCRAFT
C:\Users\Fatih\Desktop\TUBITAK\Airport_Noise\Dataset_Airplane\audio\audio\0\000000_2023-04-03_08-52-52_0_1.wav,AIRCRAFT
C:\Users\Fatih\Desktop\TUBITAK\Airport_Noise\Dataset_Airplane\audio\audio\0\000000_2023-04-03_08-53-23_0_1.wav,AIRCRAFT
C:\Users\Fatih\Desktop\TUBITAK\Airport_Noise\Dataset_Airplane\audio\audio\0\000000_2023-04-03_08-53-55_0_1.wav,AIRCRAFT
C:\Users\Fatih\Desktop\TUBITAK\Airport_Noise\Dataset_Airplane\audio\audio\0\000000_2023-04-03_08-54-26_0_1.wav,AIRCRAFT
C:\Users\Fatih\Desktop\TUBITAK\Airport_Noise\Dataset_Airplane\audio\audio\0\000000_2023-04-03_08-56-05_0_1.wav,AIRCRAFT
C:\Users\Fatih\Desktop\TUBITAK\Airport_Noise\Dataset_Airplane\audio\audio\0\000000_2023-04-03_08-56-36_0_1.wav,AIRCRAFT
C:\Users\Fatih\Desktop\TUBITAK\Airport_Noise\Dataset_Airplane\audio\audio\0\000000_2023-04-03_08-57-11_0_1.wav,AIRCRAFT
C:\Users\Fatih\Desktop\TUBITAK\Airport_Noise\Dataset_Airplane\audio\audio\0\000000_2023-04-03_08-57-42_0_1.wav,AIRCRAFT
C:\Users\Fatih\Desktop\TUBITAK\Airport_Noise\Dataset_Airplane\audio\audio\0\000000_2023-04-03_08-58-12_0_1.wav,AIRCRAFT
C:\Users\Fatih\Desktop\TUBITAK\Airport_Noise\Dataset_Airplane\audio\audio\0\000000_2023-04-03_08-58-43_0_1.wav,AIRCRAFT
C:\Users\Fatih\Desktop\TUBITAK\Airport_Noise\Dataset_Airplane\audio\audio\0\000000_2023-04-04_12-42-15_0_1.wav,AIRCRAFT
C:\Users\Fatih\Desktop\TUBITAK\Airport_Noise\Dataset_Airplane\audio\audio\0\000000_2023-04-04_12-42-45_0_1.wav,AIRCRAFT
C:\Users\Fatih\Desktop\TUBITAK\Airport_Noise\Dataset_Airplane\audio\audio\0\000000_2023-04-04_12-43-15_0_1.wav,AIRCRAFT
C:\Users\Fatih\Desktop\TUBITAK\Airport_Noise\Dataset_Airplane\audio\audio\0\000000_2023-04-04_12-43-45_0_1.wav,AIRCRAFT
C:\Users\Fatih\Desktop\TUBITAK\Airport_Noise\Dataset_Airplane\audio\audio\0\000000_2023-04-04_12-44-15_0_1.wav,AIRCRAFT
C:\Users\Fatih\Desktop\TUBITAK\Airport_Noise\Dataset_Airplane\audio\audio\0\000000_2023-04-04_12-44-45_0_1.wav,AIRCRAFT
C:\Users\Fatih\Desktop\TUBITAK\Airport_Noise\Dataset_Airplane\audio\audio\0\000000_2023-04-04_12-45-15_0_1.wav,AIRCRAFT
C:\Users\Fatih\Desktop\TUBITAK\Airport_Noise\Dataset_Airplane\audio\audio\0\000000_2023-04-04_12-46-00_0_1.wav,AIRCRAFT
C:\Users\Fatih\Desktop\TUBITAK\Airport_Noise\Dataset_Airplane\audio\audio\0\000000_2023-04-04_12-46-30_0_1.wav,AIRCRAFT
C:\Users\Fatih\Desktop\TUBITAK\Airport_Noise\Dataset_Airplane\audio\audio\0\000000_2023-04-04_12-47-00_0_1.wav,AIRCRAFT
C:\Users\Fatih\Desktop\TUBITAK\Airport_Noise\Dataset_Airplane\audio\audio\0\000000_2023-04-04_13-02-59_0_1.wav,AIRCRAFT
C:\Users\Fatih\Desktop\TUBITAK\Airport_Noise\Dataset_Airplane\audio\audio\0\000000_2023-04-04_13-09-55_0_1.wav,AIRCRAFT
C:\Users\Fatih\Desktop\TUBITAK\Airport_Noise\Dataset_Airplane\audio\audio\0\000000_2023-04-04_13-10-55_0_1.wav,AIRCRAFT
C:\Users\Fatih\Desktop\TUBITAK\Airport_Noise\Dataset_Airplane\audio\audio\0\000000_2023-04-04_13-12-10_0_1.wav,AIRCRAFT
C:\Users\Fatih\Desktop\TUBITAK\Airport_Noise\Dataset_Airplane\audio\audio\0\000000_2023-04-04_13-35-01_0_1.wav,AIRCRAFT
C:\Users\Fatih\Desktop\TUBITAK\Airport_Noise\Dataset_Airplane\audio\audio\0\000000_2023-04-04_13-35-31_0_1.wav,AIRCRAFT
C:\Users\Fatih\Desktop\TUBITAK\Airport_Noise\Dataset_Airplane\audio\audio\0\000000_2023-04-04_13-36-08_0_1.wav,AIRCRAFT
C:\Users\Fatih\Desktop\TUBITAK\Airport_Noise\Dataset_Airplane\audio\audio\0\000000_2023-04-04_13-36-38_0_1.wav,AIRCRAFT
C:\Users\Fatih\Desktop\TUBITAK\Airport_Noise\Dataset_Airplane\audio\audio\0\000000_2023-04-04_13-37-13_0_1.wav,AIRCRAFT
C:\Users\Fatih\Desktop\TUBITAK\Airport_Noise\Dataset_Airplane\audio\audio\0\000000_2023-04-04_13-38-35_0_1.wav,AIRCRAFT
C:\Users\Fatih\Desktop\TUBITAK\Airport_Noise\Dataset_Airplane\audio\audio\0\000000_2023-04-04_13-39-51_0_1.wav,AIRCRAFT
C:\Users\Fatih\Desktop\TUBITAK\Airport_Noise\Dataset_Airplane\audio\audio\0\000000_2023-04-04_13-40-21_0_1.wav,AIRCRAFT
C:\Users\Fatih\Desktop\TUBITAK\Airport_Noise\Dataset_Airplane\audio\audio\0\000000_2023-04-04_13-40-51_0_1.wav,AIRCRAFT
C:\Users\Fatih\Desktop\TUBITAK\Airport_Noise\Dataset_Airplane\audio\audio\0\000000_2023-04-04_13-51-38_0_1.wav,AIRCRAFT
C:\Users\Fatih\Desktop\TUBITAK\Airport_Noise\Dataset_Airplane\audio\audio\0\000000_2023-04-04_13-54-59_0_1.wav,AIRCRAFT
C:\Users\Fatih\Desktop\TUBITAK\Airport_Noise\Dataset_Airplane\audio\audio\0\000000_2023-04-04_13-55-29_0_1.wav,AIRCRAFT
C:\Users\Fatih\Desktop\TUBITAK\Airport_Noise\Dataset_Airplane\audio\audio\0\000000_2023-04-04_14-01-35_0_1.wav,AIRCRAFT
C:\Users\Fatih\Desktop\TUBITAK\Airport_Noise\Dataset_Airplane\audio\audio\0\000000_2023-04-04_14-05-12_0_1.wav,AIRCRAFT
C:\Users\Fatih\Desktop\TUBITAK\Airport_Noise\Dataset_Airplane\audio\audio\0\000000_2023-04-04_14-06-16_0_1.wav,AIRCRAFT
C:\Users\Fatih\Desktop\TUBITAK\Airport_Noise\Dataset_Airplane\audio\audio\0\000000_2023-04-04_14-07-25_0_1.wav,AIRCRAFT
C:\Users\Fatih\Desktop\TUBITAK\Airport_Noise\Dataset_Airplane\audio\audio\0\000000_2023-04-04_14-08-21_0_1.wav,AIRCRAFT
C:\Users\Fatih\Desktop\TUBITAK\Airport_Noise\Dataset_Airplane\audio\audio\0\000000_2023-04-04_14-09-01_0_1.wav,AIRCRAFT
C:\Users\Fatih\Desktop\TUBITAK\Airport_Noise\Dataset_Airplane\audio\audio\0\000000_2023-04-04_14-09-31_0_1.wav,AIRCRAFT
C:\Users\Fatih\Desktop\TUBITAK\Airport_Noise\Dataset_Airplane\audio\audio\0\000000_2023-04-04_14-10-01_0_1.wav,AIRCRAFT
C:\Users\Fatih\Desktop\TUBITAK\Airport_Noise\Dataset_Airplane\audio\audio\0\000000_2023-04-05_10-37-29_0_1.wav,AIRCRAFT
C:\Users\Fatih\Desktop\TUBITAK\Airport_Noise\Dataset_Airplane\audio\audio\0\000000_2023-04-05_10-42-24_0_1.wav,AIRCRAFT
C:\Users\Fatih\Desktop\TUBITAK\Airport_Noise\Dataset_Airplane\audio\audio\0\000000_2023-04-05_10-51-36_0_1.wav,AIRCRAFT
C:\Users\Fatih\Desktop\TUBITAK\Airport_Noise\Dataset_Airplane\audio\audio\0\000000_2023-04-05_10-52-06_0_1.wav,AIRCRAFT
C:\Users\Fatih\Desktop\TUBITAK\Airport_Noise\Dataset_Airplane\audio\audio\0\000000_2023-04-05_11-08-27_0_1.wav,AIRCRAFT
C:\Users\Fatih\Desktop\TUBITAK\Airport_Noise\Dataset_Airplane\audio\audio\0\000000_2023-04-05_11-08-57_0_1.wav,AIRCRAFT
C:\Users\Fatih\Desktop\TUBITAK\Airport_Noise\Dataset_Airplane\audio\audio\0\000000_2023-04-05_11-09-27_0_1.wav,AIRCRAFT
C:\Users\Fatih\Desktop\TUBITAK\Airport_Noise\Dataset_Airplane\audio\audio\0\000000_2023-04-05_11-33-13_0_1.wav,AIRCRAFT
C:\Users\Fatih\Desktop\TUBITAK\Airport_Noise\Dataset_Airplane\audio\audio\0\000000_2023-04-05_11-33-53_0_1.wav,AIRCRAFT
C:\Users\Fatih\Desktop\TUBITAK\Airport_Noise\Dataset_Airplane\audio\audio\0\000000_2023-04-05_11-41-09_0_1.wav,AIRCRAFT
C:\Users\Fatih\Desktop\TUBITAK\Airport_Noise\Dataset_Airplane\audio\audio\0\000000_2023-04-05_11-41-39_0_1.wav,AIRCRAFT
C:\Users\Fatih\Desktop\TUBITAK\Airport_Noise\Dataset_Airplane\audio\audio\0\000000_2023-04-05_11-52-34_0_1.wav,AIRCRAFT
C:\Users\Fatih\Desktop\TUBITAK\Airport_Noise\Dataset_Airplane\audio\audio\0\000000_2023-04-05_11-54-35_0_1.wav,AIRCRAFT
C:\Users\Fatih\Desktop\TUBITAK\Airport_Noise\Dataset_Airplane\audio\audio\0\000000_2023-04-05_12-05-30_0_1.wav,AIRCRAFT
C:\Users\Fatih\Desktop\TUBITAK\Airport_Noise\Dataset_Airplane\audio\audio\0\000000_2023-04-06_15-05-15_0_1.wav,AIRCRAFT
C:\Users\Fatih\Desktop\TUBITAK\Airport_Noise\Dataset_Airplane\audio\audio\0\000000_2023-04-06_15-08-50_0_1.wav,AIRCRAFT
C:\Users\Fatih\Desktop\TUBITAK\Airport_Noise\Dataset_Airplane\audio\audio\0\000000_2023-04-06_15-09-25_0_1.wav,AIRCRAFT
C:\Users\Fatih\Desktop\TUBITAK\Airport_Noise\Dataset_Airplane\audio\audio\0\000000_2023-04-06_15-10-55_0_1.wav,AIRCRAFT
C:\Users\Fatih\Desktop\TUBITAK\Airport_Noise\Dataset_Airplane\audio\audio\0\000000_2023-04-06_15-11-26_0_1.wav,AIRCRAFT
C:\Users\Fatih\Desktop\TUBITAK\Airport_Noise\Dataset_Airplane\audio\audio\0\000000_2023-04-06_15-11-56_0_1.wav,AIRCRAFT
C:\Users\Fatih\Desktop\TUBITAK\Airport_Noise\Dataset_Airplane\audio\audio\0\000000_2023-04-06_15-12-26_0_1.wav,AIRCRAFT
C:\Users\Fatih\Desktop\TUBITAK\Airport_Noise\Dataset_Airplane\audio\audio\0\000000_2023-04-06_15-15-01_0_1.wav,AIRCRAFT
C:\Users\Fatih\Desktop\TUBITAK\Airport_Noise\Dataset_Airplane\audio\audio\0\000000_2023-04-06_15-16-11_0_1.wav,AIRCRAFT
C:\Users\Fatih\Desktop\TUBITAK\Airport_Noise\Dataset_Airplane\audio\audio\0\000000_2023-04-06_15-16-41_0_1.wav,AIRCRAFT
C:\Users\Fatih\Desktop\TUBITAK\Airport_Noise\Dataset_Airplane\audio\audio\0\000000_2023-04-06_15-17-11_0_1.wav,AIRCRAFT
C:\Users\Fatih\Desktop\TUBITAK\Airport_Noise\Dataset_Airplane\audio\audio\0\000000_2023-04-06_15-17-41_0_1.wav,AIRCRAFT
C:\Users\Fatih\Desktop\TUBITAK\Airport_Noise\Dataset_Airplane\audio\audio\0\000000_2023-04-06_15-18-11_0_1.wav,AIRCRAFT
C:\Users\Fatih\Desktop\TUBITAK\Airport_Noise\Dataset_Airplane\audio\audio\0\000000_2023-04-06_15-18-42_0_1.wav,AIRCRAFT
C:\Users\Fatih\Desktop\TUBITAK\Airport_Noise\Dataset_Airplane\audio\audio\0\000000_2023-04-06_15-46-39_0_1.wav,AIRCRAFT
C:\Users\Fatih\Desktop\TUBITAK\Airport_Noise\Dataset_Airplane\audio\audio\0\000000_2023-04-06_15-47-29_0_1.wav,AIRCRAFT
C:\Users\Fatih\Desktop\TUBITAK\Airport_Noise\Dataset_Airplane\audio\audio\0\000000_2023-04-06_15-47-59_0_1.wav,AIRCRAFT
C:\Users\Fatih\Desktop\TUBITAK\Airport_Noise\Dataset_Airplane\audio\audio\0\000000_2023-04-06_15-48-44_0_1.wav,AIRCRAFT
C:\Users\Fatih\Desktop\TUBITAK\Airport_Noise\Dataset_Airplane\audio\audio\0\000000_2023-04-06_15-49-24_0_1.wav,AIRCRAFT
C:\Users\Fatih\Desktop\TUBITAK\Airport_Noise\Dataset_Airplane\audio\audio\0\000000_2023-04-06_15-55-14_0_1.wav,AIRCRAFT
C:\Users\Fatih\Desktop\TUBITAK\Airport_Noise\Dataset_Airplane\audio\audio\0\000000_2023-04-06_16-11-00_0_1.wav,AIRCRAFT
C:\Users\Fatih\Desktop\TUBITAK\Airport_Noise\Dataset_Airplane\audio\audio\0\000000_2023-04-06_16-11-31_0_1.wav,AIRCRAFT
C:\Users\Fatih\Desktop\TUBITAK\Airport_Noise\Dataset_Airplane\audio\audio\0\000000_2023-04-06_16-12-06_0_1.wav,AIRCRAFT
C:\Users\Fatih\Desktop\TUBITAK\Airport_Noise\Dataset_Airplane\audio\audio\0\000000_2023-04-06_16-12-41_0_1.wav,AIRCRAFT
C:\Users\Fatih\Desktop\TUBITAK\Airport_Noise\Dataset_Airplane\audio\audio\0\000000_2023-04-06_16-13-11_0_1.wav,AIRCRAFT
C:\Users\Fatih\Desktop\TUBITAK\Airport_Noise\Dataset_Airplane\audio\audio\0\000000_2023-04-06_16-13-41_0_1.wav,AIRCRAFT
C:\Users\Fatih\Desktop\TUBITAK\Airport_Noise\Dataset_Airplane\audio\audio\0\000000_2023-04-06_16-14-11_0_1.wav,AIRCRAFT
C:\Users\Fatih\Desktop\TUBITAK\Airport_Noise\Dataset_Airplane\audio\audio\0\000000_2023-04-06_16-14-41_0_1.wav,AIRCRAFT
C:\Users\Fatih\Desktop\TUBITAK\Airport_Noise\Dataset_Airplane\audio\audio\0\000000_2023-04-06_16-15-11_0_1.wav,AIRCRAFT
C:\Users\Fatih\Desktop\TUBITAK\Airport_Noise\Dataset_Airplane\audio\audio\0\000000_2023-04-06_16-15-41_0_1.wav,AIRCRAFT
C:\Users\Fatih\Desktop\TUBITAK\Airport_Noise\Dataset_Airplane\audio\audio\0\000000_2023-04-06_16-16-11_0_1.wav,AIRCRAFT
C:\Users\Fatih\Desktop\TUBITAK\Airport_Noise\Dataset_Airplane\audio\audio\0\000000_2023-04-06_16-28-07_0_1.wav,AIRCRAFT
C:\Users\Fatih\Desktop\TUBITAK\Airport_Noise\Dataset_Airplane\audio\audio\0\000000_2023-04-06_16-28-42_0_1.wav,AIRCRAFT
C:\Users\Fatih\Desktop\TUBITAK\Airport_Noise\Dataset_Airplane\audio\audio\0\000000_2023-04-06_16-29-12_0_1.wav,AIRCRAFT
C:\Users\Fatih\Desktop\TUBITAK\Airport_Noise\Dataset_Airplane\audio\audio\0\000000_2023-04-06_16-29-43_0_1.wav,AIRCRAFT
C:\Users\Fatih\Desktop\TUBITAK\Airport_Noise\Dataset_Airplane\audio\audio\0\000000_2023-04-06_16-30-13_0_1.wav,AIRCRAFT
C:\Users\Fatih\Desktop\TUBITAK\Airport_Noise\Dataset_Airplane\audio\audio\0\000000_2023-04-06_16-30-43_0_1.wav,AIRCRAFT
C:\Users\Fatih\Desktop\TUBITAK\Airport_Noise\Dataset_Airplane\audio\audio\0\000000_2023-04-06_16-33-33_0_1.wav,AIRCRAFT
C:\Users\Fatih\Desktop\TUBITAK\Airport_Noise\Dataset_Airplane\audio\audio\0\000000_2023-04-06_16-34-03_0_1.wav,AIRCRAFT
C:\Users\Fatih\Desktop\TUBITAK\Airport_Noise\Dataset_Airplane\audio\audio\0\000000_2023-04-06_16-34-53_0_1.wav,AIRCRAFT
C:\Users\Fatih\Desktop\TUBITAK\Airport_Noise\Dataset_Airplane\audio\audio\0\000000_2023-04-06_16-35-23_0_1.wav,AIRCRAFT
C:\Users\Fatih\Desktop\TUBITAK\Airport_Noise\Dataset_Airplane\audio\audio\0\000000_2023-04-06_16-35-53_0_1.wav,AIRCRAFT
C:\Users\Fatih\Desktop\TUBITAK\Airport_Noise\Dataset_Airplane\audio\audio\0\000000_2023-04-06_16-36-23_0_1.wav,AIRCRAFT
C:\Users\Fatih\Desktop\TUBITAK\Airport_Noise\Dataset_Airplane\audio\audio\0\000000_2023-04-06_16-36-54_0_1.wav,AIRCRAFT
C:\Users\Fatih\Desktop\TUBITAK\Airport_Noise\Dataset_Airplane\audio\audio\0\000000_2023-04-06_16-37-24_0_1.wav,AIRCRAFT
C:\Users\Fatih\Desktop\TUBITAK\Airport_Noise\Dataset_Airplane\audio\audio\0\000000_2023-04-06_16-37-54_0_1.wav,AIRCRAFT
C:\Users\Fatih\Desktop\TUBITAK\Airport_Noise\Dataset_Airplane\audio\audio\0\000000_2023-04-06_16-39-54_0_1.wav,AIRCRAFT
C:\Users\Fatih\Desktop\TUBITAK\Airport_Noise\Dataset_Airplane\audio\audio\0\000000_2023-04-06_16-42-59_0_1.wav,AIRCRAFT
C:\Users\Fatih\Desktop\TUBITAK\Airport_Noise\Dataset_Airplane\audio\audio\0\000000_2023-04-06_16-43-29_0_1.wav,AIRCRAFT
C:\Users\Fatih\Desktop\TUBITAK\Airport_Noise\Dataset_Airplane\audio\audio\0\000000_2023-04-06_16-49-20_0_1.wav,AIRCRAFT
C:\Users\Fatih\Desktop\TUBITAK\Airport_Noise\Dataset_Airplane\audio\audio\0\000000_2023-04-06_16-50-05_0_1.wav,AIRCRAFT
C:\Users\Fatih\Desktop\TUBITAK\Airport_Noise\Dataset_Airplane\audio\audio\0\000000_2023-04-06_16-50-35_0_1.wav,AIRCRAFT
C:\Users\Fatih\Desktop\TUBITAK\Airport_Noise\Dataset_Airplane\audio\audio\0\000000_2023-04-06_16-51-05_0_1.wav,AIRCRAFT
C:\Users\Fatih\Desktop\TUBITAK\Airport_Noise\Dataset_Airplane\audio\audio\0\000000_2023-04-06_16-58-22_0_1.wav,AIRCRAFT
C:\Users\Fatih\Desktop\TUBITAK\Airport_Noise\Dataset_Airplane\audio\audio\0\000000_2023-04-06_17-01-32_0_1.wav,AIRCRAFT
C:\Users\Fatih\Desktop\TUBITAK\Airport_Noise\Dataset_Airplane\audio\audio\0\000000_2023-04-06_17-09-42_0_1.wav,AIRCRAFT
C:\Users\Fatih\Desktop\TUBITAK\Airport_Noise\Dataset_Airplane\audio\audio\0\000000_2023-04-07_07-16-27_0_1.wav,AIRCRAFT
C:\Users\Fatih\Desktop\TUBITAK\Airport_Noise\Dataset_Airplane\audio\audio\0\000000_2023-04-07_07-17-22_0_1.wav,AIRCRAFT
C:\Users\Fatih\Desktop\TUBITAK\Airport_Noise\Dataset_Airplane\audio\audio\0\000000_2023-04-07_07-17-57_0_1.wav,AIRCRAFT
C:\Users\Fatih\Desktop\TUBITAK\Airport_Noise\Dataset_Airplane\audio\audio\0\000000_2023-04-07_07-18-42_0_1.wav,AIRCRAFT
C:\Users\Fatih\Desktop\TUBITAK\Airport_Noise\Dataset_Airplane\audio\audio\0\000000_2023-04-07_07-19-13_0_1.wav,AIRCRAFT
C:\Users\Fatih\Desktop\TUBITAK\Airport_Noise\Dataset_Airplane\audio\audio\0\000000_2023-04-07_07-19-43_0_1.wav,AIRCRAFT
C:\Users\Fatih\Desktop\TUBITAK\Airport_Noise\Dataset_Airplane\audio\audio\0\000000_2023-04-07_07-20-13_0_1.wav,AIRCRAFT
C:\Users\Fatih\Desktop\TUBITAK\Airport_Noise\Dataset_Airplane\audio\audio\0\000000_2023-04-07_07-20-43_0_1.wav,AIRCRAFT
C:\Users\Fatih\Desktop\TUBITAK\Airport_Noise\Dataset_Airplane\audio\audio\0\000000_2023-04-07_07-27-53_0_1.wav,AIRCRAFT
C:\Users\Fatih\Desktop\TUBITAK\Airport_Noise\Dataset_Airplane\audio\audio\0\000000_2023-04-07_07-28-23_0_1.wav,AIRCRAFT
C:\Users\Fatih\Desktop\TUBITAK\Airport_Noise\Dataset_Airplane\audio\audio\0\000000_2023-04-07_07-28-53_0_1.wav,AIRCRAFT
C:\Users\Fatih\Desktop\TUBITAK\Airport_Noise\Dataset_Airplane\audio\audio\0\000000_2023-04-07_07-29-24_0_1.wav,AIRCRAFT
C:\Users\Fatih\Desktop\TUBITAK\Airport_Noise\Dataset_Airplane\audio\audio\0\000000_2023-04-07_07-29-54_0_1.wav,AIRCRAFT
C:\Users\Fatih\Desktop\TUBITAK\Airport_Noise\Dataset_Airplane\audio\audio\0\000000_2023-04-07_07-36-29_0_1.wav,AIRCRAFT
C:\Users\Fatih\Desktop\TUBITAK\Airport_Noise\Dataset_Airplane\audio\audio\0\000000_2023-04-07_07-37-39_0_1.wav,AIRCRAFT
C:\Users\Fatih\Desktop\TUBITAK\Airport_Noise\Dataset_Airplane\audio\audio\0\000000_2023-04-07_07-38-14_0_1.wav,AIRCRAFT
C:\Users\Fatih\Desktop\TUBITAK\Airport_Noise\Dataset_Airplane\audio\audio\0\000000_2023-04-07_07-38-44_0_1.wav,AIRCRAFT
C:\Users\Fatih\Desktop\TUBITAK\Airport_Noise\Dataset_Airplane\audio\audio\0\000000_2023-04-07_07-39-15_0_1.wav,AIRCRAFT
C:\Users\Fatih\Desktop\TUBITAK\Airport_Noise\Dataset_Airplane\audio\audio\0\000000_2023-04-07_07-39-45_0_1.wav,AIRCRAFT
C:\Users\Fatih\Desktop\TUBITAK\Airport_Noise\Dataset_Airplane\audio\audio\0\000000_2023-04-07_07-40-15_0_1.wav,AIRCRAFT
C:\Users\Fatih\Desktop\TUBITAK\Airport_Noise\Dataset_Airplane\audio\audio\0\000000_2023-04-07_07-40-45_0_1.wav,AIRCRAFT
C:\Users\Fatih\Desktop\TUBITAK\Airport_Noise\Dataset_Airplane\audio\audio\0\000000_2023-04-07_08-00-56_0_1.wav,AIRCRAFT
C:\Users\Fatih\Desktop\TUBITAK\Airport_Noise\Dataset_Airplane\audio\audio\0\000000_2023-04-07_08-01-56_0_1.wav,AIRCRAFT
C:\Users\Fatih\Desktop\TUBITAK\Airport_Noise\Dataset_Airplane\audio\audio\0\000000_2023-04-07_08-03-16_0_1.wav,AIRCRAFT
C:\Users\Fatih\Desktop\TUBITAK\Airport_Noise\Dataset_Airplane\audio\audio\0\000000_2023-04-07_08-38-13_0_1.wav,AIRCRAFT
C:\Users\Fatih\Desktop\TUBITAK\Airport_Noise\Dataset_Airplane\audio\audio\0\000000_2023-04-07_08-38-44_0_1.wav,AIRCRAFT
C:\Users\Fatih\Desktop\TUBITAK\Airport_Noise\Dataset_Airplane\audio\audio\0\000000_2023-04-07_08-39-14_0_1.wav,AIRCRAFT
C:\Users\Fatih\Desktop\TUBITAK\Airport_Noise\Dataset_Airplane\audio\audio\0\000000_2023-04-07_08-39-44_0_1.wav,AIRCRAFT
C:\Users\Fatih\Desktop\TUBITAK\Airport_Noise\Dataset_Airplane\audio\audio\0\000000_2023-04-07_08-40-14_0_1.wav,AIRCRAFT
C:\Users\Fatih\Desktop\TUBITAK\Airport_Noise\Dataset_Airplane\audio\audio\0\000000_2023-04-07_08-40-44_0_1.wav,AIRCRAFT
C:\Users\Fatih\Desktop\TUBITAK\Airport_Noise\Dataset_Airplane\audio\audio\0\000000_2023-04-07_08-42-59_0_1.wav,AIRCRAFT
C:\Users\Fatih\Desktop\TUBITAK\Airport_Noise\Dataset_Airplane\audio\audio\0\000000_2023-04-07_08-43-29_0_1.wav,AIRCRAFT
C:\Users\Fatih\Desktop\TUBITAK\Airport_Noise\Dataset_Airplane\audio\audio\0\000000_2023-04-07_08-44-14_0_1.wav,AIRCRAFT
C:\Users\Fatih\Desktop\TUBITAK\Airport_Noise\Dataset_Airplane\audio\audio\0\000000_2023-04-07_08-44-59_0_1.wav,AIRCRAFT
C:\Users\Fatih\Desktop\TUBITAK\Airport_Noise\Dataset_Airplane\audio\audio\0\000000_2023-04-07_08-45-30_0_1.wav,AIRCRAFT
C:\Users\Fatih\Desktop\TUBITAK\Airport_Noise\Dataset_Airplane\audio\audio\0\000000_2023-04-07_08-46-00_0_1.wav,AIRCRAFT
C:\Users\Fatih\Desktop\TUBITAK\Airport_Noise\Dataset_Airplane\audio\audio\0\000000_2023-04-07_08-46-50_0_1.wav,AIRCRAFT
C:\Users\Fatih\Desktop\TUBITAK\Airport_Noise\Dataset_Airplane\audio\audio\0\000000_2023-04-07_08-49-20_0_1.wav,AIRCRAFT
C:\Users\Fatih\Desktop\TUBITAK\Airport_Noise\Dataset_Airplane\audio\audio\0\000000_2023-04-07_08-49-50_0_1.wav,AIRCRAFT
C:\Users\Fatih\Desktop\TUBITAK\Airport_Noise\Dataset_Airplane\audio\audio\0\000000_2023-04-07_08-50-20_0_1.wav,AIRCRAFT
C:\Users\Fatih\Desktop\TUBITAK\Airport_Noise\Dataset_Airplane\audio\audio\0\000000_2023-04-07_08-50-50_0_1.wav,AIRCRAFT
C:\Users\Fatih\Desktop\TUBITAK\Airport_Noise\Dataset_Airplane\audio\audio\0\000000_2023-04-07_08-51-20_0_1.wav,AIRCRAFT
C:\Users\Fatih\Desktop\TUBITAK\Airport_Noise\Dataset_Airplane\audio\audio\0\000000_2023-04-07_08-51-55_0_1.wav,AIRCRAFT
C:\Users\Fatih\Desktop\TUBITAK\Airport_Noise\Dataset_Airplane\audio\audio\0\000000_2023-04-07_08-52-25_0_1.wav,AIRCRAFT
C:\Users\Fatih\Desktop\TUBITAK\Airport_Noise\Dataset_Airplane\audio\audio\0\000000_2023-04-07_08-53-04_0_1.wav,AIRCRAFT
C:\Users\Fatih\Desktop\TUBITAK\Airport_Noise\Dataset_Airplane\audio\audio\0\000000_2023-04-07_08-54-04_0_1.wav,AIRCRAFT
C:\Users\Fatih\Desktop\TUBITAK\Airport_Noise\Dataset_Airplane\audio\audio\0\000000_2023-04-07_08-55-29_0_1.wav,AIRCRAFT
C:\Users\Fatih\Desktop\TUBITAK\Airport_Noise\Dataset_Airplane\audio\audio\0\000000_2023-04-07_08-57-00_0_1.wav,AIRCRAFT
C:\Users\Fatih\Desktop\TUBITAK\Airport_Noise\Dataset_Airplane\audio\audio\0\000000_2023-04-07_08-57-30_0_1.wav,AIRCRAFT
C:\Users\Fatih\Desktop\TUBITAK\Airport_Noise\Dataset_Airplane\audio\audio\0\000000_2023-04-07_09-11-11_0_1.wav,AIRCRAFT
C:\Users\Fatih\Desktop\TUBITAK\Airport_Noise\Dataset_Airplane\audio\audio\0\000000_2023-04-07_09-11-41_0_1.wav,AIRCRAFT
C:\Users\Fatih\Desktop\TUBITAK\Airport_Noise\Dataset_Airplane\audio\audio\0\000000_2023-04-07_09-12-11_0_1.wav,AIRCRAFT
C:\Users\Fatih\Desktop\TUBITAK\Airport_Noise\Dataset_Airplane\audio\audio\0\000000_2023-04-07_09-12-41_0_1.wav,AIRCRAFT
C:\Users\Fatih\Desktop\TUBITAK\Airport_Noise\Dataset_Airplane\audio\audio\0\000000_2023-04-07_09-13-11_0_1.wav,AIRCRAFT
C:\Users\Fatih\Desktop\TUBITAK\Airport_Noise\Dataset_Airplane\audio\audio\0\000000_2023-04-07_09-13-46_0_1.wav,AIRCRAFT
C:\Users\Fatih\Desktop\TUBITAK\Airport_Noise\Dataset_Airplane\audio\audio\0\000000_2023-04-07_09-14-41_0_1.wav,AIRCRAFT
C:\Users\Fatih\Desktop\TUBITAK\Airport_Noise\Dataset_Airplane\audio\audio\0\000000_2023-04-07_09-15-11_0_1.wav,AIRCRAFT
C:\Users\Fatih\Desktop\TUBITAK\Airport_Noise\Dataset_Airplane\audio\audio\0\000000_2023-04-07_10-04-05_0_1.wav,AIRCRAFT
C:\Users\Fatih\Desktop\TUBITAK\Airport_Noise\Dataset_Airplane\audio\audio\0\000000_2023-04-15_07-35-13_0_1.wav,AIRCRAFT
C:\Users\Fatih\Desktop\TUBITAK\Airport_Noise\Dataset_Airplane\audio\audio\0\000000_2023-04-15_07-35-44_0_1.wav,AIRCRAFT
C:\Users\Fatih\Desktop\TUBITAK\Airport_Noise\Dataset_Airplane\audio\audio\0\000000_2023-04-15_07-39-22_0_1.wav,AIRCRAFT
C:\Users\Fatih\Desktop\TUBITAK\Airport_Noise\Dataset_Airplane\audio\audio\0\000000_2023-04-15_07-39-53_0_1.wav,AIRCRAFT
C:\Users\Fatih\Desktop\TUBITAK\Airport_Noise\Dataset_Airplane\audio\audio\0\000000_2023-04-15_08-05-23_0_1.wav,AIRCRAFT
C:\Users\Fatih\Desktop\TUBITAK\Airport_Noise\Dataset_Airplane\audio\audio\0\000000_2023-04-15_08-06-46_0_1.wav,AIRCRAFT
C:\Users\Fatih\Desktop\TUBITAK\Airport_Noise\Dataset_Airplane\audio\audio\0\000000_2023-04-15_08-07-18_0_1.wav,AIRCRAFT
C:\Users\Fatih\Desktop\TUBITAK\Airport_Noise\Dataset_Airplane\audio\audio\0\000000_2023-04-15_08-07-49_0_1.wav,AIRCRAFT
C:\Users\Fatih\Desktop\TUBITAK\Airport_Noise\Dataset_Airplane\audio\audio\0\000000_2023-04-15_08-08-58_0_1.wav,AIRCRAFT
C:\Users\Fatih\Desktop\TUBITAK\Airport_Noise\Dataset_Airplane\audio\audio\0\000000_2023-04-15_08-10-09_0_1.wav,AIRCRAFT
C:\Users\Fatih\Desktop\TUBITAK\Airport_Noise\Dataset_Airplane\audio\audio\0\000000_2023-04-15_08-10-41_0_1.wav,AIRCRAFT
C:\Users\Fatih\Desktop\TUBITAK\Airport_Noise\Dataset_Airplane\audio\audio\0\000000_2023-04-15_08-11-29_0_1.wav,AIRCRAFT
C:\Users\Fatih\Desktop\TUBITAK\Airport_Noise\Dataset_Airplane\audio\audio\0\000000_2023-04-15_08-14-07_0_1.wav,AIRCRAFT
C:\Users\Fatih\Desktop\TUBITAK\Airport_Noise\Dataset_Airplane\audio\audio\0\000000_2023-04-15_08-16-13_0_1.wav,AIRCRAFT
C:\Users\Fatih\Desktop\TUBITAK\Airport_Noise\Dataset_Airplane\audio\audio\0\000000_2023-04-15_08-41-48_0_1.wav,AIRCRAFT
C:\Users\Fatih\Desktop\TUBITAK\Airport_Noise\Dataset_Airplane\audio\audio\0\000000_2023-04-15_08-58-49_0_1.wav,AIRCRAFT
C:\Users\Fatih\Desktop\TUBITAK\Airport_Noise\Dataset_Airplane\audio\audio\0\000000_2023-04-15_09-00-12_0_1.wav,AIRCRAFT
C:\Users\Fatih\Desktop\TUBITAK\Airport_Noise\Dataset_Airplane\audio\audio\0\000000_2023-04-15_09-04-59_0_1.wav,AIRCRAFT
C:\Users\Fatih\Desktop\TUBITAK\Airport_Noise\Dataset_Airplane\audio\audio\0\000000_2023-04-15_09-14-59_0_1.wav,AIRCRAFT
C:\Users\Fatih\Desktop\TUBITAK\Airport_Noise\Dataset_Airplane\audio\audio\0\000000_2023-04-15_09-58-06_0_1.wav,AIRCRAFT
C:\Users\Fatih\Desktop\TUBITAK\Airport_Noise\Dataset_Airplane\audio\audio\0\000000_2023-04-15_09-59-09_0_1.wav,AIRCRAFT
C:\Users\Fatih\Desktop\TUBITAK\Airport_Noise\Dataset_Airplane\audio\audio\0\000000_2023-04-15_11-14-28_0_1.wav,AIRCRAFT
C:\Users\Fatih\Desktop\TUBITAK\Airport_Noise\Dataset_Airplane\audio\audio\0\000000_2023-04-16_07-01-27_0_1.wav,AIRCRAFT
C:\Users\Fatih\Desktop\TUBITAK\Airport_Noise\Dataset_Airplane\audio\audio\0\000000_2023-04-16_07-01-57_0_1.wav,AIRCRAFT
C:\Users\Fatih\Desktop\TUBITAK\Airport_Noise\Dataset_Airplane\audio\audio\0\000000_2023-04-16_07-02-29_0_1.wav,AIRCRAFT
C:\Users\Fatih\Desktop\TUBITAK\Airport_Noise\Dataset_Airplane\audio\audio\0\000000_2023-04-16_07-02-59_0_1.wav,AIRCRAFT
C:\Users\Fatih\Desktop\TUBITAK\Airport_Noise\Dataset_Airplane\audio\audio\0\000000_2023-04-16_07-03-29_0_1.wav,AIRCRAFT
C:\Users\Fatih\Desktop\TUBITAK\Airport_Noise\Dataset_Airplane\audio\audio\0\000000_2023-04-16_07-13-40_0_1.wav,AIRCRAFT
C:\Users\Fatih\Desktop\TUBITAK\Airport_Noise\Dataset_Airplane\audio\audio\0\000000_2023-04-16_07-15-24_0_1.wav,AIRCRAFT
C:\Users\Fatih\Desktop\TUBITAK\Airport_Noise\Dataset_Airplane\audio\audio\0\000000_2023-04-16_07-17-22_0_1.wav,AIRCRAFT
C:\Users\Fatih\Desktop\TUBITAK\Airport_Noise\Dataset_Airplane\audio\audio\0\000000_2023-04-16_07-19-20_0_1.wav,AIRCRAFT
C:\Users\Fatih\Desktop\TUBITAK\Airport_Noise\Dataset_Airplane\audio\audio\0\000000_2023-04-16_07-21-18_0_1.wav,AIRCRAFT
C:\Users\Fatih\Desktop\TUBITAK\Airport_Noise\Dataset_Airplane\audio\audio\0\000000_2023-04-16_07-23-16_0_1.wav,AIRCRAFT
C:\Users\Fatih\Desktop\TUBITAK\Airport_Noise\Dataset_Airplane\audio\audio\0\000000_2023-04-16_07-25-14_0_1.wav,AIRCRAFT
C:\Users\Fatih\Desktop\TUBITAK\Airport_Noise\Dataset_Airplane\audio\audio\0\000000_2023-04-16_07-27-13_0_1.wav,AIRCRAFT
C:\Users\Fatih\Desktop\TUBITAK\Airport_Noise\Dataset_Airplane\audio\audio\0\000000_2023-04-16_07-27-43_0_1.wav,AIRCRAFT
C:\Users\Fatih\Desktop\TUBITAK\Airport_Noise\Dataset_Airplane\audio\audio\0\000000_2023-04-17_06-39-10_0_1.wav,AIRCRAFT
C:\Users\Fatih\Desktop\TUBITAK\Airport_Noise\Dataset_Airplane\audio\audio\0\000000_2023-04-17_06-39-40_0_1.wav,AIRCRAFT
C:\Users\Fatih\Desktop\TUBITAK\Airport_Noise\Dataset_Airplane\audio\audio\0\000000_2023-04-17_10-12-10_0_1.wav,AIRCRAFT
C:\Users\Fatih\Desktop\TUBITAK\Airport_Noise\Dataset_Airplane\audio\audio\0\000000_2023-04-17_10-12-40_0_1.wav,AIRCRAFT
C:\Users\Fatih\Desktop\TUBITAK\Airport_Noise\Dataset_Airplane\audio\audio\0\000000_2023-04-17_10-13-10_0_1.wav,AIRCRAFT
C:\Users\Fatih\Desktop\TUBITAK\Airport_Noise\Dataset_Airplane\audio\audio\0\000000_2023-04-17_10-13-55_0_1.wav,AIRCRAFT
C:\Users\Fatih\Desktop\TUBITAK\Airport_Noise\Dataset_Airplane\audio\audio\0\000000_2023-04-17_10-15-20_0_1.wav,AIRCRAFT
C:\Users\Fatih\Desktop\TUBITAK\Airport_Noise\Dataset_Airplane\audio\audio\0\000000_2023-04-17_10-18-05_0_1.wav,AIRCRAFT
C:\Users\Fatih\Desktop\TUBITAK\Airport_Noise\Dataset_Airplane\audio\audio\0\000000_2023-04-17_10-18-41_0_1.wav,AIRCRAFT
C:\Users\Fatih\Desktop\TUBITAK\Airport_Noise\Dataset_Airplane\audio\audio\0\000000_2023-04-17_10-23-21_0_1.wav,AIRCRAFT
C:\Users\Fatih\Desktop\TUBITAK\Airport_Noise\Dataset_Airplane\audio\audio\0\000000_2023-04-17_10-23-51_0_1.wav,AIRCRAFT
C:\Users\Fatih\Desktop\TUBITAK\Airport_Noise\Dataset_Airplane\audio\audio\0\000000_2023-04-17_10-24-41_0_1.wav,AIRCRAFT
C:\Users\Fatih\Desktop\TUBITAK\Airport_Noise\Dataset_Airplane\audio\audio\0\000000_2023-04-17_10-25-11_0_1.wav,AIRCRAFT
C:\Users\Fatih\Desktop\TUBITAK\Airport_Noise\Dataset_Airplane\audio\audio\0\000000_2023-04-17_10-38-32_0_1.wav,AIRCRAFT
C:\Users\Fatih\Desktop\TUBITAK\Airport_Noise\Dataset_Airplane\audio\audio\0\000000_2023-04-17_10-39-02_0_1.wav,AIRCRAFT
C:\Users\Fatih\Desktop\TUBITAK\Airport_Noise\Dataset_Airplane\audio\audio\0\000000_2023-04-17_10-39-32_0_1.wav,AIRCRAFT
C:\Users\Fatih\Desktop\TUBITAK\Airport_Noise\Dataset_Airplane\audio\audio\0\000000_2023-04-17_10-40-32_0_1.wav,AIRCRAFT
C:\Users\Fatih\Desktop\TUBITAK\Airport_Noise\Dataset_Airplane\audio\audio\0\000000_2023-04-17_10-41-02_0_1.wav,AIRCRAFT
C:\Users\Fatih\Desktop\TUBITAK\Airport_Noise\Dataset_Airplane\audio\audio\0\000000_2023-04-17_10-45-18_0_1.wav,AIRCRAFT
C:\Users\Fatih\Desktop\TUBITAK\Airport_Noise\Dataset_Airplane\audio\audio\0\000000_2023-04-17_10-45-48_0_1.wav,AIRCRAFT
C:\Users\Fatih\Desktop\TUBITAK\Airport_Noise\Dataset_Airplane\audio\audio\0\000000_2023-04-17_10-48-33_0_1.wav,AIRCRAFT
C:\Users\Fatih\Desktop\TUBITAK\Airport_Noise\Dataset_Airplane\audio\audio\0\000000_2023-04-17_10-49-33_0_1.wav,AIRCRAFT
C:\Users\Fatih\Desktop\TUBITAK\Airport_Noise\Dataset_Airplane\audio\audio\0\000000_2023-04-17_10-50-38_0_1.wav,AIRCRAFT
C:\Users\Fatih\Desktop\TUBITAK\Airport_Noise\Dataset_Airplane\audio\audio\0\000000_2023-04-17_10-51-13_0_1.wav,AIRCRAFT
C:\Users\Fatih\Desktop\TUBITAK\Airport_Noise\Dataset_Airplane\audio\audio\0\000000_2023-04-17_11-21-47_0_1.wav,AIRCRAFT
C:\Users\Fatih\Desktop\TUBITAK\Airport_Noise\Dataset_Airplane\audio\audio\0\000000_2023-04-17_11-39-07_0_1.wav,AIRCRAFT
C:\Users\Fatih\Desktop\TUBITAK\Airport_Noise\Dataset_Airplane\audio\audio\0\000000_2023-04-17_11-39-42_0_1.wav,AIRCRAFT
C:\Users\Fatih\Desktop\TUBITAK\Airport_Noise\Dataset_Airplane\audio\audio\0\000000_2023-04-17_11-52-57_0_1.wav,AIRCRAFT
C:\Users\Fatih\Desktop\TUBITAK\Airport_Noise\Dataset_Airplane\audio\audio\0\000000_2023-04-17_11-55-37_0_1.wav,AIRCRAFT
C:\Users\Fatih\Desktop\TUBITAK\Airport_Noise\Dataset_Airplane\audio\audio\0\000000_2023-04-17_11-56-08_0_1.wav,AIRCRAFT
C:\Users\Fatih\Desktop\TUBITAK\Airport_Noise\Dataset_Airplane\audio\audio\0\000000_2023-04-17_11-56-43_0_1.wav,AIRCRAFT
C:\Users\Fatih\Desktop\TUBITAK\Airport_Noise\Dataset_Airplane\audio\audio\0\000000_2023-04-17_12-02-18_0_1.wav,AIRCRAFT
C:\Users\Fatih\Desktop\TUBITAK\Airport_Noise\Dataset_Airplane\audio\audio\0\000000_2023-04-17_12-08-38_0_1.wav,AIRCRAFT
C:\Users\Fatih\Desktop\TUBITAK\Airport_Noise\Dataset_Airplane\audio\audio\0\000000_2023-04-17_12-09-08_0_1.wav,AIRCRAFT
C:\Users\Fatih\Desktop\TUBITAK\Airport_Noise\Dataset_Airplane\audio\audio\0\000000_2023-04-17_12-09-39_0_1.wav,AIRCRAFT
C:\Users\Fatih\Desktop\TUBITAK\Airport_Noise\Dataset_Airplane\audio\audio\0\000000_2023-04-17_12-10-09_0_1.wav,AIRCRAFT
C:\Users\Fatih\Desktop\TUBITAK\Airport_Noise\Dataset_Airplane\audio\audio\0\000000_2023-04-17_12-24-24_0_1.wav,AIRCRAFT
C:\Users\Fatih\Desktop\TUBITAK\Airport_Noise\Dataset_Airplane\audio\audio\0\000000_2023-04-17_12-25-09_0_1.wav,AIRCRAFT
C:\Users\Fatih\Desktop\TUBITAK\Airport_Noise\Dataset_Airplane\audio\audio\0\000000_2023-04-17_12-25-45_0_1.wav,AIRCRAFT
C:\Users\Fatih\Desktop\TUBITAK\Airport_Noise\Dataset_Airplane\audio\audio\0\000000_2023-04-17_12-29-25_0_1.wav,AIRCRAFT
C:\Users\Fatih\Desktop\TUBITAK\Airport_Noise\Dataset_Airplane\audio\audio\0\000000_2023-04-17_12-29-55_0_1.wav,AIRCRAFT
C:\Users\Fatih\Desktop\TUBITAK\Airport_Noise\Dataset_Airplane\audio\audio\0\000000_2023-04-17_12-30-30_0_1.wav,AIRCRAFT
C:\Users\Fatih\Desktop\TUBITAK\Airport_Noise\Dataset_Airplane\audio\audio\0\000000_2023-04-17_12-51-36_0_1.wav,AIRCRAFT
C:\Users\Fatih\Desktop\TUBITAK\Airport_Noise\Dataset_Airplane\audio\audio\0\000000_2023-04-17_13-30-13_0_1.wav,AIRCRAFT
C:\Users\Fatih\Desktop\TUBITAK\Airport_Noise\Dataset_Airplane\audio\audio\0\000000_2023-04-17_13-30-44_0_1.wav,AIRCRAFT
C:\Users\Fatih\Desktop\TUBITAK\Airport_Noise\Dataset_Airplane\audio\audio\0\000000_2023-04-17_13-31-16_0_1.wav,AIRCRAFT
C:\Users\Fatih\Desktop\TUBITAK\Airport_Noise\Dataset_Airplane\audio\audio\0\000000_2023-04-17_14-14-48_0_1.wav,AIRCRAFT
C:\Users\Fatih\Desktop\TUBITAK\Airport_Noise\Dataset_Airplane\audio\audio\0\000000_2023-04-17_14-27-00_0_1.wav,AIRCRAFT
C:\Users\Fatih\Desktop\TUBITAK\Airport_Noise\Dataset_Airplane\audio\audio\0\000000_2023-04-17_14-36-21_0_1.wav,AIRCRAFT
C:\Users\Fatih\Desktop\TUBITAK\Airport_Noise\Dataset_Airplane\audio\audio\0\000000_2023-04-17_14-40-26_0_1.wav,AIRCRAFT
C:\Users\Fatih\Desktop\TUBITAK\Airport_Noise\Dataset_Airplane\audio\audio\0\000000_2023-04-17_14-53-02_0_1.wav,AIRCRAFT
C:\Users\Fatih\Desktop\TUBITAK\Airport_Noise\Dataset_Airplane\audio\audio\0\000000_2023-04-17_14-57-42_0_1.wav,AIRCRAFT
C:\Users\Fatih\Desktop\TUBITAK\Airport_Noise\Dataset_Airplane\audio\audio\0\000000_2023-04-17_14-58-12_0_1.wav,AIRCRAFT
C:\Users\Fatih\Desktop\TUBITAK\Airport_Noise\Dataset_Airplane\audio\audio\0\000000_2023-04-17_15-01-43_0_1.wav,AIRCRAFT
C:\Users\Fatih\Desktop\TUBITAK\Airport_Noise\Dataset_Airplane\audio\audio\0\000000_2023-04-17_15-02-23_0_1.wav,AIRCRAFT
C:\Users\Fatih\Desktop\TUBITAK\Airport_Noise\Dataset_Airplane\audio\audio\0\000000_2023-04-17_15-02-53_0_1.wav,AIRCRAFT
C:\Users\Fatih\Desktop\TUBITAK\Airport_Noise\Dataset_Airplane\audio\audio\0\000000_2023-04-17_15-08-23_0_1.wav,AIRCRAFT
C:\Users\Fatih\Desktop\TUBITAK\Airport_Noise\Dataset_Airplane\audio\audio\0\000000_2023-04-17_15-08-53_0_1.wav,AIRCRAFT
C:\Users\Fatih\Desktop\TUBITAK\Airport_Noise\Dataset_Airplane\audio\audio\0\000000_2023-04-17_15-24-39_0_1.wav,AIRCRAFT
C:\Users\Fatih\Desktop\TUBITAK\Airport_Noise\Dataset_Airplane\audio\audio\0\000000_2023-04-19_11-12-45_0_1.wav,AIRCRAFT
C:\Users\Fatih\Desktop\TUBITAK\Airport_Noise\Dataset_Airplane\audio\audio\0\000000_2023-04-19_11-13-20_0_1.wav,AIRCRAFT
C:\Users\Fatih\Desktop\TUBITAK\Airport_Noise\Dataset_Airplane\audio\audio\0\000000_2023-04-19_11-13-50_0_1.wav,AIRCRAFT
C:\Users\Fatih\Desktop\TUBITAK\Airport_Noise\Dataset_Airplane\audio\audio\0\000000_2023-04-19_11-15-10_0_1.wav,AIRCRAFT
C:\Users\Fatih\Desktop\TUBITAK\Airport_Noise\Dataset_Airplane\audio\audio\0\000000_2023-04-19_11-17-51_0_1.wav,AIRCRAFT
C:\Users\Fatih\Desktop\TUBITAK\Airport_Noise\Dataset_Airplane\audio\audio\0\000000_2023-04-19_11-39-22_0_1.wav,AIRCRAFT
C:\Users\Fatih\Desktop\TUBITAK\Airport_Noise\Dataset_Airplane\audio\audio\0\000000_2023-04-19_11-54-58_0_1.wav,AIRCRAFT
C:\Users\Fatih\Desktop\TUBITAK\Airport_Noise\Dataset_Airplane\audio\audio\0\000000_2023-04-21_07-36-32_0_1.wav,AIRCRAFT
C:\Users\Fatih\Desktop\TUBITAK\Airport_Noise\Dataset_Airplane\audio\audio\0\000000_2023-04-21_07-37-02_0_1.wav,AIRCRAFT
C:\Users\Fatih\Desktop\TUBITAK\Airport_Noise\Dataset_Airplane\audio\audio\0\000000_2023-04-21_07-55-13_0_1.wav,AIRCRAFT
C:\Users\Fatih\Desktop\TUBITAK\Airport_Noise\Dataset_Airplane\audio\audio\0\000000_2023-04-21_08-06-44_0_1.wav,AIRCRAFT
C:\Users\Fatih\Desktop\TUBITAK\Airport_Noise\Dataset_Airplane\audio\audio\0\000000_2023-04-21_08-07-14_0_1.wav,AIRCRAFT
C:\Users\Fatih\Desktop\TUBITAK\Airport_Noise\Dataset_Airplane\audio\audio\0\000000_2023-04-21_08-13-29_0_1.wav,AIRCRAFT
C:\Users\Fatih\Desktop\TUBITAK\Airport_Noise\Dataset_Airplane\audio\audio\0\000000_2023-04-21_08-16-45_0_1.wav,AIRCRAFT
C:\Users\Fatih\Desktop\TUBITAK\Airport_Noise\Dataset_Airplane\audio\audio\0\000000_2023-04-21_08-17-20_0_1.wav,AIRCRAFT
C:\Users\Fatih\Desktop\TUBITAK\Airport_Noise\Dataset_Airplane\audio\audio\0\000000_2023-04-21_08-17-50_0_1.wav,AIRCRAFT
C:\Users\Fatih\Desktop\TUBITAK\Airport_Noise\Dataset_Airplane\audio\audio\0\000000_2023-04-21_08-18-20_0_1.wav,AIRCRAFT
C:\Users\Fatih\Desktop\TUBITAK\Airport_Noise\Dataset_Airplane\audio\audio\0\000000_2023-04-21_08-18-50_0_1.wav,AIRCRAFT
C:\Users\Fatih\Desktop\TUBITAK\Airport_Noise\Dataset_Airplane\audio\audio\0\000000_2023-04-21_08-19-20_0_1.wav,AIRCRAFT
C:\Users\Fatih\Desktop\TUBITAK\Airport_Noise\Dataset_Airplane\audio\audio\0\000000_2023-04-21_08-20-00_0_1.wav,AIRCRAFT
C:\Users\Fatih\Desktop\TUBITAK\Airport_Noise\Dataset_Airplane\audio\audio\0\000000_2023-04-21_08-20-30_0_1.wav,AIRCRAFT
C:\Users\Fatih\Desktop\TUBITAK\Airport_Noise\Dataset_Airplane\audio\audio\0\000000_2023-04-21_08-22-31_0_1.wav,AIRCRAFT
C:\Users\Fatih\Desktop\TUBITAK\Airport_Noise\Dataset_Airplane\audio\audio\0\000000_2023-04-21_08-23-02_0_1.wav,AIRCRAFT
C:\Users\Fatih\Desktop\TUBITAK\Airport_Noise\Dataset_Airplane\audio\audio\0\000000_2023-04-21_08-23-32_0_1.wav,AIRCRAFT
C:\Users\Fatih\Desktop\TUBITAK\Airport_Noise\Dataset_Airplane\audio\audio\0\000000_2023-04-21_08-24-02_0_1.wav,AIRCRAFT
C:\Users\Fatih\Desktop\TUBITAK\Airport_Noise\Dataset_Airplane\audio\audio\0\000000_2023-04-21_08-25-02_0_1.wav,AIRCRAFT
C:\Users\Fatih\Desktop\TUBITAK\Airport_Noise\Dataset_Airplane\audio\audio\0\000000_2023-04-21_08-25-32_0_1.wav,AIRCRAFT
C:\Users\Fatih\Desktop\TUBITAK\Airport_Noise\Dataset_Airplane\audio\audio\0\000000_2023-04-21_08-26-02_0_1.wav,AIRCRAFT
C:\Users\Fatih\Desktop\TUBITAK\Airport_Noise\Dataset_Airplane\audio\audio\0\000000_2023-04-21_08-26-52_0_1.wav,AIRCRAFT
C:\Users\Fatih\Desktop\TUBITAK\Airport_Noise\Dataset_Airplane\audio\audio\0\000000_2023-04-21_08-32-08_0_1.wav,AIRCRAFT
C:\Users\Fatih\Desktop\TUBITAK\Airport_Noise\Dataset_Airplane\audio\audio\0\000000_2023-04-21_08-32-38_0_1.wav,AIRCRAFT
C:\Users\Fatih\Desktop\TUBITAK\Airport_Noise\Dataset_Airplane\audio\audio\0\000000_2023-04-21_08-33-08_0_1.wav,AIRCRAFT
C:\Users\Fatih\Desktop\TUBITAK\Airport_Noise\Dataset_Airplane\audio\audio\0\000000_2023-04-21_08-33-38_0_1.wav,AIRCRAFT
C:\Users\Fatih\Desktop\TUBITAK\Airport_Noise\Dataset_Airplane\audio\audio\0\000000_2023-04-21_08-34-08_0_1.wav,AIRCRAFT
C:\Users\Fatih\Desktop\TUBITAK\Airport_Noise\Dataset_Airplane\audio\audio\0\000000_2023-04-21_08-34-39_0_1.wav,AIRCRAFT
C:\Users\Fatih\Desktop\TUBITAK\Airport_Noise\Dataset_Airplane\audio\audio\0\000000_2023-04-21_08-35-09_0_1.wav,AIRCRAFT
C:\Users\Fatih\Desktop\TUBITAK\Airport_Noise\Dataset_Airplane\audio\audio\0\000000_2023-04-21_08-44-34_0_1.wav,AIRCRAFT
C:\Users\Fatih\Desktop\TUBITAK\Airport_Noise\Dataset_Airplane\audio\audio\0\000000_2023-04-21_08-46-55_0_1.wav,AIRCRAFT
C:\Users\Fatih\Desktop\TUBITAK\Airport_Noise\Dataset_Airplane\audio\audio\0\000000_2023-04-21_08-47-25_0_1.wav,AIRCRAFT
C:\Users\Fatih\Desktop\TUBITAK\Airport_Noise\Dataset_Airplane\audio\audio\0\000000_2023-04-21_08-47-55_0_1.wav,AIRCRAFT
C:\Users\Fatih\Desktop\TUBITAK\Airport_Noise\Dataset_Airplane\audio\audio\0\000000_2023-04-21_08-48-26_0_1.wav,AIRCRAFT
C:\Users\Fatih\Desktop\TUBITAK\Airport_Noise\Dataset_Airplane\audio\audio\0\000000_2023-04-21_14-44-29_0_1.wav,AIRCRAFT
C:\Users\Fatih\Desktop\TUBITAK\Airport_Noise\Dataset_Airplane\audio\audio\0\000000_2023-04-21_15-06-51_0_1.wav,AIRCRAFT
C:\Users\Fatih\Desktop\TUBITAK\Airport_Noise\Dataset_Airplane\audio\audio\0\000000_2023-04-21_16-07-43_0_1.wav,AIRCRAFT
C:\Users\Fatih\Desktop\TUBITAK\Airport_Noise\Dataset_Airplane\audio\audio\0\000000_2023-04-21_16-28-14_0_1.wav,AIRCRAFT
C:\Users\Fatih\Desktop\TUBITAK\Airport_Noise\Dataset_Airplane\audio\audio\0\000000_2023-04-21_16-33-39_0_1.wav,AIRCRAFT
C:\Users\Fatih\Desktop\TUBITAK\Airport_Noise\Dataset_Airplane\audio\audio\0\000000_2023-04-21_16-34-10_0_1.wav,AIRCRAFT
C:\Users\Fatih\Desktop\TUBITAK\Airport_Noise\Dataset_Airplane\audio\audio\0\000000_2023-04-21_16-41-50_0_1.wav,AIRCRAFT
C:\Users\Fatih\Desktop\TUBITAK\Airport_Noise\Dataset_Airplane\audio\audio\0\000000_2023-04-21_16-43-40_0_1.wav,AIRCRAFT
C:\Users\Fatih\Desktop\TUBITAK\Airport_Noise\Dataset_Airplane\audio\audio\0\000000_2023-04-21_16-48-05_0_1.wav,AIRCRAFT
C:\Users\Fatih\Desktop\TUBITAK\Airport_Noise\Dataset_Airplane\audio\audio\0\000000_2023-04-21_16-48-35_0_1.wav,AIRCRAFT
C:\Users\Fatih\Desktop\TUBITAK\Airport_Noise\Dataset_Airplane\audio\audio\0\000000_2023-04-21_16-49-06_0_1.wav,AIRCRAFT
C:\Users\Fatih\Desktop\TUBITAK\Airport_Noise\Dataset_Airplane\audio\audio\0\000000_2023-04-21_16-49-36_0_1.wav,AIRCRAFT
C:\Users\Fatih\Desktop\TUBITAK\Airport_Noise\Dataset_Airplane\audio\audio\0\000000_2023-04-21_16-50-06_0_1.wav,AIRCRAFT
C:\Users\Fatih\Desktop\TUBITAK\Airport_Noise\Dataset_Airplane\audio\audio\0\000000_2023-04-21_16-50-36_0_1.wav,AIRCRAFT
C:\Users\Fatih\Desktop\TUBITAK\Airport_Noise\Dataset_Airplane\audio\audio\0\000000_2023-04-21_16-52-41_0_1.wav,AIRCRAFT
C:\Users\Fatih\Desktop\TUBITAK\Airport_Noise\Dataset_Airplane\audio\audio\0\000000_2023-04-21_16-53-11_0_1.wav,AIRCRAFT
C:\Users\Fatih\Desktop\TUBITAK\Airport_Noise\Dataset_Airplane\audio\audio\0\000000_2023-04-21_16-53-41_0_1.wav,AIRCRAFT
C:\Users\Fatih\Desktop\TUBITAK\Airport_Noise\Dataset_Airplane\audio\audio\0\000000_2023-04-21_16-54-15_0_1.wav,AIRCRAFT
C:\Users\Fatih\Desktop\TUBITAK\Airport_Noise\Dataset_Airplane\audio\audio\0\000000_2023-04-21_16-54-45_0_1.wav,AIRCRAFT
C:\Users\Fatih\Desktop\TUBITAK\Airport_Noise\Dataset_Airplane\audio\audio\0\000000_2023-04-21_16-55-15_0_1.wav,AIRCRAFT
C:\Users\Fatih\Desktop\TUBITAK\Airport_Noise\Dataset_Airplane\audio\audio\0\000000_2023-04-21_16-55-45_0_1.wav,AIRCRAFT
C:\Users\Fatih\Desktop\TUBITAK\Airport_Noise\Dataset_Airplane\audio\audio\0\000000_2023-04-21_16-56-20_0_1.wav,AIRCRAFT
C:\Users\Fatih\Desktop\TUBITAK\Airport_Noise\Dataset_Airplane\audio\audio\0\000000_2023-04-21_16-57-15_0_1.wav,AIRCRAFT
C:\Users\Fatih\Desktop\TUBITAK\Airport_Noise\Dataset_Airplane\audio\audio\0\000000_2023-04-21_16-58-15_0_1.wav,AIRCRAFT
C:\Users\Fatih\Desktop\TUBITAK\Airport_Noise\Dataset_Airplane\audio\audio\0\000000_2023-04-21_16-58-50_0_1.wav,AIRCRAFT
C:\Users\Fatih\Desktop\TUBITAK\Airport_Noise\Dataset_Airplane\audio\audio\0\000000_2023-04-21_16-59-26_0_1.wav,AIRCRAFT
C:\Users\Fatih\Desktop\TUBITAK\Airport_Noise\Dataset_Airplane\audio\audio\0\000000_2023-04-21_17-04-13_0_1.wav,AIRCRAFT
C:\Users\Fatih\Desktop\TUBITAK\Airport_Noise\Dataset_Airplane\audio\audio\0\000000_2023-04-21_17-04-43_0_1.wav,AIRCRAFT
C:\Users\Fatih\Desktop\TUBITAK\Airport_Noise\Dataset_Airplane\audio\audio\0\000000_2023-04-21_17-05-14_0_1.wav,AIRCRAFT
C:\Users\Fatih\Desktop\TUBITAK\Airport_Noise\Dataset_Airplane\audio\audio\0\000000_2023-04-21_17-05-47_0_1.wav,AIRCRAFT
C:\Users\Fatih\Desktop\TUBITAK\Airport_Noise\Dataset_Airplane\audio\audio\0\000000_2023-04-21_17-06-17_0_1.wav,AIRCRAFT
C:\Users\Fatih\Desktop\TUBITAK\Airport_Noise\Dataset_Airplane\audio\audio\0\000000_2023-04-21_17-06-47_0_1.wav,AIRCRAFT
C:\Users\Fatih\Desktop\TUBITAK\Airport_Noise\Dataset_Airplane\audio\audio\0\000000_2023-04-21_17-07-42_0_1.wav,AIRCRAFT
C:\Users\Fatih\Desktop\TUBITAK\Airport_Noise\Dataset_Airplane\audio\audio\0\000000_2023-04-21_17-08-21_0_1.wav,AIRCRAFT
C:\Users\Fatih\Desktop\TUBITAK\Airport_Noise\Dataset_Airplane\audio\audio\0\000000_2023-04-21_17-08-51_0_1.wav,AIRCRAFT
C:\Users\Fatih\Desktop\TUBITAK\Airport_Noise\Dataset_Airplane\audio\audio\0\000000_2023-04-21_17-09-21_0_1.wav,AIRCRAFT
C:\Users\Fatih\Desktop\TUBITAK\Airport_Noise\Dataset_Airplane\audio\audio\0\000000_2023-04-21_17-10-51_0_1.wav,AIRCRAFT
C:\Users\Fatih\Desktop\TUBITAK\Airport_Noise\Dataset_Airplane\audio\audio\0\000000_2023-04-21_17-16-02_0_1.wav,AIRCRAFT
C:\Users\Fatih\Desktop\TUBITAK\Airport_Noise\Dataset_Airplane\audio\audio\0\000000_2023-04-21_17-16-37_0_1.wav,AIRCRAFT
C:\Users\Fatih\Desktop\TUBITAK\Airport_Noise\Dataset_Airplane\audio\audio\0\000000_2023-04-21_17-17-07_0_1.wav,AIRCRAFT
C:\Users\Fatih\Desktop\TUBITAK\Airport_Noise\Dataset_Airplane\audio\audio\0\000000_2023-04-21_17-17-37_0_1.wav,AIRCRAFT
C:\Users\Fatih\Desktop\TUBITAK\Airport_Noise\Dataset_Airplane\audio\audio\0\000000_2023-04-21_17-24-40_0_1.wav,AIRCRAFT
C:\Users\Fatih\Desktop\TUBITAK\Airport_Noise\Dataset_Airplane\audio\audio\0\000000_2023-04-21_17-26-39_0_1.wav,AIRCRAFT
C:\Users\Fatih\Desktop\TUBITAK\Airport_Noise\Dataset_Airplane\audio\audio\0\000000_2023-04-21_17-28-37_0_1.wav,AIRCRAFT
C:\Users\Fatih\Desktop\TUBITAK\Airport_Noise\Dataset_Airplane\audio\audio\0\000000_2023-04-21_17-29-07_0_1.wav,AIRCRAFT
C:\Users\Fatih\Desktop\TUBITAK\Airport_Noise\Dataset_Airplane\audio\audio\0\000000_2023-04-21_17-29-37_0_1.wav,AIRCRAFT
C:\Users\Fatih\Desktop\TUBITAK\Airport_Noise\Dataset_Airplane\audio\audio\0\000000_2023-04-21_17-30-07_0_1.wav,AIRCRAFT
C:\Users\Fatih\Desktop\TUBITAK\Airport_Noise\Dataset_Airplane\audio\audio\0\000000_2023-04-21_17-35-47_0_1.wav,AIRCRAFT
C:\Users\Fatih\Desktop\TUBITAK\Airport_Noise\Dataset_Airplane\audio\audio\0\000000_2023-04-21_17-36-19_0_1.wav,AIRCRAFT
C:\Users\Fatih\Desktop\TUBITAK\Airport_Noise\Dataset_Airplane\audio\audio\0\000000_2023-04-21_17-36-49_0_1.wav,AIRCRAFT
C:\Users\Fatih\Desktop\TUBITAK\Airport_Noise\Dataset_Airplane\audio\audio\0\000000_2023-04-21_17-37-20_0_1.wav,AIRCRAFT
C:\Users\Fatih\Desktop\TUBITAK\Airport_Noise\Dataset_Airplane\audio\audio\0\000000_2023-04-21_17-37-50_0_1.wav,AIRCRAFT
C:\Users\Fatih\Desktop\TUBITAK\Airport_Noise\Dataset_Airplane\audio\audio\0\000000_2023-04-21_17-38-20_0_1.wav,AIRCRAFT
C:\Users\Fatih\Desktop\TUBITAK\Airport_Noise\Dataset_Airplane\audio\audio\0\000000_2023-04-21_17-38-50_0_1.wav,AIRCRAFT
C:\Users\Fatih\Desktop\TUBITAK\Airport_Noise\Dataset_Airplane\audio\audio\0\000000_2023-04-21_17-39-35_0_1.wav,AIRCRAFT
C:\Users\Fatih\Desktop\TUBITAK\Airport_Noise\Dataset_Airplane\audio\audio\0\000000_2023-04-21_17-40-05_0_1.wav,AIRCRAFT
C:\Users\Fatih\Desktop\TUBITAK\Airport_Noise\Dataset_Airplane\audio\audio\0\000000_2023-04-21_17-40-35_0_1.wav,AIRCRAFT
C:\Users\Fatih\Desktop\TUBITAK\Airport_Noise\Dataset_Airplane\audio\audio\0\000000_2023-04-21_17-41-05_0_1.wav,AIRCRAFT
C:\Users\Fatih\Desktop\TUBITAK\Airport_Noise\Dataset_Airplane\audio\audio\0\000000_2023-04-21_17-48-21_0_1.wav,AIRCRAFT
C:\Users\Fatih\Desktop\TUBITAK\Airport_Noise\Dataset_Airplane\audio\audio\0\000000_2023-04-21_17-48-51_0_1.wav,AIRCRAFT
C:\Users\Fatih\Desktop\TUBITAK\Airport_Noise\Dataset_Airplane\audio\audio\0\000000_2023-04-22_06-40-38_0_1.wav,AIRCRAFT
C:\Users\Fatih\Desktop\TUBITAK\Airport_Noise\Dataset_Airplane\audio\audio\0\000000_2023-04-22_06-41-09_0_1.wav,AIRCRAFT
C:\Users\Fatih\Desktop\TUBITAK\Airport_Noise\Dataset_Airplane\audio\audio\0\000000_2023-04-22_06-41-39_0_1.wav,AIRCRAFT
C:\Users\Fatih\Desktop\TUBITAK\Airport_Noise\Dataset_Airplane\audio\audio\0\000000_2023-04-22_06-42-09_0_1.wav,AIRCRAFT
C:\Users\Fatih\Desktop\TUBITAK\Airport_Noise\Dataset_Airplane\audio\audio\0\000000_2023-04-22_06-42-39_0_1.wav,AIRCRAFT
C:\Users\Fatih\Desktop\TUBITAK\Airport_Noise\Dataset_Airplane\audio\audio\0\000000_2023-04-22_06-43-17_0_1.wav,AIRCRAFT
C:\Users\Fatih\Desktop\TUBITAK\Airport_Noise\Dataset_Airplane\audio\audio\0\000000_2023-04-22_06-43-47_0_1.wav,AIRCRAFT
C:\Users\Fatih\Desktop\TUBITAK\Airport_Noise\Dataset_Airplane\audio\audio\0\000000_2023-04-22_06-44-17_0_1.wav,AIRCRAFT
C:\Users\Fatih\Desktop\TUBITAK\Airport_Noise\Dataset_Airplane\audio\audio\0\000000_2023-04-22_06-44-47_0_1.wav,AIRCRAFT
C:\Users\Fatih\Desktop\TUBITAK\Airport_Noise\Dataset_Airplane\audio\audio\0\000000_2023-04-22_06-45-17_0_1.wav,AIRCRAFT
C:\Users\Fatih\Desktop\TUBITAK\Airport_Noise\Dataset_Airplane\audio\audio\0\000000_2023-04-22_06-45-47_0_1.wav,AIRCRAFT
C:\Users\Fatih\Desktop\TUBITAK\Airport_Noise\Dataset_Airplane\audio\audio\0\000000_2023-04-22_06-46-17_0_1.wav,AIRCRAFT
C:\Users\Fatih\Desktop\TUBITAK\Airport_Noise\Dataset_Airplane\audio\audio\0\000000_2023-04-22_06-46-47_0_1.wav,AIRCRAFT
C:\Users\Fatih\Desktop\TUBITAK\Airport_Noise\Dataset_Airplane\audio\audio\0\000000_2023-04-22_06-47-18_0_1.wav,AIRCRAFT
C:\Users\Fatih\Desktop\TUBITAK\Airport_Noise\Dataset_Airplane\audio\audio\0\000000_2023-04-22_06-47-48_0_1.wav,AIRCRAFT
C:\Users\Fatih\Desktop\TUBITAK\Airport_Noise\Dataset_Airplane\audio\audio\0\000000_2023-04-22_06-48-48_0_1.wav,AIRCRAFT
C:\Users\Fatih\Desktop\TUBITAK\Airport_Noise\Dataset_Airplane\audio\audio\0\000000_2023-04-22_06-49-18_0_1.wav,AIRCRAFT
C:\Users\Fatih\Desktop\TUBITAK\Airport_Noise\Dataset_Airplane\audio\audio\0\000000_2023-04-22_06-49-48_0_1.wav,AIRCRAFT
C:\Users\Fatih\Desktop\TUBITAK\Airport_Noise\Dataset_Airplane\audio\audio\0\000000_2023-04-22_06-50-18_0_1.wav,AIRCRAFT
C:\Users\Fatih\Desktop\TUBITAK\Airport_Noise\Dataset_Airplane\audio\audio\0\000000_2023-04-22_06-50-48_0_1.wav,AIRCRAFT
C:\Users\Fatih\Desktop\TUBITAK\Airport_Noise\Dataset_Airplane\audio\audio\0\000000_2023-04-22_06-51-19_0_1.wav,AIRCRAFT
C:\Users\Fatih\Desktop\TUBITAK\Airport_Noise\Dataset_Airplane\audio\audio\0\000000_2023-04-22_06-51-49_0_1.wav,AIRCRAFT
C:\Users\Fatih\Desktop\TUBITAK\Airport_Noise\Dataset_Airplane\audio\audio\0\000000_2023-04-22_06-52-19_0_1.wav,AIRCRAFT
C:\Users\Fatih\Desktop\TUBITAK\Airport_Noise\Dataset_Airplane\audio\audio\0\000000_2023-04-22_06-52-49_0_1.wav,AIRCRAFT
C:\Users\Fatih\Desktop\TUBITAK\Airport_Noise\Dataset_Airplane\audio\audio\0\000000_2023-04-22_06-54-19_0_1.wav,AIRCRAFT
C:\Users\Fatih\Desktop\TUBITAK\Airport_Noise\Dataset_Airplane\audio\audio\0\000000_2023-04-22_06-54-49_0_1.wav,AIRCRAFT
C:\Users\Fatih\Desktop\TUBITAK\Airport_Noise\Dataset_Airplane\audio\audio\0\000000_2023-04-22_06-55-19_0_1.wav,AIRCRAFT
C:\Users\Fatih\Desktop\TUBITAK\Airport_Noise\Dataset_Airplane\audio\audio\0\000000_2023-04-22_07-04-30_0_1.wav,AIRCRAFT
C:\Users\Fatih\Desktop\TUBITAK\Airport_Noise\Dataset_Airplane\audio\audio\0\000000_2023-04-22_07-05-25_0_1.wav,AIRCRAFT
C:\Users\Fatih\Desktop\TUBITAK\Airport_Noise\Dataset_Airplane\audio\audio\0\000000_2023-04-22_07-11-55_0_1.wav,AIRCRAFT
C:\Users\Fatih\Desktop\TUBITAK\Airport_Noise\Dataset_Airplane\audio\audio\0\000000_2023-04-22_07-12-26_0_1.wav,AIRCRAFT
C:\Users\Fatih\Desktop\TUBITAK\Airport_Noise\Dataset_Airplane\audio\audio\0\000000_2023-04-22_07-12-56_0_1.wav,AIRCRAFT
C:\Users\Fatih\Desktop\TUBITAK\Airport_Noise\Dataset_Airplane\audio\audio\0\000000_2023-04-22_07-16-55_0_1.wav,AIRCRAFT
C:\Users\Fatih\Desktop\TUBITAK\Airport_Noise\Dataset_Airplane\audio\audio\0\000000_2023-04-22_07-17-45_0_1.wav,AIRCRAFT
C:\Users\Fatih\Desktop\TUBITAK\Airport_Noise\Dataset_Airplane\audio\audio\0\000000_2023-04-22_07-18-15_0_1.wav,AIRCRAFT
C:\Users\Fatih\Desktop\TUBITAK\Airport_Noise\Dataset_Airplane\audio\audio\0\000000_2023-04-22_07-18-46_0_1.wav,AIRCRAFT
C:\Users\Fatih\Desktop\TUBITAK\Airport_Noise\Dataset_Airplane\audio\audio\0\000000_2023-04-22_07-23-36_0_1.wav,AIRCRAFT
C:\Users\Fatih\Desktop\TUBITAK\Airport_Noise\Dataset_Airplane\audio\audio\0\000000_2023-04-22_07-30-06_0_1.wav,AIRCRAFT
C:\Users\Fatih\Desktop\TUBITAK\Airport_Noise\Dataset_Airplane\audio\audio\0\000000_2023-04-22_07-30-51_0_1.wav,AIRCRAFT
C:\Users\Fatih\Desktop\TUBITAK\Airport_Noise\Dataset_Airplane\audio\audio\0\000000_2023-04-22_07-31-27_0_1.wav,AIRCRAFT
C:\Users\Fatih\Desktop\TUBITAK\Airport_Noise\Dataset_Airplane\audio\audio\0\000000_2023-04-22_07-32-05_0_1.wav,AIRCRAFT
C:\Users\Fatih\Desktop\TUBITAK\Airport_Noise\Dataset_Airplane\audio\audio\0\000000_2023-04-22_07-32-35_0_1.wav,AIRCRAFT
C:\Users\Fatih\Desktop\TUBITAK\Airport_Noise\Dataset_Airplane\audio\audio\0\000000_2023-04-22_07-34-37_0_1.wav,AIRCRAFT
C:\Users\Fatih\Desktop\TUBITAK\Airport_Noise\Dataset_Airplane\audio\audio\0\000000_2023-04-22_07-35-07_0_1.wav,AIRCRAFT
C:\Users\Fatih\Desktop\TUBITAK\Airport_Noise\Dataset_Airplane\audio\audio\0\000000_2023-04-22_07-35-37_0_1.wav,AIRCRAFT
C:\Users\Fatih\Desktop\TUBITAK\Airport_Noise\Dataset_Airplane\audio\audio\0\000000_2023-04-22_07-36-07_0_1.wav,AIRCRAFT
C:\Users\Fatih\Desktop\TUBITAK\Airport_Noise\Dataset_Airplane\audio\audio\0\000000_2023-04-22_07-38-03_0_1.wav,AIRCRAFT
C:\Users\Fatih\Desktop\TUBITAK\Airport_Noise\Dataset_Airplane\audio\audio\0\000000_2023-04-22_07-38-33_0_1.wav,AIRCRAFT
C:\Users\Fatih\Desktop\TUBITAK\Airport_Noise\Dataset_Airplane\audio\audio\0\000000_2023-04-22_07-39-03_0_1.wav,AIRCRAFT
C:\Users\Fatih\Desktop\TUBITAK\Airport_Noise\Dataset_Airplane\audio\audio\0\000000_2023-04-22_07-39-38_0_1.wav,AIRCRAFT
C:\Users\Fatih\Desktop\TUBITAK\Airport_Noise\Dataset_Airplane\audio\audio\0\000000_2023-04-22_07-40-28_0_1.wav,AIRCRAFT
C:\Users\Fatih\Desktop\TUBITAK\Airport_Noise\Dataset_Airplane\audio\audio\0\000000_2023-04-22_07-41-28_0_1.wav,AIRCRAFT
C:\Users\Fatih\Desktop\TUBITAK\Airport_Noise\Dataset_Airplane\audio\audio\0\000000_2023-04-22_07-41-58_0_1.wav,AIRCRAFT
C:\Users\Fatih\Desktop\TUBITAK\Airport_Noise\Dataset_Airplane\audio\audio\0\000000_2023-04-22_10-00-19_0_1.wav,AIRCRAFT
C:\Users\Fatih\Desktop\TUBITAK\Airport_Noise\Dataset_Airplane\audio\audio\0\000000_2023-04-22_10-02-29_0_1.wav,AIRCRAFT
C:\Users\Fatih\Desktop\TUBITAK\Airport_Noise\Dataset_Airplane\audio\audio\0\000000_2023-04-22_10-29-06_0_1.wav,AIRCRAFT
C:\Users\Fatih\Desktop\TUBITAK\Airport_Noise\Dataset_Airplane\audio\audio\0\000000_2023-04-22_10-29-41_0_1.wav,AIRCRAFT
C:\Users\Fatih\Desktop\TUBITAK\Airport_Noise\Dataset_Airplane\audio\audio\0\000000_2023-04-22_10-30-36_0_1.wav,AIRCRAFT
C:\Users\Fatih\Desktop\TUBITAK\Airport_Noise\Dataset_Airplane\audio\audio\0\000000_2023-04-22_10-31-07_0_1.wav,AIRCRAFT
C:\Users\Fatih\Desktop\TUBITAK\Airport_Noise\Dataset_Airplane\audio\audio\0\000000_2023-04-22_10-31-37_0_1.wav,AIRCRAFT
C:\Users\Fatih\Desktop\TUBITAK\Airport_Noise\Dataset_Airplane\audio\audio\0\000000_2023-04-22_10-32-07_0_1.wav,AIRCRAFT
C:\Users\Fatih\Desktop\TUBITAK\Airport_Noise\Dataset_Airplane\audio\audio\0\000000_2023-04-22_10-32-37_0_1.wav,AIRCRAFT
C:\Users\Fatih\Desktop\TUBITAK\Airport_Noise\Dataset_Airplane\audio\audio\0\000000_2023-04-22_10-35-57_0_1.wav,AIRCRAFT
C:\Users\Fatih\Desktop\TUBITAK\Airport_Noise\Dataset_Airplane\audio\audio\0\000000_2023-04-22_10-36-27_0_1.wav,AIRCRAFT
C:\Users\Fatih\Desktop\TUBITAK\Airport_Noise\Dataset_Airplane\audio\audio\0\000000_2023-04-22_10-58-59_0_1.wav,AIRCRAFT
C:\Users\Fatih\Desktop\TUBITAK\Airport_Noise\Dataset_Airplane\audio\audio\0\000000_2023-04-22_10-59-29_0_1.wav,AIRCRAFT
C:\Users\Fatih\Desktop\TUBITAK\Airport_Noise\Dataset_Airplane\audio\audio\0\000000_2023-04-22_11-00-44_0_1.wav,AIRCRAFT
C:\Users\Fatih\Desktop\TUBITAK\Airport_Noise\Dataset_Airplane\audio\audio\0\000000_2023-04-22_11-02-29_0_1.wav,AIRCRAFT
C:\Users\Fatih\Desktop\TUBITAK\Airport_Noise\Dataset_Airplane\audio\audio\0\000000_2023-04-22_11-02-59_0_1.wav,AIRCRAFT
C:\Users\Fatih\Desktop\TUBITAK\Airport_Noise\Dataset_Airplane\audio\audio\0\000000_2023-04-22_11-03-29_0_1.wav,AIRCRAFT
C:\Users\Fatih\Desktop\TUBITAK\Airport_Noise\Dataset_Airplane\audio\audio\0\000000_2023-04-22_11-03-59_0_1.wav,AIRCRAFT
C:\Users\Fatih\Desktop\TUBITAK\Airport_Noise\Dataset_Airplane\audio\audio\0\000000_2023-04-22_11-04-30_0_1.wav,AIRCRAFT
C:\Users\Fatih\Desktop\TUBITAK\Airport_Noise\Dataset_Airplane\audio\audio\0\000000_2023-04-22_11-05-00_0_1.wav,AIRCRAFT
C:\Users\Fatih\Desktop\TUBITAK\Airport_Noise\Dataset_Airplane\audio\audio\0\000000_2023-04-22_11-05-30_0_1.wav,AIRCRAFT
C:\Users\Fatih\Desktop\TUBITAK\Airport_Noise\Dataset_Airplane\audio\audio\0\000000_2023-04-22_11-06-00_0_1.wav,AIRCRAFT
C:\Users\Fatih\Desktop\TUBITAK\Airport_Noise\Dataset_Airplane\audio\audio\0\000000_2023-04-22_11-06-30_0_1.wav,AIRCRAFT
C:\Users\Fatih\Desktop\TUBITAK\Airport_Noise\Dataset_Airplane\audio\audio\0\000000_2023-04-22_11-07-00_0_1.wav,AIRCRAFT
C:\Users\Fatih\Desktop\TUBITAK\Airport_Noise\Dataset_Airplane\audio\audio\0\000000_2023-04-22_11-07-30_0_1.wav,AIRCRAFT
C:\Users\Fatih\Desktop\TUBITAK\Airport_Noise\Dataset_Airplane\audio\audio\0\000000_2023-04-22_11-08-00_0_1.wav,AIRCRAFT
C:\Users\Fatih\Desktop\TUBITAK\Airport_Noise\Dataset_Airplane\audio\audio\0\000000_2023-04-22_11-08-30_0_1.wav,AIRCRAFT
C:\Users\Fatih\Desktop\TUBITAK\Airport_Noise\Dataset_Airplane\audio\audio\0\000000_2023-04-22_11-09-01_0_1.wav,AIRCRAFT
C:\Users\Fatih\Desktop\TUBITAK\Airport_Noise\Dataset_Airplane\audio\audio\0\000000_2023-04-22_11-09-31_0_1.wav,AIRCRAFT
C:\Users\Fatih\Desktop\TUBITAK\Airport_Noise\Dataset_Airplane\audio\audio\0\000000_2023-04-22_11-10-01_0_1.wav,AIRCRAFT
C:\Users\Fatih\Desktop\TUBITAK\Airport_Noise\Dataset_Airplane\audio\audio\0\000000_2023-04-22_11-10-31_0_1.wav,AIRCRAFT
C:\Users\Fatih\Desktop\TUBITAK\Airport_Noise\Dataset_Airplane\audio\audio\0\000000_2023-04-22_11-11-01_0_1.wav,AIRCRAFT
C:\Users\Fatih\Desktop\TUBITAK\Airport_Noise\Dataset_Airplane\audio\audio\0\000000_2023-04-22_11-12-01_0_1.wav,AIRCRAFT
C:\Users\Fatih\Desktop\TUBITAK\Airport_Noise\Dataset_Airplane\audio\audio\0\000000_2023-04-22_11-13-06_0_1.wav,AIRCRAFT
C:\Users\Fatih\Desktop\TUBITAK\Airport_Noise\Dataset_Airplane\audio\audio\0\000000_2023-04-22_11-13-41_0_1.wav,AIRCRAFT
C:\Users\Fatih\Desktop\TUBITAK\Airport_Noise\Dataset_Airplane\audio\audio\0\000000_2023-04-22_11-14-12_0_1.wav,AIRCRAFT
C:\Users\Fatih\Desktop\TUBITAK\Airport_Noise\Dataset_Airplane\audio\audio\0\000000_2023-04-22_11-14-42_0_1.wav,AIRCRAFT
C:\Users\Fatih\Desktop\TUBITAK\Airport_Noise\Dataset_Airplane\audio\audio\0\000000_2023-04-22_11-15-12_0_1.wav,AIRCRAFT
C:\Users\Fatih\Desktop\TUBITAK\Airport_Noise\Dataset_Airplane\audio\audio\0\000000_2023-04-22_15-30-38_0_1.wav,AIRCRAFT
C:\Users\Fatih\Desktop\TUBITAK\Airport_Noise\Dataset_Airplane\audio\audio\0\000000_2023-04-24_11-23-47_1_1.wav,AIRCRAFT
C:\Users\Fatih\Desktop\TUBITAK\Airport_Noise\Dataset_Airplane\audio\audio\0\000000_2023-04-24_11-24-47_1_1.wav,AIRCRAFT
C:\Users\Fatih\Desktop\TUBITAK\Airport_Noise\Dataset_Airplane\audio\audio\0\000000_2023-04-24_11-30-46_1_1.wav,AIRCRAFT
C:\Users\Fatih\Desktop\TUBITAK\Airport_Noise\Dataset_Airplane\audio\audio\0\000000_2023-04-24_11-31-16_1_1.wav,AIRCRAFT
C:\Users\Fatih\Desktop\TUBITAK\Airport_Noise\Dataset_Airplane\audio\audio\0\000000_2023-04-24_11-31-46_1_1.wav,AIRCRAFT
C:\Users\Fatih\Desktop\TUBITAK\Airport_Noise\Dataset_Airplane\audio\audio\0\000000_2023-04-24_11-32-16_1_1.wav,AIRCRAFT
C:\Users\Fatih\Desktop\TUBITAK\Airport_Noise\Dataset_Airplane\audio\audio\0\000000_2023-04-24_11-54-43_1_1.wav,AIRCRAFT
C:\Users\Fatih\Desktop\TUBITAK\Airport_Noise\Dataset_Airplane\audio\audio\0\000000_2023-04-24_11-55-13_1_1.wav,AIRCRAFT
C:\Users\Fatih\Desktop\TUBITAK\Airport_Noise\Dataset_Airplane\audio\audio\0\000000_2023-04-24_11-56-03_1_1.wav,AIRCRAFT
C:\Users\Fatih\Desktop\TUBITAK\Airport_Noise\Dataset_Airplane\audio\audio\0\000000_2023-04-24_12-03-09_1_1.wav,AIRCRAFT
C:\Users\Fatih\Desktop\TUBITAK\Airport_Noise\Dataset_Airplane\audio\audio\0\000000_2023-04-24_12-03-39_1_1.wav,AIRCRAFT
C:\Users\Fatih\Desktop\TUBITAK\Airport_Noise\Dataset_Airplane\audio\audio\0\000000_2023-04-24_12-04-09_1_1.wav,AIRCRAFT
C:\Users\Fatih\Desktop\TUBITAK\Airport_Noise\Dataset_Airplane\audio\audio\0\000000_2023-04-24_12-06-09_1_1.wav,AIRCRAFT
C:\Users\Fatih\Desktop\TUBITAK\Airport_Noise\Dataset_Airplane\audio\audio\0\000000_2023-04-24_12-06-44_1_1.wav,AIRCRAFT
C:\Users\Fatih\Desktop\TUBITAK\Airport_Noise\Dataset_Airplane\audio\audio\0\000000_2023-04-24_12-07-14_1_1.wav,AIRCRAFT
C:\Users\Fatih\Desktop\TUBITAK\Airport_Noise\Dataset_Airplane\audio\audio\0\000000_2023-04-24_12-07-44_1_1.wav,AIRCRAFT
C:\Users\Fatih\Desktop\TUBITAK\Airport_Noise\Dataset_Airplane\audio\audio\0\000000_2023-04-24_12-08-14_1_1.wav,AIRCRAFT
C:\Users\Fatih\Desktop\TUBITAK\Airport_Noise\Dataset_Airplane\audio\audio\0\000000_2023-04-25_14-43-51_0_1.wav,AIRCRAFT
C:\Users\Fatih\Desktop\TUBITAK\Airport_Noise\Dataset_Airplane\audio\audio\0\000000_2023-04-25_14-51-07_0_1.wav,AIRCRAFT
C:\Users\Fatih\Desktop\TUBITAK\Airport_Noise\Dataset_Airplane\audio\audio\0\000000_2023-04-25_14-55-12_0_1.wav,AIRCRAFT
C:\Users\Fatih\Desktop\TUBITAK\Airport_Noise\Dataset_Airplane\audio\audio\0\000000_2023-04-25_14-55-42_0_1.wav,AIRCRAFT
C:\Users\Fatih\Desktop\TUBITAK\Airport_Noise\Dataset_Airplane\audio\audio\0\000000_2023-04-25_14-56-12_0_1.wav,AIRCRAFT
C:\Users\Fatih\Desktop\TUBITAK\Airport_Noise\Dataset_Airplane\audio\audio\0\000000_2023-04-25_14-56-42_0_1.wav,AIRCRAFT
C:\Users\Fatih\Desktop\TUBITAK\Airport_Noise\Dataset_Airplane\audio\audio\0\000000_2023-04-25_14-57-12_0_1.wav,AIRCRAFT
C:\Users\Fatih\Desktop\TUBITAK\Airport_Noise\Dataset_Airplane\audio\audio\0\000000_2023-04-25_14-57-42_0_1.wav,AIRCRAFT
C:\Users\Fatih\Desktop\TUBITAK\Airport_Noise\Dataset_Airplane\audio\audio\0\000000_2023-04-25_14-58-12_0_1.wav,AIRCRAFT
C:\Users\Fatih\Desktop\TUBITAK\Airport_Noise\Dataset_Airplane\audio\audio\0\000000_2023-04-25_14-58-43_0_1.wav,AIRCRAFT
C:\Users\Fatih\Desktop\TUBITAK\Airport_Noise\Dataset_Airplane\audio\audio\0\000000_2023-04-25_14-59-13_0_1.wav,AIRCRAFT
C:\Users\Fatih\Desktop\TUBITAK\Airport_Noise\Dataset_Airplane\audio\audio\0\000000_2023-04-25_14-59-43_0_1.wav,AIRCRAFT
C:\Users\Fatih\Desktop\TUBITAK\Airport_Noise\Dataset_Airplane\audio\audio\0\000000_2023-04-25_15-01-43_0_1.wav,AIRCRAFT
C:\Users\Fatih\Desktop\TUBITAK\Airport_Noise\Dataset_Airplane\audio\audio\0\000000_2023-04-25_15-06-38_0_1.wav,AIRCRAFT
C:\Users\Fatih\Desktop\TUBITAK\Airport_Noise\Dataset_Airplane\audio\audio\0\000000_2023-04-25_15-13-49_0_1.wav,AIRCRAFT
C:\Users\Fatih\Desktop\TUBITAK\Airport_Noise\Dataset_Airplane\audio\audio\0\000000_2023-04-25_15-14-34_0_1.wav,AIRCRAFT
C:\Users\Fatih\Desktop\TUBITAK\Airport_Noise\Dataset_Airplane\audio\audio\0\000000_2023-04-25_15-15-04_0_1.wav,AIRCRAFT
C:\Users\Fatih\Desktop\TUBITAK\Airport_Noise\Dataset_Airplane\audio\audio\0\000000_2023-04-25_15-15-34_0_1.wav,AIRCRAFT
C:\Users\Fatih\Desktop\TUBITAK\Airport_Noise\Dataset_Airplane\audio\audio\0\000000_2023-04-25_15-16-04_0_1.wav,AIRCRAFT
C:\Users\Fatih\Desktop\TUBITAK\Airport_Noise\Dataset_Airplane\audio\audio\0\000000_2023-04-25_15-16-34_0_1.wav,AIRCRAFT
C:\Users\Fatih\Desktop\TUBITAK\Airport_Noise\Dataset_Airplane\audio\audio\0\000000_2023-04-25_15-17-05_0_1.wav,AIRCRAFT
C:\Users\Fatih\Desktop\TUBITAK\Airport_Noise\Dataset_Airplane\audio\audio\0\000000_2023-04-25_15-17-35_0_1.wav,AIRCRAFT
C:\Users\Fatih\Desktop\TUBITAK\Airport_Noise\Dataset_Airplane\audio\audio\0\000000_2023-04-25_15-18-35_0_1.wav,AIRCRAFT
C:\Users\Fatih\Desktop\TUBITAK\Airport_Noise\Dataset_Airplane\audio\audio\0\000000_2023-04-25_15-20-05_0_1.wav,AIRCRAFT
C:\Users\Fatih\Desktop\TUBITAK\Airport_Noise\Dataset_Airplane\audio\audio\0\000000_2023-04-25_15-21-05_0_1.wav,AIRCRAFT
C:\Users\Fatih\Desktop\TUBITAK\Airport_Noise\Dataset_Airplane\audio\audio\0\000000_2023-04-25_15-21-35_0_1.wav,AIRCRAFT
C:\Users\Fatih\Desktop\TUBITAK\Airport_Noise\Dataset_Airplane\audio\audio\0\000000_2023-04-25_15-26-16_0_1.wav,AIRCRAFT
C:\Users\Fatih\Desktop\TUBITAK\Airport_Noise\Dataset_Airplane\audio\audio\0\000000_2023-04-25_15-27-31_0_1.wav,AIRCRAFT
C:\Users\Fatih\Desktop\TUBITAK\Airport_Noise\Dataset_Airplane\audio\audio\0\000000_2023-04-25_15-50-37_0_1.wav,AIRCRAFT
C:\Users\Fatih\Desktop\TUBITAK\Airport_Noise\Dataset_Airplane\audio\audio\0\000000_2023-04-25_15-52-42_0_1.wav,AIRCRAFT
C:\Users\Fatih\Desktop\TUBITAK\Airport_Noise\Dataset_Airplane\audio\audio\0\000000_2023-04-25_15-53-16_0_1.wav,AIRCRAFT
C:\Users\Fatih\Desktop\TUBITAK\Airport_Noise\Dataset_Airplane\audio\audio\0\000000_2023-04-25_15-58-35_0_1.wav,AIRCRAFT
C:\Users\Fatih\Desktop\TUBITAK\Airport_Noise\Dataset_Airplane\audio\audio\0\000000_2023-04-25_15-59-06_0_1.wav,AIRCRAFT
C:\Users\Fatih\Desktop\TUBITAK\Airport_Noise\Dataset_Airplane\audio\audio\0\000000_2023-04-25_15-59-36_0_1.wav,AIRCRAFT
C:\Users\Fatih\Desktop\TUBITAK\Airport_Noise\Dataset_Airplane\audio\audio\0\000000_2023-04-25_16-05-32_0_1.wav,AIRCRAFT
C:\Users\Fatih\Desktop\TUBITAK\Airport_Noise\Dataset_Airplane\audio\audio\0\000000_2023-04-28_08-52-01_0_1.wav,AIRCRAFT
C:\Users\Fatih\Desktop\TUBITAK\Airport_Noise\Dataset_Airplane\audio\audio\0\000000_2023-04-28_08-52-31_0_1.wav,AIRCRAFT
C:\Users\Fatih\Desktop\TUBITAK\Airport_Noise\Dataset_Airplane\audio\audio\0\000000_2023-04-28_08-53-01_0_1.wav,AIRCRAFT
C:\Users\Fatih\Desktop\TUBITAK\Airport_Noise\Dataset_Airplane\audio\audio\0\000000_2023-04-28_09-03-57_0_1.wav,AIRCRAFT
C:\Users\Fatih\Desktop\TUBITAK\Airport_Noise\Dataset_Airplane\audio\audio\0\000000_2023-04-28_09-06-35_0_1.wav,AIRCRAFT
C:\Users\Fatih\Desktop\TUBITAK\Airport_Noise\Dataset_Airplane\audio\audio\0\000000_2023-04-28_09-07-05_0_1.wav,AIRCRAFT
C:\Users\Fatih\Desktop\TUBITAK\Airport_Noise\Dataset_Airplane\audio\audio\0\000000_2023-04-28_09-12-00_0_1.wav,AIRCRAFT
C:\Users\Fatih\Desktop\TUBITAK\Airport_Noise\Dataset_Airplane\audio\audio\0\000000_2023-04-28_09-12-30_0_1.wav,AIRCRAFT
C:\Users\Fatih\Desktop\TUBITAK\Airport_Noise\Dataset_Airplane\audio\audio\0\000000_2023-04-28_09-16-45_0_1.wav,AIRCRAFT
C:\Users\Fatih\Desktop\TUBITAK\Airport_Noise\Dataset_Airplane\audio\audio\0\000000_2023-04-28_09-21-45_0_1.wav,AIRCRAFT
C:\Users\Fatih\Desktop\TUBITAK\Airport_Noise\Dataset_Airplane\audio\audio\0\000000_2023-04-28_09-22-46_0_1.wav,AIRCRAFT
C:\Users\Fatih\Desktop\TUBITAK\Airport_Noise\Dataset_Airplane\audio\audio\0\000000_2023-04-28_09-23-16_0_1.wav,AIRCRAFT
C:\Users\Fatih\Desktop\TUBITAK\Airport_Noise\Dataset_Airplane\audio\audio\0\000000_2023-04-28_09-23-46_0_1.wav,AIRCRAFT
C:\Users\Fatih\Desktop\TUBITAK\Airport_Noise\Dataset_Airplane\audio\audio\0\000000_2023-04-28_09-24-16_0_1.wav,AIRCRAFT
C:\Users\Fatih\Desktop\TUBITAK\Airport_Noise\Dataset_Airplane\audio\audio\0\000000_2023-04-28_09-31-42_0_1.wav,AIRCRAFT
C:\Users\Fatih\Desktop\TUBITAK\Airport_Noise\Dataset_Airplane\audio\audio\0\000000_2023-04-28_09-32-12_0_1.wav,AIRCRAFT
C:\Users\Fatih\Desktop\TUBITAK\Airport_Noise\Dataset_Airplane\audio\audio\0\000000_2023-04-28_09-32-42_0_1.wav,AIRCRAFT
C:\Users\Fatih\Desktop\TUBITAK\Airport_Noise\Dataset_Airplane\audio\audio\0\000000_2023-04-28_09-33-12_0_1.wav,AIRCRAFT
C:\Users\Fatih\Desktop\TUBITAK\Airport_Noise\Dataset_Airplane\audio\audio\0\000000_2023-04-28_09-33-42_0_1.wav,AIRCRAFT
C:\Users\Fatih\Desktop\TUBITAK\Airport_Noise\Dataset_Airplane\audio\audio\0\000000_2023-04-28_09-34-12_0_1.wav,AIRCRAFT
C:\Users\Fatih\Desktop\TUBITAK\Airport_Noise\Dataset_Airplane\audio\audio\0\000000_2023-04-28_09-38-57_0_1.wav,AIRCRAFT
C:\Users\Fatih\Desktop\TUBITAK\Airport_Noise\Dataset_Airplane\audio\audio\0\000000_2023-04-28_09-44-13_0_1.wav,AIRCRAFT
C:\Users\Fatih\Desktop\TUBITAK\Airport_Noise\Dataset_Airplane\audio\audio\0\000000_2023-04-28_09-49-18_0_1.wav,AIRCRAFT
C:\Users\Fatih\Desktop\TUBITAK\Airport_Noise\Dataset_Airplane\audio\audio\0\000000_2023-04-28_09-49-48_0_1.wav,AIRCRAFT
C:\Users\Fatih\Desktop\TUBITAK\Airport_Noise\Dataset_Airplane\audio\audio\0\000000_2023-04-28_09-50-18_0_1.wav,AIRCRAFT
C:\Users\Fatih\Desktop\TUBITAK\Airport_Noise\Dataset_Airplane\audio\audio\0\000000_2023-04-28_09-58-04_0_1.wav,AIRCRAFT
C:\Users\Fatih\Desktop\TUBITAK\Airport_Noise\Dataset_Airplane\audio\audio\0\000000_2023-04-28_09-58-34_0_1.wav,AIRCRAFT
C:\Users\Fatih\Desktop\TUBITAK\Airport_Noise\Dataset_Airplane\audio\audio\0\000000_2023-04-28_09-59-04_0_1.wav,AIRCRAFT
C:\Users\Fatih\Desktop\TUBITAK\Airport_Noise\Dataset_Airplane\audio\audio\0\000000_2023-04-28_09-59-34_0_1.wav,AIRCRAFT
C:\Users\Fatih\Desktop\TUBITAK\Airport_Noise\Dataset_Airplane\audio\audio\0\000000_2023-04-28_10-10-20_0_1.wav,AIRCRAFT
C:\Users\Fatih\Desktop\TUBITAK\Airport_Noise\Dataset_Airplane\audio\audio\0\000000_2023-04-28_10-27-11_0_1.wav,AIRCRAFT
C:\Users\Fatih\Desktop\TUBITAK\Airport_Noise\Dataset_Airplane\audio\audio\0\000000_2023-04-28_10-27-41_0_1.wav,AIRCRAFT
C:\Users\Fatih\Desktop\TUBITAK\Airport_Noise\Dataset_Airplane\audio\audio\0\000000_2023-04-28_10-28-12_0_1.wav,AIRCRAFT
C:\Users\Fatih\Desktop\TUBITAK\Airport_Noise\Dataset_Airplane\audio\audio\0\000000_2023-04-28_10-28-42_0_1.wav,AIRCRAFT
C:\Users\Fatih\Desktop\TUBITAK\Airport_Noise\Dataset_Airplane\audio\audio\0\000000_2023-04-28_10-29-12_0_1.wav,AIRCRAFT
C:\Users\Fatih\Desktop\TUBITAK\Airport_Noise\Dataset_Airplane\audio\audio\0\000000_2023-04-28_10-40-03_0_1.wav,AIRCRAFT
C:\Users\Fatih\Desktop\TUBITAK\Airport_Noise\Dataset_Airplane\audio\audio\0\000000_2023-04-28_10-41-03_0_1.wav,AIRCRAFT
C:\Users\Fatih\Desktop\TUBITAK\Airport_Noise\Dataset_Airplane\audio\audio\0\000000_2023-04-28_10-45-03_0_1.wav,AIRCRAFT
C:\Users\Fatih\Desktop\TUBITAK\Airport_Noise\Dataset_Airplane\audio\audio\0\000000_2023-04-28_10-45-33_0_1.wav,AIRCRAFT
C:\Users\Fatih\Desktop\TUBITAK\Airport_Noise\Dataset_Airplane\audio\audio\0\000000_2023-04-28_10-46-03_0_1.wav,AIRCRAFT
C:\Users\Fatih\Desktop\TUBITAK\Airport_Noise\Dataset_Airplane\audio\audio\0\000000_2023-04-28_10-46-48_0_1.wav,AIRCRAFT
C:\Users\Fatih\Desktop\TUBITAK\Airport_Noise\Dataset_Airplane\audio\audio\0\000000_2023-04-28_10-49-04_0_1.wav,AIRCRAFT
C:\Users\Fatih\Desktop\TUBITAK\Airport_Noise\Dataset_Airplane\audio\audio\0\000000_2023-04-28_10-53-34_0_1.wav,AIRCRAFT
C:\Users\Fatih\Desktop\TUBITAK\Airport_Noise\Dataset_Airplane\audio\audio\0\000000_2023-04-28_11-02-45_0_1.wav,AIRCRAFT
C:\Users\Fatih\Desktop\TUBITAK\Airport_Noise\Dataset_Airplane\audio\audio\0\000000_2023-04-28_11-04-10_0_1.wav,AIRCRAFT
C:\Users\Fatih\Desktop\TUBITAK\Airport_Noise\Dataset_Airplane\audio\audio\0\000000_2023-04-28_11-04-40_0_1.wav,AIRCRAFT
C:\Users\Fatih\Desktop\TUBITAK\Airport_Noise\Dataset_Airplane\audio\audio\0\000000_2023-04-28_11-05-10_0_1.wav,AIRCRAFT
C:\Users\Fatih\Desktop\TUBITAK\Airport_Noise\Dataset_Airplane\audio\audio\0\000000_2023-04-28_11-05-40_0_1.wav,AIRCRAFT
C:\Users\Fatih\Desktop\TUBITAK\Airport_Noise\Dataset_Airplane\audio\audio\0\000000_2023-04-28_11-07-30_0_1.wav,AIRCRAFT
C:\Users\Fatih\Desktop\TUBITAK\Airport_Noise\Dataset_Airplane\audio\audio\0\000000_2023-04-28_11-08-41_0_1.wav,AIRCRAFT
C:\Users\Fatih\Desktop\TUBITAK\Airport_Noise\Dataset_Airplane\audio\audio\0\000000_2023-04-28_11-09-11_0_1.wav,AIRCRAFT
C:\Users\Fatih\Desktop\TUBITAK\Airport_Noise\Dataset_Airplane\audio\audio\0\000000_2023-04-28_11-16-31_0_1.wav,AIRCRAFT
C:\Users\Fatih\Desktop\TUBITAK\Airport_Noise\Dataset_Airplane\audio\audio\0\000000_2023-04-28_11-17-06_0_1.wav,AIRCRAFT
C:\Users\Fatih\Desktop\TUBITAK\Airport_Noise\Dataset_Airplane\audio\audio\0\000000_2023-04-28_11-17-37_0_1.wav,AIRCRAFT
C:\Users\Fatih\Desktop\TUBITAK\Airport_Noise\Dataset_Airplane\audio\audio\0\000000_2023-04-28_11-18-07_0_1.wav,AIRCRAFT
C:\Users\Fatih\Desktop\TUBITAK\Airport_Noise\Dataset_Airplane\audio\audio\0\000000_2023-05-02_13-59-07_0_1.wav,AIRCRAFT
C:\Users\Fatih\Desktop\TUBITAK\Airport_Noise\Dataset_Airplane\audio\audio\0\000000_2023-05-02_13-59-37_0_1.wav,AIRCRAFT
C:\Users\Fatih\Desktop\TUBITAK\Airport_Noise\Dataset_Airplane\audio\audio\0\000000_2023-05-02_14-00-07_0_1.wav,AIRCRAFT
C:\Users\Fatih\Desktop\TUBITAK\Airport_Noise\Dataset_Airplane\audio\audio\0\000000_2023-05-02_14-00-37_0_1.wav,AIRCRAFT
C:\Users\Fatih\Desktop\TUBITAK\Airport_Noise\Dataset_Airplane\audio\audio\0\000000_2023-05-02_14-18-54_0_1.wav,AIRCRAFT
C:\Users\Fatih\Desktop\TUBITAK\Airport_Noise\Dataset_Airplane\audio\audio\0\000000_2023-05-02_14-19-31_0_1.wav,AIRCRAFT
C:\Users\Fatih\Desktop\TUBITAK\Airport_Noise\Dataset_Airplane\audio\audio\0\000000_2023-05-02_14-41-52_0_1.wav,AIRCRAFT
C:\Users\Fatih\Desktop\TUBITAK\Airport_Noise\Dataset_Airplane\audio\audio\0\000000_2023-05-02_14-57-13_0_1.wav,AIRCRAFT
C:\Users\Fatih\Desktop\TUBITAK\Airport_Noise\Dataset_Airplane\audio\audio\0\000000_2023-05-02_14-57-43_0_1.wav,AIRCRAFT
C:\Users\Fatih\Desktop\TUBITAK\Airport_Noise\Dataset_Airplane\audio\audio\0\000000_2023-05-02_15-12-29_0_1.wav,AIRCRAFT
C:\Users\Fatih\Desktop\TUBITAK\Airport_Noise\Dataset_Airplane\audio\audio\0\000000_2023-05-02_15-14-10_0_1.wav,AIRCRAFT
C:\Users\Fatih\Desktop\TUBITAK\Airport_Noise\Dataset_Airplane\audio\audio\0\000000_2023-05-02_15-14-40_0_1.wav,AIRCRAFT
C:\Users\Fatih\Desktop\TUBITAK\Airport_Noise\Dataset_Airplane\audio\audio\0\000000_2023-05-02_15-19-25_0_1.wav,AIRCRAFT
C:\Users\Fatih\Desktop\TUBITAK\Airport_Noise\Dataset_Airplane\audio\audio\0\000000_2023-05-02_15-19-55_0_1.wav,AIRCRAFT
C:\Users\Fatih\Desktop\TUBITAK\Airport_Noise\Dataset_Airplane\audio\audio\0\000000_2023-05-02_15-20-25_0_1.wav,AIRCRAFT
C:\Users\Fatih\Desktop\TUBITAK\Airport_Noise\Dataset_Airplane\audio\audio\0\000000_2023-05-02_15-20-55_0_1.wav,AIRCRAFT
C:\Users\Fatih\Desktop\TUBITAK\Airport_Noise\Dataset_Airplane\audio\audio\0\000000_2023-05-02_15-21-25_0_1.wav,AIRCRAFT
C:\Users\Fatih\Desktop\TUBITAK\Airport_Noise\Dataset_Airplane\audio\audio\0\000000_2023-05-02_15-21-55_0_1.wav,AIRCRAFT
C:\Users\Fatih\Desktop\TUBITAK\Airport_Noise\Dataset_Airplane\audio\audio\0\000000_2023-05-02_15-31-46_0_1.wav,AIRCRAFT
C:\Users\Fatih\Desktop\TUBITAK\Airport_Noise\Dataset_Airplane\audio\audio\0\000000_2023-05-02_15-32-16_0_1.wav,AIRCRAFT
C:\Users\Fatih\Desktop\TUBITAK\Airport_Noise\Dataset_Airplane\audio\audio\0\000000_2023-05-02_15-32-46_0_1.wav,AIRCRAFT
C:\Users\Fatih\Desktop\TUBITAK\Airport_Noise\Dataset_Airplane\audio\audio\0\000000_2023-05-02_15-33-16_0_1.wav,AIRCRAFT
C:\Users\Fatih\Desktop\TUBITAK\Airport_Noise\Dataset_Airplane\audio\audio\0\000000_2023-05-02_15-33-47_0_1.wav,AIRCRAFT
C:\Users\Fatih\Desktop\TUBITAK\Airport_Noise\Dataset_Airplane\audio\audio\0\000000_2023-05-02_15-34-17_0_1.wav,AIRCRAFT
C:\Users\Fatih\Desktop\TUBITAK\Airport_Noise\Dataset_Airplane\audio\audio\0\000000_2023-05-02_15-34-47_0_1.wav,AIRCRAFT
C:\Users\Fatih\Desktop\TUBITAK\Airport_Noise\Dataset_Airplane\audio\audio\0\000000_2023-05-02_15-38-22_0_1.wav,AIRCRAFT
C:\Users\Fatih\Desktop\TUBITAK\Airport_Noise\Dataset_Airplane\audio\audio\0\000000_2023-05-02_15-39-02_0_1.wav,AIRCRAFT
C:\Users\Fatih\Desktop\TUBITAK\Airport_Noise\Dataset_Airplane\audio\audio\0\000000_2023-05-02_15-39-32_0_1.wav,AIRCRAFT
C:\Users\Fatih\Desktop\TUBITAK\Airport_Noise\Dataset_Airplane\audio\audio\0\000000_2023-05-02_15-47-13_0_1.wav,AIRCRAFT
C:\Users\Fatih\Desktop\TUBITAK\Airport_Noise\Dataset_Airplane\audio\audio\0\000000_2023-05-02_15-47-43_0_1.wav,AIRCRAFT
C:\Users\Fatih\Desktop\TUBITAK\Airport_Noise\Dataset_Airplane\audio\audio\0\000000_2023-05-02_15-48-13_0_1.wav,AIRCRAFT
C:\Users\Fatih\Desktop\TUBITAK\Airport_Noise\Dataset_Airplane\audio\audio\0\000000_2023-05-02_15-48-43_0_1.wav,AIRCRAFT
C:\Users\Fatih\Desktop\TUBITAK\Airport_Noise\Dataset_Airplane\audio\audio\0\000000_2023-05-02_15-49-13_0_1.wav,AIRCRAFT
C:\Users\Fatih\Desktop\TUBITAK\Airport_Noise\Dataset_Airplane\audio\audio\0\000000_2023-05-02_15-49-43_0_1.wav,AIRCRAFT
C:\Users\Fatih\Desktop\TUBITAK\Airport_Noise\Dataset_Airplane\audio\audio\0\000000_2023-05-02_15-50-13_0_1.wav,AIRCRAFT
C:\Users\Fatih\Desktop\TUBITAK\Airport_Noise\Dataset_Airplane\audio\audio\0\000000_2023-05-02_15-50-43_0_1.wav,AIRCRAFT
C:\Users\Fatih\Desktop\TUBITAK\Airport_Noise\Dataset_Airplane\audio\audio\0\000000_2023-05-02_15-51-14_0_1.wav,AIRCRAFT
C:\Users\Fatih\Desktop\TUBITAK\Airport_Noise\Dataset_Airplane\audio\audio\0\000000_2023-05-02_15-51-44_0_1.wav,AIRCRAFT
C:\Users\Fatih\Desktop\TUBITAK\Airport_Noise\Dataset_Airplane\audio\audio\0\000000_2023-05-02_15-52-14_0_1.wav,AIRCRAFT
C:\Users\Fatih\Desktop\TUBITAK\Airport_Noise\Dataset_Airplane\audio\audio\0\000000_2023-05-02_15-52-44_0_1.wav,AIRCRAFT
C:\Users\Fatih\Desktop\TUBITAK\Airport_Noise\Dataset_Airplane\audio\audio\0\000000_2023-05-03_10-41-40_0_1.wav,AIRCRAFT
C:\Users\Fatih\Desktop\TUBITAK\Airport_Noise\Dataset_Airplane\audio\audio\0\000000_2023-05-03_10-42-10_0_1.wav,AIRCRAFT
C:\Users\Fatih\Desktop\TUBITAK\Airport_Noise\Dataset_Airplane\audio\audio\0\000000_2023-05-03_10-42-40_0_1.wav,AIRCRAFT
C:\Users\Fatih\Desktop\TUBITAK\Airport_Noise\Dataset_Airplane\audio\audio\0\000000_2023-05-03_10-47-01_0_1.wav,AIRCRAFT
C:\Users\Fatih\Desktop\TUBITAK\Airport_Noise\Dataset_Airplane\audio\audio\0\000000_2023-05-03_10-47-55_0_1.wav,AIRCRAFT
C:\Users\Fatih\Desktop\TUBITAK\Airport_Noise\Dataset_Airplane\audio\audio\0\000000_2023-05-03_10-48-44_0_1.wav,AIRCRAFT
C:\Users\Fatih\Desktop\TUBITAK\Airport_Noise\Dataset_Airplane\audio\audio\0\000000_2023-05-03_10-49-14_0_1.wav,AIRCRAFT
C:\Users\Fatih\Desktop\TUBITAK\Airport_Noise\Dataset_Airplane\audio\audio\0\000000_2023-05-03_10-52-39_0_1.wav,AIRCRAFT
C:\Users\Fatih\Desktop\TUBITAK\Airport_Noise\Dataset_Airplane\audio\audio\0\000000_2023-05-03_10-53-09_0_1.wav,AIRCRAFT
C:\Users\Fatih\Desktop\TUBITAK\Airport_Noise\Dataset_Airplane\audio\audio\0\000000_2023-05-03_10-58-04_0_1.wav,AIRCRAFT
C:\Users\Fatih\Desktop\TUBITAK\Airport_Noise\Dataset_Airplane\audio\audio\0\000000_2023-05-03_11-02-55_0_1.wav,AIRCRAFT
C:\Users\Fatih\Desktop\TUBITAK\Airport_Noise\Dataset_Airplane\audio\audio\0\000000_2023-05-03_11-12-25_0_1.wav,AIRCRAFT
C:\Users\Fatih\Desktop\TUBITAK\Airport_Noise\Dataset_Airplane\audio\audio\0\000000_2023-05-03_11-12-55_0_1.wav,AIRCRAFT
C:\Users\Fatih\Desktop\TUBITAK\Airport_Noise\Dataset_Airplane\audio\audio\0\000000_2023-05-03_11-13-26_0_1.wav,AIRCRAFT
C:\Users\Fatih\Desktop\TUBITAK\Airport_Noise\Dataset_Airplane\audio\audio\0\000000_2023-05-03_11-35-52_0_1.wav,AIRCRAFT
C:\Users\Fatih\Desktop\TUBITAK\Airport_Noise\Dataset_Airplane\audio\audio\0\000000_2023-05-03_11-37-22_0_1.wav,AIRCRAFT
C:\Users\Fatih\Desktop\TUBITAK\Airport_Noise\Dataset_Airplane\audio\audio\0\000000_2023-05-03_11-40-58_0_1.wav,AIRCRAFT
C:\Users\Fatih\Desktop\TUBITAK\Airport_Noise\Dataset_Airplane\audio\audio\0\000000_2023-05-03_11-42-18_0_1.wav,AIRCRAFT
C:\Users\Fatih\Desktop\TUBITAK\Airport_Noise\Dataset_Airplane\audio\audio\0\000000_2023-05-03_11-42-48_0_1.wav,AIRCRAFT
C:\Users\Fatih\Desktop\TUBITAK\Airport_Noise\Dataset_Airplane\audio\audio\0\000000_2023-05-03_11-43-18_0_1.wav,AIRCRAFT
C:\Users\Fatih\Desktop\TUBITAK\Airport_Noise\Dataset_Airplane\audio\audio\0\000000_2023-05-03_11-43-48_0_1.wav,AIRCRAFT
C:\Users\Fatih\Desktop\TUBITAK\Airport_Noise\Dataset_Airplane\audio\audio\0\000000_2023-05-03_11-44-18_0_1.wav,AIRCRAFT
C:\Users\Fatih\Desktop\TUBITAK\Airport_Noise\Dataset_Airplane\audio\audio\0\000000_2023-05-03_11-45-04_0_1.wav,AIRCRAFT
C:\Users\Fatih\Desktop\TUBITAK\Airport_Noise\Dataset_Airplane\audio\audio\0\000000_2023-05-03_11-46-29_0_1.wav,AIRCRAFT
C:\Users\Fatih\Desktop\TUBITAK\Airport_Noise\Dataset_Airplane\audio\audio\0\000000_2023-05-03_11-47-29_0_1.wav,AIRCRAFT
C:\Users\Fatih\Desktop\TUBITAK\Airport_Noise\Dataset_Airplane\audio\audio\0\000000_2023-05-03_11-47-59_0_1.wav,AIRCRAFT
C:\Users\Fatih\Desktop\TUBITAK\Airport_Noise\Dataset_Airplane\audio\audio\0\000000_2023-05-03_11-48-54_0_1.wav,AIRCRAFT
C:\Users\Fatih\Desktop\TUBITAK\Airport_Noise\Dataset_Airplane\audio\audio\0\000000_2023-05-03_11-49-24_0_1.wav,AIRCRAFT
C:\Users\Fatih\Desktop\TUBITAK\Airport_Noise\Dataset_Airplane\audio\audio\0\000000_2023-05-03_11-50-59_0_1.wav,AIRCRAFT
C:\Users\Fatih\Desktop\TUBITAK\Airport_Noise\Dataset_Airplane\audio\audio\0\000000_2023-05-03_11-52-30_0_1.wav,AIRCRAFT
C:\Users\Fatih\Desktop\TUBITAK\Airport_Noise\Dataset_Airplane\audio\audio\0\000000_2023-05-03_11-58-39_0_1.wav,AIRCRAFT
C:\Users\Fatih\Desktop\TUBITAK\Airport_Noise\Dataset_Airplane\audio\audio\0\000000_2023-05-03_11-59-09_0_1.wav,AIRCRAFT
C:\Users\Fatih\Desktop\TUBITAK\Airport_Noise\Dataset_Airplane\audio\audio\0\000000_2023-05-03_11-59-44_0_1.wav,AIRCRAFT
C:\Users\Fatih\Desktop\TUBITAK\Airport_Noise\Dataset_Airplane\audio\audio\0\000000_2023-05-03_12-01-19_0_1.wav,AIRCRAFT
C:\Users\Fatih\Desktop\TUBITAK\Airport_Noise\Dataset_Airplane\audio\audio\0\000000_2023-05-03_12-02-20_0_1.wav,AIRCRAFT
C:\Users\Fatih\Desktop\TUBITAK\Airport_Noise\Dataset_Airplane\audio\audio\0\000000_2023-05-03_12-02-50_0_1.wav,AIRCRAFT
C:\Users\Fatih\Desktop\TUBITAK\Airport_Noise\Dataset_Airplane\audio\audio\0\000000_2023-05-03_12-03-20_0_1.wav,AIRCRAFT
C:\Users\Fatih\Desktop\TUBITAK\Airport_Noise\Dataset_Airplane\audio\audio\0\000000_2023-05-03_12-03-50_0_1.wav,AIRCRAFT
C:\Users\Fatih\Desktop\TUBITAK\Airport_Noise\Dataset_Airplane\audio\audio\0\000000_2023-05-03_12-04-35_0_1.wav,AIRCRAFT
C:\Users\Fatih\Desktop\TUBITAK\Airport_Noise\Dataset_Airplane\audio\audio\0\000000_2023-05-03_12-05-05_0_1.wav,AIRCRAFT
C:\Users\Fatih\Desktop\TUBITAK\Airport_Noise\Dataset_Airplane\audio\audio\0\000000_2023-05-03_12-06-20_0_1.wav,AIRCRAFT
C:\Users\Fatih\Desktop\TUBITAK\Airport_Noise\Dataset_Airplane\audio\audio\0\000000_2023-05-03_12-16-21_0_1.wav,AIRCRAFT
C:\Users\Fatih\Desktop\TUBITAK\Airport_Noise\Dataset_Airplane\audio\audio\0\000000_2023-05-03_12-16-51_0_1.wav,AIRCRAFT
C:\Users\Fatih\Desktop\TUBITAK\Airport_Noise\Dataset_Airplane\audio\audio\0\000000_2023-05-03_12-17-21_0_1.wav,AIRCRAFT
C:\Users\Fatih\Desktop\TUBITAK\Airport_Noise\Dataset_Airplane\audio\audio\0\000000_2023-05-03_12-17-51_0_1.wav,AIRCRAFT
C:\Users\Fatih\Desktop\TUBITAK\Airport_Noise\Dataset_Airplane\audio\audio\0\000000_2023-05-03_12-18-56_0_1.wav,AIRCRAFT
C:\Users\Fatih\Desktop\TUBITAK\Airport_Noise\Dataset_Airplane\audio\audio\0\000000_2023-05-03_12-19-27_0_1.wav,AIRCRAFT
C:\Users\Fatih\Desktop\TUBITAK\Airport_Noise\Dataset_Airplane\audio\audio\0\000000_2023-05-03_12-19-57_0_1.wav,AIRCRAFT
C:\Users\Fatih\Desktop\TUBITAK\Airport_Noise\Dataset_Airplane\audio\audio\0\000000_2023-05-03_12-20-27_0_1.wav,AIRCRAFT
C:\Users\Fatih\Desktop\TUBITAK\Airport_Noise\Dataset_Airplane\audio\audio\0\000000_2023-05-03_12-20-57_0_1.wav,AIRCRAFT
C:\Users\Fatih\Desktop\TUBITAK\Airport_Noise\Dataset_Airplane\audio\audio\0\000000_2023-05-03_12-21-27_0_1.wav,AIRCRAFT
C:\Users\Fatih\Desktop\TUBITAK\Airport_Noise\Dataset_Airplane\audio\audio\0\000000_2023-05-03_12-21-59_0_1.wav,AIRCRAFT
C:\Users\Fatih\Desktop\TUBITAK\Airport_Noise\Dataset_Airplane\audio\audio\0\000000_2023-05-03_12-22-29_0_1.wav,AIRCRAFT
C:\Users\Fatih\Desktop\TUBITAK\Airport_Noise\Dataset_Airplane\audio\audio\0\000000_2023-05-03_12-25-04_0_1.wav,AIRCRAFT
C:\Users\Fatih\Desktop\TUBITAK\Airport_Noise\Dataset_Airplane\audio\audio\0\000000_2023-05-03_12-26-20_0_1.wav,AIRCRAFT
C:\Users\Fatih\Desktop\TUBITAK\Airport_Noise\Dataset_Airplane\audio\audio\0\000000_2023-05-03_12-26-50_0_1.wav,AIRCRAFT
C:\Users\Fatih\Desktop\TUBITAK\Airport_Noise\Dataset_Airplane\audio\audio\0\000000_2023-05-03_12-29-50_0_1.wav,AIRCRAFT
C:\Users\Fatih\Desktop\TUBITAK\Airport_Noise\Dataset_Airplane\audio\audio\0\000000_2023-05-03_12-30-20_0_1.wav,AIRCRAFT
C:\Users\Fatih\Desktop\TUBITAK\Airport_Noise\Dataset_Airplane\audio\audio\0\000000_2023-05-09_12-20-43_1_1.wav,AIRCRAFT
C:\Users\Fatih\Desktop\TUBITAK\Airport_Noise\Dataset_Airplane\audio\audio\0\000000_2023-05-09_12-21-13_1_1.wav,AIRCRAFT
C:\Users\Fatih\Desktop\TUBITAK\Airport_Noise\Dataset_Airplane\audio\audio\0\000000_2023-05-09_12-21-43_1_1.wav,AIRCRAFT
C:\Users\Fatih\Desktop\TUBITAK\Airport_Noise\Dataset_Airplane\audio\audio\0\000000_2023-05-09_12-22-13_1_1.wav,AIRCRAFT
C:\Users\Fatih\Desktop\TUBITAK\Airport_Noise\Dataset_Airplane\audio\audio\0\000000_2023-05-09_12-23-03_1_1.wav,AIRCRAFT
C:\Users\Fatih\Desktop\TUBITAK\Airport_Noise\Dataset_Airplane\audio\audio\0\000000_2023-05-09_12-23-33_1_1.wav,AIRCRAFT
C:\Users\Fatih\Desktop\TUBITAK\Airport_Noise\Dataset_Airplane\audio\audio\0\000000_2023-05-09_12-24-04_1_1.wav,AIRCRAFT
C:\Users\Fatih\Desktop\TUBITAK\Airport_Noise\Dataset_Airplane\audio\audio\0\000000_2023-05-09_12-27-24_1_1.wav,AIRCRAFT
C:\Users\Fatih\Desktop\TUBITAK\Airport_Noise\Dataset_Airplane\audio\audio\0\000000_2023-05-09_12-27-54_1_1.wav,AIRCRAFT
C:\Users\Fatih\Desktop\TUBITAK\Airport_Noise\Dataset_Airplane\audio\audio\0\000000_2023-05-09_12-28-24_1_1.wav,AIRCRAFT
C:\Users\Fatih\Desktop\TUBITAK\Airport_Noise\Dataset_Airplane\audio\audio\0\000000_2023-05-09_12-28-54_1_1.wav,AIRCRAFT
C:\Users\Fatih\Desktop\TUBITAK\Airport_Noise\Dataset_Airplane\audio\audio\0\000000_2023-05-09_12-29-24_1_1.wav,AIRCRAFT
C:\Users\Fatih\Desktop\TUBITAK\Airport_Noise\Dataset_Airplane\audio\audio\0\000000_2023-05-09_12-29-54_1_1.wav,AIRCRAFT
C:\Users\Fatih\Desktop\TUBITAK\Airport_Noise\Dataset_Airplane\audio\audio\0\000000_2023-05-09_12-30-25_1_1.wav,AIRCRAFT
C:\Users\Fatih\Desktop\TUBITAK\Airport_Noise\Dataset_Airplane\audio\audio\0\000000_2023-05-09_12-30-55_1_1.wav,AIRCRAFT
C:\Users\Fatih\Desktop\TUBITAK\Airport_Noise\Dataset_Airplane\audio\audio\0\000000_2023-05-09_12-31-29_1_1.wav,AIRCRAFT
C:\Users\Fatih\Desktop\TUBITAK\Airport_Noise\Dataset_Airplane\audio\audio\0\000000_2023-05-09_12-31-59_1_1.wav,AIRCRAFT
C:\Users\Fatih\Desktop\TUBITAK\Airport_Noise\Dataset_Airplane\audio\audio\0\000000_2023-05-09_12-32-29_1_1.wav,AIRCRAFT
C:\Users\Fatih\Desktop\TUBITAK\Airport_Noise\Dataset_Airplane\audio\audio\0\000000_2023-05-09_12-32-59_1_1.wav,AIRCRAFT
C:\Users\Fatih\Desktop\TUBITAK\Airport_Noise\Dataset_Airplane\audio\audio\0\000000_2023-05-09_12-33-44_1_1.wav,AIRCRAFT
C:\Users\Fatih\Desktop\TUBITAK\Airport_Noise\Dataset_Airplane\audio\audio\0\000000_2023-05-09_12-34-20_1_1.wav,AIRCRAFT
C:\Users\Fatih\Desktop\TUBITAK\Airport_Noise\Dataset_Airplane\audio\audio\0\000000_2023-05-09_12-34-53_1_1.wav,AIRCRAFT
C:\Users\Fatih\Desktop\TUBITAK\Airport_Noise\Dataset_Airplane\audio\audio\0\000000_2023-05-09_12-35-23_1_1.wav,AIRCRAFT
C:\Users\Fatih\Desktop\TUBITAK\Airport_Noise\Dataset_Airplane\audio\audio\0\000000_2023-05-09_12-50-37_1_1.wav,AIRCRAFT
C:\Users\Fatih\Desktop\TUBITAK\Airport_Noise\Dataset_Airplane\audio\audio\0\000000_2023-05-09_12-51-35_1_1.wav,AIRCRAFT
C:\Users\Fatih\Desktop\TUBITAK\Airport_Noise\Dataset_Airplane\audio\audio\0\000000_2023-05-09_12-51-57_1_1.wav,AIRCRAFT
C:\Users\Fatih\Desktop\TUBITAK\Airport_Noise\Dataset_Airplane\audio\audio\0\000000_2023-05-09_12-52-20_1_1.wav,AIRCRAFT
C:\Users\Fatih\Desktop\TUBITAK\Airport_Noise\Dataset_Airplane\audio\audio\0\000000_2023-05-09_14-25-44_0_1.wav,AIRCRAFT
C:\Users\Fatih\Desktop\TUBITAK\Airport_Noise\Dataset_Airplane\audio\audio\0\000000_2023-05-09_14-26-12_0_1.wav,AIRCRAFT
C:\Users\Fatih\Desktop\TUBITAK\Airport_Noise\Dataset_Airplane\audio\audio\0\000000_2023-05-09_14-26-40_0_1.wav,AIRCRAFT
C:\Users\Fatih\Desktop\TUBITAK\Airport_Noise\Dataset_Airplane\audio\audio\0\000000_2023-05-09_14-27-08_0_1.wav,AIRCRAFT
C:\Users\Fatih\Desktop\TUBITAK\Airport_Noise\Dataset_Airplane\audio\audio\0\000000_2023-05-09_14-27-37_0_1.wav,AIRCRAFT
C:\Users\Fatih\Desktop\TUBITAK\Airport_Noise\Dataset_Airplane\audio\audio\0\000000_2023-05-09_14-31-53_0_1.wav,AIRCRAFT
C:\Users\Fatih\Desktop\TUBITAK\Airport_Noise\Dataset_Airplane\audio\audio\0\000000_2023-05-09_14-32-21_0_1.wav,AIRCRAFT
C:\Users\Fatih\Desktop\TUBITAK\Airport_Noise\Dataset_Airplane\audio\audio\0\000000_2023-05-09_14-32-49_0_1.wav,AIRCRAFT
C:\Users\Fatih\Desktop\TUBITAK\Airport_Noise\Dataset_Airplane\audio\audio\0\000000_2023-05-09_14-33-17_0_1.wav,AIRCRAFT
C:\Users\Fatih\Desktop\TUBITAK\Airport_Noise\Dataset_Airplane\audio\audio\0\000000_2023-05-09_14-33-45_0_1.wav,AIRCRAFT
C:\Users\Fatih\Desktop\TUBITAK\Airport_Noise\Dataset_Airplane\audio\audio\0\000000_2023-05-09_14-34-13_0_1.wav,AIRCRAFT
C:\Users\Fatih\Desktop\TUBITAK\Airport_Noise\Dataset_Airplane\audio\audio\0\000000_2023-05-09_14-39-16_0_1.wav,AIRCRAFT
C:\Users\Fatih\Desktop\TUBITAK\Airport_Noise\Dataset_Airplane\audio\audio\0\000000_2023-05-09_14-39-44_0_1.wav,AIRCRAFT
C:\Users\Fatih\Desktop\TUBITAK\Airport_Noise\Dataset_Airplane\audio\audio\0\000000_2023-05-09_14-40-58_0_1.wav,AIRCRAFT
C:\Users\Fatih\Desktop\TUBITAK\Airport_Noise\Dataset_Airplane\audio\audio\0\000000_2023-05-09_14-41-26_0_1.wav,AIRCRAFT
C:\Users\Fatih\Desktop\TUBITAK\Airport_Noise\Dataset_Airplane\audio\audio\0\000000_2023-05-09_14-41-54_0_1.wav,AIRCRAFT
C:\Users\Fatih\Desktop\TUBITAK\Airport_Noise\Dataset_Airplane\audio\audio\0\000000_2023-05-09_14-42-22_0_1.wav,AIRCRAFT
C:\Users\Fatih\Desktop\TUBITAK\Airport_Noise\Dataset_Airplane\audio\audio\0\000000_2023-05-09_14-42-51_0_1.wav,AIRCRAFT
C:\Users\Fatih\Desktop\TUBITAK\Airport_Noise\Dataset_Airplane\audio\audio\0\000000_2023-05-09_14-43-19_0_1.wav,AIRCRAFT
C:\Users\Fatih\Desktop\TUBITAK\Airport_Noise\Dataset_Airplane\audio\audio\0\000000_2023-05-09_14-47-57_0_1.wav,AIRCRAFT
C:\Users\Fatih\Desktop\TUBITAK\Airport_Noise\Dataset_Airplane\audio\audio\0\000000_2023-05-09_14-52-01_0_1.wav,AIRCRAFT
C:\Users\Fatih\Desktop\TUBITAK\Airport_Noise\Dataset_Airplane\audio\audio\0\000000_2023-05-09_14-52-30_0_1.wav,AIRCRAFT
C:\Users\Fatih\Desktop\TUBITAK\Airport_Noise\Dataset_Airplane\audio\audio\0\000000_2023-05-09_14-52-58_0_1.wav,AIRCRAFT
C:\Users\Fatih\Desktop\TUBITAK\Airport_Noise\Dataset_Airplane\audio\audio\0\000000_2023-05-09_14-53-26_0_1.wav,AIRCRAFT
C:\Users\Fatih\Desktop\TUBITAK\Airport_Noise\Dataset_Airplane\audio\audio\0\000000_2023-05-09_14-54-28_0_1.wav,AIRCRAFT
C:\Users\Fatih\Desktop\TUBITAK\Airport_Noise\Dataset_Airplane\audio\audio\0\000000_2023-05-09_14-55-00_0_1.wav,AIRCRAFT
C:\Users\Fatih\Desktop\TUBITAK\Airport_Noise\Dataset_Airplane\audio\audio\0\000000_2023-05-09_14-55-28_0_1.wav,AIRCRAFT
C:\Users\Fatih\Desktop\TUBITAK\Airport_Noise\Dataset_Airplane\audio\audio\0\000000_2023-05-09_14-55-56_0_1.wav,AIRCRAFT
C:\Users\Fatih\Desktop\TUBITAK\Airport_Noise\Dataset_Airplane\audio\audio\0\000000_2023-05-09_14-56-24_0_1.wav,AIRCRAFT
C:\Users\Fatih\Desktop\TUBITAK\Airport_Noise\Dataset_Airplane\audio\audio\0\000000_2023-05-09_14-56-52_0_1.wav,AIRCRAFT
C:\Users\Fatih\Desktop\TUBITAK\Airport_Noise\Dataset_Airplane\audio\audio\0\000000_2023-05-09_14-58-33_0_1.wav,AIRCRAFT
C:\Users\Fatih\Desktop\TUBITAK\Airport_Noise\Dataset_Airplane\audio\audio\0\000000_2023-05-09_14-59-01_0_1.wav,AIRCRAFT
C:\Users\Fatih\Desktop\TUBITAK\Airport_Noise\Dataset_Airplane\audio\audio\0\000000_2023-05-09_15-20-41_0_1.wav,AIRCRAFT
C:\Users\Fatih\Desktop\TUBITAK\Airport_Noise\Dataset_Airplane\audio\audio\0\000000_2023-05-09_15-25-38_0_1.wav,AIRCRAFT
C:\Users\Fatih\Desktop\TUBITAK\Airport_Noise\Dataset_Airplane\audio\audio\0\000000_2023-05-09_15-26-06_0_1.wav,AIRCRAFT
C:\Users\Fatih\Desktop\TUBITAK\Airport_Noise\Dataset_Airplane\audio\audio\0\000000_2023-05-09_15-26-34_0_1.wav,AIRCRAFT
C:\Users\Fatih\Desktop\TUBITAK\Airport_Noise\Dataset_Airplane\audio\audio\0\000000_2023-05-09_15-35-31_0_1.wav,AIRCRAFT
C:\Users\Fatih\Desktop\TUBITAK\Airport_Noise\Dataset_Airplane\audio\audio\0\000000_2023-05-09_15-35-59_0_1.wav,AIRCRAFT
C:\Users\Fatih\Desktop\TUBITAK\Airport_Noise\Dataset_Airplane\audio\audio\0\000000_2023-05-09_15-54-53_0_1.wav,AIRCRAFT
C:\Users\Fatih\Desktop\TUBITAK\Airport_Noise\Dataset_Airplane\audio\audio\0\000000_2023-05-09_15-55-21_0_1.wav,AIRCRAFT
C:\Users\Fatih\Desktop\TUBITAK\Airport_Noise\Dataset_Airplane\audio\audio\0\000000_2023-05-09_15-55-49_0_1.wav,AIRCRAFT
C:\Users\Fatih\Desktop\TUBITAK\Airport_Noise\Dataset_Airplane\audio\audio\0\000000_2023-05-09_15-56-25_0_1.wav,AIRCRAFT
C:\Users\Fatih\Desktop\TUBITAK\Airport_Noise\Dataset_Airplane\audio\audio\0\000000_2023-05-09_16-00-42_0_1.wav,AIRCRAFT
C:\Users\Fatih\Desktop\TUBITAK\Airport_Noise\Dataset_Airplane\audio\audio\0\000000_2023-05-09_16-01-10_0_1.wav,AIRCRAFT
C:\Users\Fatih\Desktop\TUBITAK\Airport_Noise\Dataset_Airplane\audio\audio\0\000000_2023-05-09_16-01-39_0_1.wav,AIRCRAFT
C:\Users\Fatih\Desktop\TUBITAK\Airport_Noise\Dataset_Airplane\audio\audio\0\000000_2023-05-09_16-05-19_0_1.wav,AIRCRAFT
C:\Users\Fatih\Desktop\TUBITAK\Airport_Noise\Dataset_Airplane\audio\audio\0\000000_2023-05-09_16-05-47_0_1.wav,AIRCRAFT
C:\Users\Fatih\Desktop\TUBITAK\Airport_Noise\Dataset_Airplane\audio\audio\0\000000_2023-05-09_16-06-15_0_1.wav,AIRCRAFT
C:\Users\Fatih\Desktop\TUBITAK\Airport_Noise\Dataset_Airplane\audio\audio\0\000000_2023-05-09_16-06-43_0_1.wav,AIRCRAFT
C:\Users\Fatih\Desktop\TUBITAK\Airport_Noise\Dataset_Airplane\audio\audio\0\000000_2023-05-09_16-07-11_0_1.wav,AIRCRAFT
C:\Users\Fatih\Desktop\TUBITAK\Airport_Noise\Dataset_Airplane\audio\audio\0\000000_2023-05-09_16-10-39_0_1.wav,AIRCRAFT
C:\Users\Fatih\Desktop\TUBITAK\Airport_Noise\Dataset_Airplane\audio\audio\0\000000_2023-05-09_16-11-07_0_1.wav,AIRCRAFT
C:\Users\Fatih\Desktop\TUBITAK\Airport_Noise\Dataset_Airplane\audio\audio\0\000000_2023-05-09_16-11-35_0_1.wav,AIRCRAFT
C:\Users\Fatih\Desktop\TUBITAK\Airport_Noise\Dataset_Airplane\audio\audio\0\000000_2023-05-09_16-12-03_0_1.wav,AIRCRAFT
C:\Users\Fatih\Desktop\TUBITAK\Airport_Noise\Dataset_Airplane\audio\audio\0\000000_2023-05-09_16-12-31_0_1.wav,AIRCRAFT
C:\Users\Fatih\Desktop\TUBITAK\Airport_Noise\Dataset_Airplane\audio\audio\0\000000_2023-05-09_16-13-37_0_1.wav,AIRCRAFT
C:\Users\Fatih\Desktop\TUBITAK\Airport_Noise\Dataset_Airplane\audio\audio\0\000000_2023-05-10_06-31-05_0_1.wav,AIRCRAFT
C:\Users\Fatih\Desktop\TUBITAK\Airport_Noise\Dataset_Airplane\audio\audio\0\000000_2023-05-10_06-31-33_0_1.wav,AIRCRAFT
C:\Users\Fatih\Desktop\TUBITAK\Airport_Noise\Dataset_Airplane\audio\audio\0\000000_2023-05-10_06-32-01_0_1.wav,AIRCRAFT
C:\Users\Fatih\Desktop\TUBITAK\Airport_Noise\Dataset_Airplane\audio\audio\0\000000_2023-05-10_06-32-30_0_1.wav,AIRCRAFT
C:\Users\Fatih\Desktop\TUBITAK\Airport_Noise\Dataset_Airplane\audio\audio\0\000000_2023-05-10_06-32-58_0_1.wav,AIRCRAFT
C:\Users\Fatih\Desktop\TUBITAK\Airport_Noise\Dataset_Airplane\audio\audio\0\000000_2023-05-10_06-33-26_0_1.wav,AIRCRAFT
C:\Users\Fatih\Desktop\TUBITAK\Airport_Noise\Dataset_Airplane\audio\audio\0\000000_2023-05-10_06-33-54_0_1.wav,AIRCRAFT
C:\Users\Fatih\Desktop\TUBITAK\Airport_Noise\Dataset_Airplane\audio\audio\0\000000_2023-05-10_06-34-22_0_1.wav,AIRCRAFT
C:\Users\Fatih\Desktop\TUBITAK\Airport_Noise\Dataset_Airplane\audio\audio\0\000000_2023-05-10_06-34-50_0_1.wav,AIRCRAFT
C:\Users\Fatih\Desktop\TUBITAK\Airport_Noise\Dataset_Airplane\audio\audio\0\000000_2023-05-10_06-35-18_0_1.wav,AIRCRAFT
C:\Users\Fatih\Desktop\TUBITAK\Airport_Noise\Dataset_Airplane\audio\audio\0\000000_2023-05-10_06-35-46_0_1.wav,AIRCRAFT
C:\Users\Fatih\Desktop\TUBITAK\Airport_Noise\Dataset_Airplane\audio\audio\0\000000_2023-05-10_06-36-15_0_1.wav,AIRCRAFT
C:\Users\Fatih\Desktop\TUBITAK\Airport_Noise\Dataset_Airplane\audio\audio\0\000000_2023-05-10_06-36-56_0_1.wav,AIRCRAFT
C:\Users\Fatih\Desktop\TUBITAK\Airport_Noise\Dataset_Airplane\audio\audio\0\000000_2023-05-10_06-37-24_0_1.wav,AIRCRAFT
C:\Users\Fatih\Desktop\TUBITAK\Airport_Noise\Dataset_Airplane\audio\audio\0\000000_2023-05-10_06-37-53_0_1.wav,AIRCRAFT
C:\Users\Fatih\Desktop\TUBITAK\Airport_Noise\Dataset_Airplane\audio\audio\0\000000_2023-05-10_06-38-21_0_1.wav,AIRCRAFT
C:\Users\Fatih\Desktop\TUBITAK\Airport_Noise\Dataset_Airplane\audio\audio\0\000000_2023-05-10_06-38-49_0_1.wav,AIRCRAFT
C:\Users\Fatih\Desktop\TUBITAK\Airport_Noise\Dataset_Airplane\audio\audio\0\000000_2023-05-10_06-39-17_0_1.wav,AIRCRAFT
C:\Users\Fatih\Desktop\TUBITAK\Airport_Noise\Dataset_Airplane\audio\audio\0\000000_2023-05-10_06-39-45_0_1.wav,AIRCRAFT
C:\Users\Fatih\Desktop\TUBITAK\Airport_Noise\Dataset_Airplane\audio\audio\0\000000_2023-05-10_06-40-13_0_1.wav,AIRCRAFT
C:\Users\Fatih\Desktop\TUBITAK\Airport_Noise\Dataset_Airplane\audio\audio\0\000000_2023-05-10_06-40-41_0_1.wav,AIRCRAFT
C:\Users\Fatih\Desktop\TUBITAK\Airport_Noise\Dataset_Airplane\audio\audio\0\000000_2023-05-10_06-41-09_0_1.wav,AIRCRAFT
C:\Users\Fatih\Desktop\TUBITAK\Airport_Noise\Dataset_Airplane\audio\audio\0\000000_2023-05-10_06-41-37_0_1.wav,AIRCRAFT
C:\Users\Fatih\Desktop\TUBITAK\Airport_Noise\Dataset_Airplane\audio\audio\0\000000_2023-05-10_06-42-06_0_1.wav,AIRCRAFT
C:\Users\Fatih\Desktop\TUBITAK\Airport_Noise\Dataset_Airplane\audio\audio\0\000000_2023-05-10_06-42-34_0_1.wav,AIRCRAFT
C:\Users\Fatih\Desktop\TUBITAK\Airport_Noise\Dataset_Airplane\audio\audio\0\000000_2023-05-10_06-47-12_0_1.wav,AIRCRAFT
C:\Users\Fatih\Desktop\TUBITAK\Airport_Noise\Dataset_Airplane\audio\audio\0\000000_2023-05-10_06-47-40_0_1.wav,AIRCRAFT
C:\Users\Fatih\Desktop\TUBITAK\Airport_Noise\Dataset_Airplane\audio\audio\0\000000_2023-05-10_06-48-08_0_1.wav,AIRCRAFT
C:\Users\Fatih\Desktop\TUBITAK\Airport_Noise\Dataset_Airplane\audio\audio\0\000000_2023-05-10_06-48-36_0_1.wav,AIRCRAFT
C:\Users\Fatih\Desktop\TUBITAK\Airport_Noise\Dataset_Airplane\audio\audio\0\000000_2023-05-10_06-49-05_0_1.wav,AIRCRAFT
C:\Users\Fatih\Desktop\TUBITAK\Airport_Noise\Dataset_Airplane\audio\audio\0\000000_2023-05-10_06-49-34_0_1.wav,AIRCRAFT
C:\Users\Fatih\Desktop\TUBITAK\Airport_Noise\Dataset_Airplane\audio\audio\0\000000_2023-05-10_06-50-02_0_1.wav,AIRCRAFT
C:\Users\Fatih\Desktop\TUBITAK\Airport_Noise\Dataset_Airplane\audio\audio\0\000000_2023-05-10_06-50-47_0_1.wav,AIRCRAFT
C:\Users\Fatih\Desktop\TUBITAK\Airport_Noise\Dataset_Airplane\audio\audio\0\000000_2023-05-10_06-51-15_0_1.wav,AIRCRAFT
C:\Users\Fatih\Desktop\TUBITAK\Airport_Noise\Dataset_Airplane\audio\audio\0\000000_2023-05-10_06-51-50_0_1.wav,AIRCRAFT
C:\Users\Fatih\Desktop\TUBITAK\Airport_Noise\Dataset_Airplane\audio\audio\0\000000_2023-05-10_06-52-18_0_1.wav,AIRCRAFT
C:\Users\Fatih\Desktop\TUBITAK\Airport_Noise\Dataset_Airplane\audio\audio\0\000000_2023-05-10_06-52-48_0_1.wav,AIRCRAFT
C:\Users\Fatih\Desktop\TUBITAK\Airport_Noise\Dataset_Airplane\audio\audio\0\000000_2023-05-10_06-53-16_0_1.wav,AIRCRAFT
C:\Users\Fatih\Desktop\TUBITAK\Airport_Noise\Dataset_Airplane\audio\audio\0\000000_2023-05-10_06-53-44_0_1.wav,AIRCRAFT
C:\Users\Fatih\Desktop\TUBITAK\Airport_Noise\Dataset_Airplane\audio\audio\0\000000_2023-05-10_06-54-12_0_1.wav,AIRCRAFT
C:\Users\Fatih\Desktop\TUBITAK\Airport_Noise\Dataset_Airplane\audio\audio\0\000000_2023-05-10_06-54-40_0_1.wav,AIRCRAFT
C:\Users\Fatih\Desktop\TUBITAK\Airport_Noise\Dataset_Airplane\audio\audio\0\000000_2023-05-10_06-55-09_0_1.wav,AIRCRAFT
C:\Users\Fatih\Desktop\TUBITAK\Airport_Noise\Dataset_Airplane\audio\audio\0\000000_2023-05-10_06-55-37_0_1.wav,AIRCRAFT
C:\Users\Fatih\Desktop\TUBITAK\Airport_Noise\Dataset_Airplane\audio\audio\0\000000_2023-05-10_06-56-05_0_1.wav,AIRCRAFT
C:\Users\Fatih\Desktop\TUBITAK\Airport_Noise\Dataset_Airplane\audio\audio\0\000000_2023-05-10_06-56-33_0_1.wav,AIRCRAFT
C:\Users\Fatih\Desktop\TUBITAK\Airport_Noise\Dataset_Airplane\audio\audio\0\000000_2023-05-10_06-57-01_0_1.wav,AIRCRAFT
C:\Users\Fatih\Desktop\TUBITAK\Airport_Noise\Dataset_Airplane\audio\audio\0\000000_2023-05-10_07-01-36_0_1.wav,AIRCRAFT
C:\Users\Fatih\Desktop\TUBITAK\Airport_Noise\Dataset_Airplane\audio\audio\0\000000_2023-05-10_07-02-07_0_1.wav,AIRCRAFT
C:\Users\Fatih\Desktop\TUBITAK\Airport_Noise\Dataset_Airplane\audio\audio\0\000000_2023-05-10_07-02-35_0_1.wav,AIRCRAFT
C:\Users\Fatih\Desktop\TUBITAK\Airport_Noise\Dataset_Airplane\audio\audio\0\000000_2023-05-10_07-03-04_0_1.wav,AIRCRAFT
C:\Users\Fatih\Desktop\TUBITAK\Airport_Noise\Dataset_Airplane\audio\audio\0\000000_2023-05-10_07-05-09_0_1.wav,AIRCRAFT
C:\Users\Fatih\Desktop\TUBITAK\Airport_Noise\Dataset_Airplane\audio\audio\0\000000_2023-05-10_07-06-35_0_1.wav,AIRCRAFT
C:\Users\Fatih\Desktop\TUBITAK\Airport_Noise\Dataset_Airplane\audio\audio\0\000000_2023-05-10_07-07-18_0_1.wav,AIRCRAFT
C:\Users\Fatih\Desktop\TUBITAK\Airport_Noise\Dataset_Airplane\audio\audio\0\000000_2023-05-10_07-07-46_0_1.wav,AIRCRAFT
C:\Users\Fatih\Desktop\TUBITAK\Airport_Noise\Dataset_Airplane\audio\audio\0\000000_2023-05-10_07-08-14_0_1.wav,AIRCRAFT
C:\Users\Fatih\Desktop\TUBITAK\Airport_Noise\Dataset_Airplane\audio\audio\0\000000_2023-05-10_07-08-42_0_1.wav,AIRCRAFT
C:\Users\Fatih\Desktop\TUBITAK\Airport_Noise\Dataset_Airplane\audio\audio\0\000000_2023-05-10_07-09-10_0_1.wav,AIRCRAFT
C:\Users\Fatih\Desktop\TUBITAK\Airport_Noise\Dataset_Airplane\audio\audio\0\000000_2023-05-10_07-09-38_0_1.wav,AIRCRAFT
C:\Users\Fatih\Desktop\TUBITAK\Airport_Noise\Dataset_Airplane\audio\audio\0\000000_2023-05-10_07-10-06_0_1.wav,AIRCRAFT
C:\Users\Fatih\Desktop\TUBITAK\Airport_Noise\Dataset_Airplane\audio\audio\0\000000_2023-05-10_07-10-54_0_1.wav,AIRCRAFT
C:\Users\Fatih\Desktop\TUBITAK\Airport_Noise\Dataset_Airplane\audio\audio\0\000000_2023-05-20_13-24-04_0_1.wav,AIRCRAFT
C:\Users\Fatih\Desktop\TUBITAK\Airport_Noise\Dataset_Airplane\audio\audio\0\000000_2023-05-20_13-24-32_0_1.wav,AIRCRAFT
C:\Users\Fatih\Desktop\TUBITAK\Airport_Noise\Dataset_Airplane\audio\audio\0\000000_2023-05-20_13-25-01_0_1.wav,AIRCRAFT
C:\Users\Fatih\Desktop\TUBITAK\Airport_Noise\Dataset_Airplane\audio\audio\0\000000_2023-05-20_13-25-29_0_1.wav,AIRCRAFT
C:\Users\Fatih\Desktop\TUBITAK\Airport_Noise\Dataset_Airplane\audio\audio\0\000000_2023-05-20_13-29-20_0_1.wav,AIRCRAFT
C:\Users\Fatih\Desktop\TUBITAK\Airport_Noise\Dataset_Airplane\audio\audio\0\000000_2023-05-20_13-29-48_0_1.wav,AIRCRAFT
C:\Users\Fatih\Desktop\TUBITAK\Airport_Noise\Dataset_Airplane\audio\audio\0\000000_2023-05-20_13-30-16_0_1.wav,AIRCRAFT
C:\Users\Fatih\Desktop\TUBITAK\Airport_Noise\Dataset_Airplane\audio\audio\0\000000_2023-05-20_13-30-44_0_1.wav,AIRCRAFT
C:\Users\Fatih\Desktop\TUBITAK\Airport_Noise\Dataset_Airplane\audio\audio\0\000000_2023-05-20_13-37-04_0_1.wav,AIRCRAFT
C:\Users\Fatih\Desktop\TUBITAK\Airport_Noise\Dataset_Airplane\audio\audio\0\000000_2023-05-20_13-37-44_0_1.wav,AIRCRAFT
C:\Users\Fatih\Desktop\TUBITAK\Airport_Noise\Dataset_Airplane\audio\audio\0\000000_2023-05-20_13-46-18_0_1.wav,AIRCRAFT
C:\Users\Fatih\Desktop\TUBITAK\Airport_Noise\Dataset_Airplane\audio\audio\0\000000_2023-05-20_13-47-36_0_1.wav,AIRCRAFT
C:\Users\Fatih\Desktop\TUBITAK\Airport_Noise\Dataset_Airplane\audio\audio\0\000000_2023-05-20_13-48-08_0_1.wav,AIRCRAFT
C:\Users\Fatih\Desktop\TUBITAK\Airport_Noise\Dataset_Airplane\audio\audio\0\000000_2023-05-20_13-52-54_0_1.wav,AIRCRAFT
C:\Users\Fatih\Desktop\TUBITAK\Airport_Noise\Dataset_Airplane\audio\audio\0\000000_2023-05-20_13-53-22_0_1.wav,AIRCRAFT
C:\Users\Fatih\Desktop\TUBITAK\Airport_Noise\Dataset_Airplane\audio\audio\0\000000_2023-05-20_13-54-33_0_1.wav,AIRCRAFT
C:\Users\Fatih\Desktop\TUBITAK\Airport_Noise\Dataset_Airplane\audio\audio\0\000000_2023-05-20_13-55-23_0_1.wav,AIRCRAFT
C:\Users\Fatih\Desktop\TUBITAK\Airport_Noise\Dataset_Airplane\audio\audio\0\000000_2023-05-20_13-56-27_0_1.wav,AIRCRAFT
C:\Users\Fatih\Desktop\TUBITAK\Airport_Noise\Dataset_Airplane\audio\audio\0\000000_2023-05-20_13-57-27_0_1.wav,AIRCRAFT
C:\Users\Fatih\Desktop\TUBITAK\Airport_Noise\Dataset_Airplane\audio\audio\0\000000_2023-05-20_13-58-51_0_1.wav,AIRCRAFT
C:\Users\Fatih\Desktop\TUBITAK\Airport_Noise\Dataset_Airplane\audio\audio\0\000000_2023-05-20_13-59-19_0_1.wav,AIRCRAFT
C:\Users\Fatih\Desktop\TUBITAK\Airport_Noise\Dataset_Airplane\audio\audio\0\000000_2023-05-20_14-00-13_0_1.wav,AIRCRAFT
C:\Users\Fatih\Desktop\TUBITAK\Airport_Noise\Dataset_Airplane\audio\audio\0\000000_2023-05-20_14-00-41_0_1.wav,AIRCRAFT
C:\Users\Fatih\Desktop\TUBITAK\Airport_Noise\Dataset_Airplane\audio\audio\0\000000_2023-05-20_14-01-09_0_1.wav,AIRCRAFT
C:\Users\Fatih\Desktop\TUBITAK\Airport_Noise\Dataset_Airplane\audio\audio\0\000000_2023-05-20_14-01-37_0_1.wav,AIRCRAFT
C:\Users\Fatih\Desktop\TUBITAK\Airport_Noise\Dataset_Airplane\audio\audio\0\000000_2023-05-20_14-02-06_0_1.wav,AIRCRAFT
C:\Users\Fatih\Desktop\TUBITAK\Airport_Noise\Dataset_Airplane\audio\audio\0\000000_2023-05-20_14-02-34_0_1.wav,AIRCRAFT
C:\Users\Fatih\Desktop\TUBITAK\Airport_Noise\Dataset_Airplane\audio\audio\0\000000_2023-05-20_14-03-02_0_1.wav,AIRCRAFT
C:\Users\Fatih\Desktop\TUBITAK\Airport_Noise\Dataset_Airplane\audio\audio\0\000000_2023-05-20_14-03-30_0_1.wav,AIRCRAFT
C:\Users\Fatih\Desktop\TUBITAK\Airport_Noise\Dataset_Airplane\audio\audio\0\000000_2023-05-20_14-03-58_0_1.wav,AIRCRAFT
C:\Users\Fatih\Desktop\TUBITAK\Airport_Noise\Dataset_Airplane\audio\audio\0\000000_2023-05-21_10-07-39_0_1.wav,AIRCRAFT
C:\Users\Fatih\Desktop\TUBITAK\Airport_Noise\Dataset_Airplane\audio\audio\0\000000_2023-05-21_10-08-31_0_1.wav,AIRCRAFT
C:\Users\Fatih\Desktop\TUBITAK\Airport_Noise\Dataset_Airplane\audio\audio\0\000000_2023-05-21_10-09-03_0_1.wav,AIRCRAFT
C:\Users\Fatih\Desktop\TUBITAK\Airport_Noise\Dataset_Airplane\audio\audio\0\000000_2023-05-21_10-09-32_0_1.wav,AIRCRAFT
C:\Users\Fatih\Desktop\TUBITAK\Airport_Noise\Dataset_Airplane\audio\audio\0\000000_2023-05-21_10-10-00_0_1.wav,AIRCRAFT
C:\Users\Fatih\Desktop\TUBITAK\Airport_Noise\Dataset_Airplane\audio\audio\0\000000_2023-05-21_10-10-28_0_1.wav,AIRCRAFT
C:\Users\Fatih\Desktop\TUBITAK\Airport_Noise\Dataset_Airplane\audio\audio\0\000000_2023-05-21_10-10-56_0_1.wav,AIRCRAFT
C:\Users\Fatih\Desktop\TUBITAK\Airport_Noise\Dataset_Airplane\audio\audio\0\000000_2023-05-21_10-11-24_0_1.wav,AIRCRAFT
C:\Users\Fatih\Desktop\TUBITAK\Airport_Noise\Dataset_Airplane\audio\audio\0\000000_2023-05-21_10-11-52_0_1.wav,AIRCRAFT
C:\Users\Fatih\Desktop\TUBITAK\Airport_Noise\Dataset_Airplane\audio\audio\0\000000_2023-05-21_10-12-20_0_1.wav,AIRCRAFT
C:\Users\Fatih\Desktop\TUBITAK\Airport_Noise\Dataset_Airplane\audio\audio\0\000000_2023-05-21_10-12-48_0_1.wav,AIRCRAFT
C:\Users\Fatih\Desktop\TUBITAK\Airport_Noise\Dataset_Airplane\audio\audio\0\000000_2023-05-21_10-13-16_0_1.wav,AIRCRAFT
C:\Users\Fatih\Desktop\TUBITAK\Airport_Noise\Dataset_Airplane\audio\audio\0\000000_2023-05-21_10-13-45_0_1.wav,AIRCRAFT
C:\Users\Fatih\Desktop\TUBITAK\Airport_Noise\Dataset_Airplane\audio\audio\0\000000_2023-05-21_10-17-55_0_1.wav,AIRCRAFT
C:\Users\Fatih\Desktop\TUBITAK\Airport_Noise\Dataset_Airplane\audio\audio\0\000000_2023-05-21_10-18-23_0_1.wav,AIRCRAFT
C:\Users\Fatih\Desktop\TUBITAK\Airport_Noise\Dataset_Airplane\audio\audio\0\000000_2023-05-21_10-20-51_0_1.wav,AIRCRAFT
C:\Users\Fatih\Desktop\TUBITAK\Airport_Noise\Dataset_Airplane\audio\audio\0\000000_2023-05-21_10-21-19_0_1.wav,AIRCRAFT
C:\Users\Fatih\Desktop\TUBITAK\Airport_Noise\Dataset_Airplane\audio\audio\0\000000_2023-05-21_10-21-48_0_1.wav,AIRCRAFT
C:\Users\Fatih\Desktop\TUBITAK\Airport_Noise\Dataset_Airplane\audio\audio\0\000000_2023-05-21_10-22-16_0_1.wav,AIRCRAFT
C:\Users\Fatih\Desktop\TUBITAK\Airport_Noise\Dataset_Airplane\audio\audio\0\000000_2023-05-21_10-22-44_0_1.wav,AIRCRAFT
C:\Users\Fatih\Desktop\TUBITAK\Airport_Noise\Dataset_Airplane\audio\audio\0\000000_2023-05-21_10-23-12_0_1.wav,AIRCRAFT
C:\Users\Fatih\Desktop\TUBITAK\Airport_Noise\Dataset_Airplane\audio\audio\0\000000_2023-05-21_10-23-40_0_1.wav,AIRCRAFT
C:\Users\Fatih\Desktop\TUBITAK\Airport_Noise\Dataset_Airplane\audio\audio\0\000000_2023-05-21_10-24-08_0_1.wav,AIRCRAFT
C:\Users\Fatih\Desktop\TUBITAK\Airport_Noise\Dataset_Airplane\audio\audio\0\000000_2023-05-21_10-24-36_0_1.wav,AIRCRAFT
C:\Users\Fatih\Desktop\TUBITAK\Airport_Noise\Dataset_Airplane\audio\audio\0\000000_2023-05-21_10-25-04_0_1.wav,AIRCRAFT
C:\Users\Fatih\Desktop\TUBITAK\Airport_Noise\Dataset_Airplane\audio\audio\0\000000_2023-05-21_10-29-13_0_1.wav,AIRCRAFT
C:\Users\Fatih\Desktop\TUBITAK\Airport_Noise\Dataset_Airplane\audio\audio\0\000000_2023-05-21_10-29-41_0_1.wav,AIRCRAFT
C:\Users\Fatih\Desktop\TUBITAK\Airport_Noise\Dataset_Airplane\audio\audio\0\000000_2023-05-21_10-30-09_0_1.wav,AIRCRAFT
C:\Users\Fatih\Desktop\TUBITAK\Airport_Noise\Dataset_Airplane\audio\audio\0\000000_2023-05-21_10-30-37_0_1.wav,AIRCRAFT
C:\Users\Fatih\Desktop\TUBITAK\Airport_Noise\Dataset_Airplane\audio\audio\0\000000_2023-05-23_10-30-59_0_1.wav,AIRCRAFT
C:\Users\Fatih\Desktop\TUBITAK\Airport_Noise\Dataset_Airplane\audio\audio\0\000000_2023-05-23_10-31-48_0_1.wav,AIRCRAFT
C:\Users\Fatih\Desktop\TUBITAK\Airport_Noise\Dataset_Airplane\audio\audio\0\000000_2023-05-23_10-32-17_0_1.wav,AIRCRAFT
C:\Users\Fatih\Desktop\TUBITAK\Airport_Noise\Dataset_Airplane\audio\audio\0\000000_2023-05-23_10-33-13_0_1.wav,AIRCRAFT
C:\Users\Fatih\Desktop\TUBITAK\Airport_Noise\Dataset_Airplane\audio\audio\0\000000_2023-05-23_10-35-17_0_1.wav,AIRCRAFT
C:\Users\Fatih\Desktop\TUBITAK\Airport_Noise\Dataset_Airplane\audio\audio\0\000000_2023-05-23_10-35-49_0_1.wav,AIRCRAFT
C:\Users\Fatih\Desktop\TUBITAK\Airport_Noise\Dataset_Airplane\audio\audio\0\000000_2023-05-23_10-36-37_0_1.wav,AIRCRAFT
C:\Users\Fatih\Desktop\TUBITAK\Airport_Noise\Dataset_Airplane\audio\audio\0\000000_2023-05-23_10-37-05_0_1.wav,AIRCRAFT
C:\Users\Fatih\Desktop\TUBITAK\Airport_Noise\Dataset_Airplane\audio\audio\0\000000_2023-05-23_10-37-37_0_1.wav,AIRCRAFT
C:\Users\Fatih\Desktop\TUBITAK\Airport_Noise\Dataset_Airplane\audio\audio\0\000000_2023-05-23_10-38-05_0_1.wav,AIRCRAFT
C:\Users\Fatih\Desktop\TUBITAK\Airport_Noise\Dataset_Airplane\audio\audio\0\000000_2023-05-23_10-39-02_0_1.wav,AIRCRAFT
C:\Users\Fatih\Desktop\TUBITAK\Airport_Noise\Dataset_Airplane\audio\audio\0\000000_2023-05-23_10-39-30_0_1.wav,AIRCRAFT
C:\Users\Fatih\Desktop\TUBITAK\Airport_Noise\Dataset_Airplane\audio\audio\0\000000_2023-05-23_10-40-06_0_1.wav,AIRCRAFT
C:\Users\Fatih\Desktop\TUBITAK\Airport_Noise\Dataset_Airplane\audio\audio\0\000000_2023-05-23_10-41-16_0_1.wav,AIRCRAFT
C:\Users\Fatih\Desktop\TUBITAK\Airport_Noise\Dataset_Airplane\audio\audio\0\000000_2023-05-23_10-41-44_0_1.wav,AIRCRAFT
C:\Users\Fatih\Desktop\TUBITAK\Airport_Noise\Dataset_Airplane\audio\audio\0\000000_2023-05-23_10-42-12_0_1.wav,AIRCRAFT
C:\Users\Fatih\Desktop\TUBITAK\Airport_Noise\Dataset_Airplane\audio\audio\0\000000_2023-05-23_10-42-40_0_1.wav,AIRCRAFT
C:\Users\Fatih\Desktop\TUBITAK\Airport_Noise\Dataset_Airplane\audio\audio\0\000000_2023-05-23_10-43-09_0_1.wav,AIRCRAFT
C:\Users\Fatih\Desktop\TUBITAK\Airport_Noise\Dataset_Airplane\audio\audio\0\000000_2023-05-23_10-43-45_0_1.wav,AIRCRAFT
C:\Users\Fatih\Desktop\TUBITAK\Airport_Noise\Dataset_Airplane\audio\audio\0\000000_2023-05-23_10-44-13_0_1.wav,AIRCRAFT
C:\Users\Fatih\Desktop\TUBITAK\Airport_Noise\Dataset_Airplane\audio\audio\0\000000_2023-05-23_10-44-45_0_1.wav,AIRCRAFT
C:\Users\Fatih\Desktop\TUBITAK\Airport_Noise\Dataset_Airplane\audio\audio\0\000000_2023-05-23_10-45-13_0_1.wav,AIRCRAFT
C:\Users\Fatih\Desktop\TUBITAK\Airport_Noise\Dataset_Airplane\audio\audio\0\000000_2023-05-23_10-45-41_0_1.wav,AIRCRAFT
C:\Users\Fatih\Desktop\TUBITAK\Airport_Noise\Dataset_Airplane\audio\audio\0\000000_2023-05-23_10-46-09_0_1.wav,AIRCRAFT
C:\Users\Fatih\Desktop\TUBITAK\Airport_Noise\Dataset_Airplane\audio\audio\0\000000_2023-05-23_10-46-37_0_1.wav,AIRCRAFT
C:\Users\Fatih\Desktop\TUBITAK\Airport_Noise\Dataset_Airplane\audio\audio\0\000000_2023-05-23_10-47-05_0_1.wav,AIRCRAFT
C:\Users\Fatih\Desktop\TUBITAK\Airport_Noise\Dataset_Airplane\audio\audio\0\000000_2023-05-23_10-47-33_0_1.wav,AIRCRAFT
C:\Users\Fatih\Desktop\TUBITAK\Airport_Noise\Dataset_Airplane\audio\audio\0\000000_2023-05-23_10-51-28_0_1.wav,AIRCRAFT
C:\Users\Fatih\Desktop\TUBITAK\Airport_Noise\Dataset_Airplane\audio\audio\0\000000_2023-05-23_10-51-56_0_1.wav,AIRCRAFT
C:\Users\Fatih\Desktop\TUBITAK\Airport_Noise\Dataset_Airplane\audio\audio\0\000000_2023-05-23_10-57-17_0_1.wav,AIRCRAFT
C:\Users\Fatih\Desktop\TUBITAK\Airport_Noise\Dataset_Airplane\audio\audio\0\000000_2023-05-23_11-01-49_0_1.wav,AIRCRAFT
C:\Users\Fatih\Desktop\TUBITAK\Airport_Noise\Dataset_Airplane\audio\audio\0\000000_2023-05-23_11-02-17_0_1.wav,AIRCRAFT
C:\Users\Fatih\Desktop\TUBITAK\Airport_Noise\Dataset_Airplane\audio\audio\0\000000_2023-05-23_11-02-45_0_1.wav,AIRCRAFT
C:\Users\Fatih\Desktop\TUBITAK\Airport_Noise\Dataset_Airplane\audio\audio\0\000000_2023-05-23_11-03-13_0_1.wav,AIRCRAFT
C:\Users\Fatih\Desktop\TUBITAK\Airport_Noise\Dataset_Airplane\audio\audio\0\000000_2023-05-23_11-03-41_0_1.wav,AIRCRAFT
C:\Users\Fatih\Desktop\TUBITAK\Airport_Noise\Dataset_Airplane\audio\audio\0\000000_2023-05-23_11-04-14_0_1.wav,AIRCRAFT
C:\Users\Fatih\Desktop\TUBITAK\Airport_Noise\Dataset_Airplane\audio\audio\0\000000_2023-05-23_11-04-42_0_1.wav,AIRCRAFT
C:\Users\Fatih\Desktop\TUBITAK\Airport_Noise\Dataset_Airplane\audio\audio\0\000000_2023-05-23_11-06-44_0_1.wav,AIRCRAFT
C:\Users\Fatih\Desktop\TUBITAK\Airport_Noise\Dataset_Airplane\audio\audio\0\000000_2023-05-23_11-07-16_0_1.wav,AIRCRAFT
C:\Users\Fatih\Desktop\TUBITAK\Airport_Noise\Dataset_Airplane\audio\audio\0\000000_2023-05-23_11-19-43_0_1.wav,AIRCRAFT
C:\Users\Fatih\Desktop\TUBITAK\Airport_Noise\Dataset_Airplane\audio\audio\0\000000_2023-05-23_11-23-05_0_1.wav,AIRCRAFT
C:\Users\Fatih\Desktop\TUBITAK\Airport_Noise\Dataset_Airplane\audio\audio\0\000000_2023-05-23_11-23-33_0_1.wav,AIRCRAFT
C:\Users\Fatih\Desktop\TUBITAK\Airport_Noise\Dataset_Airplane\audio\audio\0\000000_2023-05-23_11-24-01_0_1.wav,AIRCRAFT
C:\Users\Fatih\Desktop\TUBITAK\Airport_Noise\Dataset_Airplane\audio\audio\0\000000_2023-05-23_11-24-41_0_1.wav,AIRCRAFT
C:\Users\Fatih\Desktop\TUBITAK\Airport_Noise\Dataset_Airplane\audio\audio\0\000000_2023-05-23_11-25-13_0_1.wav,AIRCRAFT
C:\Users\Fatih\Desktop\TUBITAK\Airport_Noise\Dataset_Airplane\audio\audio\0\000000_2023-05-23_11-25-41_0_1.wav,AIRCRAFT
C:\Users\Fatih\Desktop\TUBITAK\Airport_Noise\Dataset_Airplane\audio\audio\0\000000_2023-05-23_11-27-39_0_1.wav,AIRCRAFT
C:\Users\Fatih\Desktop\TUBITAK\Airport_Noise\Dataset_Airplane\audio\audio\0\000000_2023-05-23_11-30-48_0_1.wav,AIRCRAFT
C:\Users\Fatih\Desktop\TUBITAK\Airport_Noise\Dataset_Airplane\audio\audio\0\000000_2023-05-23_11-31-16_0_1.wav,AIRCRAFT
C:\Users\Fatih\Desktop\TUBITAK\Airport_Noise\Dataset_Airplane\audio\audio\0\000000_2023-05-23_11-31-44_0_1.wav,AIRCRAFT
C:\Users\Fatih\Desktop\TUBITAK\Airport_Noise\Dataset_Airplane\audio\audio\0\000000_2023-05-23_11-32-15_0_1.wav,AIRCRAFT
C:\Users\Fatih\Desktop\TUBITAK\Airport_Noise\Dataset_Airplane\audio\audio\0\000000_2023-05-23_11-36-43_0_1.wav,AIRCRAFT
C:\Users\Fatih\Desktop\TUBITAK\Airport_Noise\Dataset_Airplane\audio\audio\0\000000_2023-05-23_11-37-11_0_1.wav,AIRCRAFT
C:\Users\Fatih\Desktop\TUBITAK\Airport_Noise\Dataset_Airplane\audio\audio\0\000000_2023-05-23_11-38-35_0_1.wav,AIRCRAFT
C:\Users\Fatih\Desktop\TUBITAK\Airport_Noise\Dataset_Airplane\audio\audio\0\000000_2023-05-23_11-39-03_0_1.wav,AIRCRAFT
C:\Users\Fatih\Desktop\TUBITAK\Airport_Noise\Dataset_Airplane\audio\audio\0\000000_2023-05-23_11-39-31_0_1.wav,AIRCRAFT
C:\Users\Fatih\Desktop\TUBITAK\Airport_Noise\Dataset_Airplane\audio\audio\0\000000_2023-05-23_11-40-00_0_1.wav,AIRCRAFT
C:\Users\Fatih\Desktop\TUBITAK\Airport_Noise\Dataset_Airplane\audio\audio\0\000000_2023_04-16_07-03-59_0_1.wav,AIRCRAFT
C:\Users\Fatih\Desktop\TUBITAK\Airport_Noise\Dataset_Airplane\audio\audio\1\06A063_2023-04-06_19-00-54_0_1.wav,AIRCRAFT
C:\Users\Fatih\Desktop\TUBITAK\Airport_Noise\Dataset_Airplane\audio\audio\1\06A070_2023-05-09_15-43-20_0_1.wav,AIRCRAFT
C:\Users\Fatih\Desktop\TUBITAK\Airport_Noise\Dataset_Airplane\audio\audio\1\06A1BD_2022-12-12_13-38-31_0_1.wav,AIRCRAFT
C:\Users\Fatih\Desktop\TUBITAK\Airport_Noise\Dataset_Airplane\audio\audio\1\06A1C0_2023-04-06_15-40-01_0_1.wav,AIRCRAFT
C:\Users\Fatih\Desktop\TUBITAK\Airport_Noise\Dataset_Airplane\audio\audio\1\06A1C0_2023-04-17_15-30-38_0_1.wav,AIRCRAFT
C:\Users\Fatih\Desktop\TUBITAK\Airport_Noise\Dataset_Airplane\audio\audio\1\06A2B1_2022-12-08_19-55-46_0_0.wav,AIRCRAFT
C:\Users\Fatih\Desktop\TUBITAK\Airport_Noise\Dataset_Airplane\audio\audio\1\06A2B1_2022-12-11_13-33-24_0_0.wav,AIRCRAFT
C:\Users\Fatih\Desktop\TUBITAK\Airport_Noise\Dataset_Airplane\audio\audio\1\06A2B2_2023-05-02_15-35-59_0_1.wav,AIRCRAFT
C:\Users\Fatih\Desktop\TUBITAK\Airport_Noise\Dataset_Airplane\audio\audio\1\06A2B7_2023-04-25_15-23-05_0_1.wav,AIRCRAFT
C:\Users\Fatih\Desktop\TUBITAK\Airport_Noise\Dataset_Airplane\audio\audio\1\06A2B8_2022-12-15_20-24-51_0_1.wav,AIRCRAFT
C:\Users\Fatih\Desktop\TUBITAK\Airport_Noise\Dataset_Airplane\audio\audio\1\06A2C5_2023-04-22_15-25-26_0_1.wav,AIRCRAFT
C:\Users\Fatih\Desktop\TUBITAK\Airport_Noise\Dataset_Airplane\audio\audio\1\06A2C6_2023-05-20_15-23-48_0_1.wav,AIRCRAFT
C:\Users\Fatih\Desktop\TUBITAK\Airport_Noise\Dataset_Airplane\audio\audio\1\5001DE_2022-12-08_15-17-48_0_0.wav,AIRCRAFT
C:\Users\Fatih\Desktop\TUBITAK\Airport_Noise\Dataset_Airplane\audio\audio\1\75025A_2023-04-22_08-12-05_0_1.wav,AIRCRAFT
C:\Users\Fatih\Desktop\TUBITAK\Airport_Noise\Dataset_Airplane\audio\audio\1\750260_2023-05-23_11-09-26_0_1.wav,AIRCRAFT
C:\Users\Fatih\Desktop\TUBITAK\Airport_Noise\Dataset_Airplane\audio\audio\1\750262_2022-12-11_09-48-28_0_0.wav,AIRCRAFT
C:\Users\Fatih\Desktop\TUBITAK\Airport_Noise\Dataset_Airplane\audio\audio\1\76CD0B_2023-05-10_06-58-39_0_1.wav,AIRCRAFT
C:\Users\Fatih\Desktop\TUBITAK\Airport_Noise\Dataset_Airplane\audio\audio\1\76CD0E_2023-04-15_07-48-46_0_1.wav,AIRCRAFT
C:\Users\Fatih\Desktop\TUBITAK\Airport_Noise\Dataset_Airplane\audio\audio\1\76CD11_2023-04-05_09-33-42_0_1.wav,AIRCRAFT
C:\Users\Fatih\Desktop\TUBITAK\Airport_Noise\Dataset_Airplane\audio\audio\1\76CD11_2023-04-07_07-07-54_0_1.wav,AIRCRAFT
C:\Users\Fatih\Desktop\TUBITAK\Airport_Noise\Dataset_Airplane\audio\audio\1\76CD13_2023-04-16_07-08-25_0_1.wav,AIRCRAFT
C:\Users\Fatih\Desktop\TUBITAK\Airport_Noise\Dataset_Airplane\audio\audio\1\76CD15_2023-04-22_07-08-35_0_1.wav,AIRCRAFT
C:\Users\Fatih\Desktop\TUBITAK\Airport_Noise\Dataset_Airplane\audio\audio\1\7C019D_2023-05-03_12-49-25_0_1.wav,AIRCRAFT
C:\Users\Fatih\Desktop\TUBITAK\Airport_Noise\Dataset_Airplane\audio\audio\1\7C05B5_2023-04-21_16-17-16_0_1.wav,AIRCRAFT
C:\Users\Fatih\Desktop\TUBITAK\Airport_Noise\Dataset_Airplane\audio\audio\1\7C07CD_2023-03-01_13-39-41_1_1.wav,AIRCRAFT
C:\Users\Fatih\Desktop\TUBITAK\Airport_Noise\Dataset_Airplane\audio\audio\1\7C15AB_2022-12-12_18-53-03_0_1.wav,AIRCRAFT
C:\Users\Fatih\Desktop\TUBITAK\Airport_Noise\Dataset_Airplane\audio\audio\1\7C15AB_2022-12-15_19-35-36_0_1.wav,AIRCRAFT
C:\Users\Fatih\Desktop\TUBITAK\Airport_Noise\Dataset_Airplane\audio\audio\1\7C15AB_2023-04-07_09-02-57_0_1.wav,AIRCRAFT
C:\Users\Fatih\Desktop\TUBITAK\Airport_Noise\Dataset_Airplane\audio\audio\1\7C15AB_2023-04-15_08-49-15_0_1.wav,AIRCRAFT
C:\Users\Fatih\Desktop\TUBITAK\Airport_Noise\Dataset_Airplane\audio\audio\1\7C1A29_2022-12-08_20-32-21_0_0.wav,AIRCRAFT
C:\Users\Fatih\Desktop\TUBITAK\Airport_Noise\Dataset_Airplane\audio\audio\1\7C1A29_2022-12-12_20-19-02_0_1.wav,AIRCRAFT
C:\Users\Fatih\Desktop\TUBITAK\Airport_Noise\Dataset_Airplane\audio\audio\1\7C1A29_2022-12-15_19-55-45_0_1.wav,AIRCRAFT
C:\Users\Fatih\Desktop\TUBITAK\Airport_Noise\Dataset_Airplane\audio\audio\1\7C1ABD_2023-05-03_11-28-53_0_1.wav,AIRCRAFT
C:\Users\Fatih\Desktop\TUBITAK\Airport_Noise\Dataset_Airplane\audio\audio\1\7C1B0F_2023-04-19_11-19-45_0_1.wav,AIRCRAFT
C:\Users\Fatih\Desktop\TUBITAK\Airport_Noise\Dataset_Airplane\audio\audio\1\7C1B0F_2023-05-20_15-40-08_0_1.wav,AIRCRAFT
C:\Users\Fatih\Desktop\TUBITAK\Airport_Noise\Dataset_Airplane\audio\audio\1\7C1B2B_2022-12-12_17-15-39_0_1.wav,AIRCRAFT
C:\Users\Fatih\Desktop\TUBITAK\Airport_Noise\Dataset_Airplane\audio\audio\1\7C1B2B_2023-05-03_13-42-11_0_1.wav,AIRCRAFT
C:\Users\Fatih\Desktop\TUBITAK\Airport_Noise\Dataset_Airplane\audio\audio\1\7C1B2B_2023-05-21_10-31-58_0_1.wav,AIRCRAFT
C:\Users\Fatih\Desktop\TUBITAK\Airport_Noise\Dataset_Airplane\audio\audio\1\7C1C44_2023-04-04_14-20-23_0_1.wav,AIRCRAFT
C:\Users\Fatih\Desktop\TUBITAK\Airport_Noise\Dataset_Airplane\audio\audio\1\7C1C44_2023-04-17_11-57-43_0_1.wav,AIRCRAFT
C:\Users\Fatih\Desktop\TUBITAK\Airport_Noise\Dataset_Airplane\audio\audio\1\7C1C44_2023-04-17_13-15-00_0_1.wav,AIRCRAFT
C:\Users\Fatih\Desktop\TUBITAK\Airport_Noise\Dataset_Airplane\audio\audio\1\7C1C95_2022-12-12_16-50-25_0_1.wav,AIRCRAFT
C:\Users\Fatih\Desktop\TUBITAK\Airport_Noise\Dataset_Airplane\audio\audio\1\7C1C95_2023-04-28_09-35-22_0_1.wav,AIRCRAFT
C:\Users\Fatih\Desktop\TUBITAK\Airport_Noise\Dataset_Airplane\audio\audio\1\7C1C99_2023-04-15_09-19-14_0_1.wav,AIRCRAFT
C:\Users\Fatih\Desktop\TUBITAK\Airport_Noise\Dataset_Airplane\audio\audio\1\7C1C99_2023-04-21_15-01-45_0_1.wav,AIRCRAFT
C:\Users\Fatih\Desktop\TUBITAK\Airport_Noise\Dataset_Airplane\audio\audio\1\7C1C99_2023-04-24_11-37-35_2_1.wav,AIRCRAFT
C:\Users\Fatih\Desktop\TUBITAK\Airport_Noise\Dataset_Airplane\audio\audio\1\7C1CA2_2022-12-08_11-02-36_0_0.wav,AIRCRAFT
C:\Users\Fatih\Desktop\TUBITAK\Airport_Noise\Dataset_Airplane\audio\audio\1\7C1CA2_2022-12-12_16-03-17_0_1.wav,AIRCRAFT
C:\Users\Fatih\Desktop\TUBITAK\Airport_Noise\Dataset_Airplane\audio\audio\1\7C1CA2_2022-12-15_23-14-25_0_1.wav,AIRCRAFT
C:\Users\Fatih\Desktop\TUBITAK\Airport_Noise\Dataset_Airplane\audio\audio\1\7C1CA2_2023-04-06_17-39-15_0_1.wav,AIRCRAFT
C:\Users\Fatih\Desktop\TUBITAK\Airport_Noise\Dataset_Airplane\audio\audio\1\7C1CA5_2023-04-15_08-52-07_0_1.wav,AIRCRAFT
C:\Users\Fatih\Desktop\TUBITAK\Airport_Noise\Dataset_Airplane\audio\audio\1\7C1CA5_2023-04-24_11-58-00_2_1.wav,AIRCRAFT
C:\Users\Fatih\Desktop\TUBITAK\Airport_Noise\Dataset_Airplane\audio\audio\1\7C1CA5_2023-05-02_14-16-09_0_1.wav,AIRCRAFT
C:\Users\Fatih\Desktop\TUBITAK\Airport_Noise\Dataset_Airplane\audio\audio\1\7C1CA5_2023-05-09_12-52-42_2_1.wav,AIRCRAFT
C:\Users\Fatih\Desktop\TUBITAK\Airport_Noise\Dataset_Airplane\audio\audio\1\7C1CE4_2022-12-08_17-26-01_0_0.wav,AIRCRAFT
C:\Users\Fatih\Desktop\TUBITAK\Airport_Noise\Dataset_Airplane\audio\audio\1\7C1CE4_2023-04-28_11-26-33_0_1.wav,AIRCRAFT
C:\Users\Fatih\Desktop\TUBITAK\Airport_Noise\Dataset_Airplane\audio\audio\1\7C1CE4_2023-05-09_13-01-23_2_1.wav,AIRCRAFT
C:\Users\Fatih\Desktop\TUBITAK\Airport_Noise\Dataset_Airplane\audio\audio\1\7C1CE4_2023-05-21_11-01-45_0_1.wav,AIRCRAFT
C:\Users\Fatih\Desktop\TUBITAK\Airport_Noise\Dataset_Airplane\audio\audio\1\7C2699_2023-04-06_16-24-15_0_1.wav,AIRCRAFT
C:\Users\Fatih\Desktop\TUBITAK\Airport_Noise\Dataset_Airplane\audio\audio\1\7C293D_2023-04-22_09-30-57_0_1.wav,AIRCRAFT
C:\Users\Fatih\Desktop\TUBITAK\Airport_Noise\Dataset_Airplane\audio\audio\1\7C293D_2023-04-22_10-14-18_0_1.wav,AIRCRAFT
C:\Users\Fatih\Desktop\TUBITAK\Airport_Noise\Dataset_Airplane\audio\audio\1\7C29D4_2022-12-08_13-09-46_0_0.wav,AIRCRAFT
C:\Users\Fatih\Desktop\TUBITAK\Airport_Noise\Dataset_Airplane\audio\audio\1\7C29D4_2023-04-07_09-06-58_0_1.wav,AIRCRAFT
C:\Users\Fatih\Desktop\TUBITAK\Airport_Noise\Dataset_Airplane\audio\audio\1\7C29D4_2023-05-03_11-38-48_0_1.wav,AIRCRAFT
C:\Users\Fatih\Desktop\TUBITAK\Airport_Noise\Dataset_Airplane\audio\audio\1\7C29D4_2023-05-23_11-16-35_0_1.wav,AIRCRAFT
C:\Users\Fatih\Desktop\TUBITAK\Airport_Noise\Dataset_Airplane\audio\audio\1\7C29D8_2022-12-12_20-21-35_0_1.wav,AIRCRAFT
C:\Users\Fatih\Desktop\TUBITAK\Airport_Noise\Dataset_Airplane\audio\audio\1\7C29DA_2023-04-21_08-36-49_0_1.wav,AIRCRAFT
C:\Users\Fatih\Desktop\TUBITAK\Airport_Noise\Dataset_Airplane\audio\audio\1\7C2BA8_2023-04-06_16-19-03_0_1.wav,AIRCRAFT
C:\Users\Fatih\Desktop\TUBITAK\Airport_Noise\Dataset_Airplane\audio\audio\1\7C2BA8_2023-04-21_16-05-33_0_1.wav,AIRCRAFT
C:\Users\Fatih\Desktop\TUBITAK\Airport_Noise\Dataset_Airplane\audio\audio\1\7C2BAF_2023-04-25_17-52-45_0_1.wav,AIRCRAFT
C:\Users\Fatih\Desktop\TUBITAK\Airport_Noise\Dataset_Airplane\audio\audio\1\7C2BB0_2023-05-20_14-21-09_0_1.wav,AIRCRAFT
C:\Users\Fatih\Desktop\TUBITAK\Airport_Noise\Dataset_Airplane\audio\audio\1\7C2BC5_2022-12-15_22-36-50_0_1.wav,AIRCRAFT
C:\Users\Fatih\Desktop\TUBITAK\Airport_Noise\Dataset_Airplane\audio\audio\1\7C2BC5_2023-04-06_18-07-35_0_1.wav,AIRCRAFT
C:\Users\Fatih\Desktop\TUBITAK\Airport_Noise\Dataset_Airplane\audio\audio\1\7C2BEE_2022-12-08_10-32-14_0_0.wav,AIRCRAFT
C:\Users\Fatih\Desktop\TUBITAK\Airport_Noise\Dataset_Airplane\audio\audio\1\7C2BEE_2022-12-08_17-21-12_0_0.wav,AIRCRAFT
C:\Users\Fatih\Desktop\TUBITAK\Airport_Noise\Dataset_Airplane\audio\audio\1\7C2BEE_2022-12-12_17-48-12_0_1.wav,AIRCRAFT
C:\Users\Fatih\Desktop\TUBITAK\Airport_Noise\Dataset_Airplane\audio\audio\1\7C2BEE_2023-04-06_17-47-26_0_1.wav,AIRCRAFT
C:\Users\Fatih\Desktop\TUBITAK\Airport_Noise\Dataset_Airplane\audio\audio\1\7C2BEE_2023-04-07_10-13-16_0_1.wav,AIRCRAFT
C:\Users\Fatih\Desktop\TUBITAK\Airport_Noise\Dataset_Airplane\audio\audio\1\7C2BEE_2023-04-15_10-52-17_0_1.wav,AIRCRAFT
C:\Users\Fatih\Desktop\TUBITAK\Airport_Noise\Dataset_Airplane\audio\audio\1\7C2BEE_2023-04-25_17-18-59_0_1.wav,AIRCRAFT
C:\Users\Fatih\Desktop\TUBITAK\Airport_Noise\Dataset_Airplane\audio\audio\1\7C2BEE_2023-04-28_10-00-57_0_1.wav,AIRCRAFT
C:\Users\Fatih\Desktop\TUBITAK\Airport_Noise\Dataset_Airplane\audio\audio\1\7C2BF9_2022-12-12_17-20-27_0_1.wav,AIRCRAFT
C:\Users\Fatih\Desktop\TUBITAK\Airport_Noise\Dataset_Airplane\audio\audio\1\7C2BF9_2023-04-06_17-23-39_0_1.wav,AIRCRAFT
C:\Users\Fatih\Desktop\TUBITAK\Airport_Noise\Dataset_Airplane\audio\audio\1\7C2BF9_2023-04-25_14-40-28_0_1.wav,AIRCRAFT
C:\Users\Fatih\Desktop\TUBITAK\Airport_Noise\Dataset_Airplane\audio\audio\1\7C2BF9_2023-05-02_15-04-25_0_1.wav,AIRCRAFT
C:\Users\Fatih\Desktop\TUBITAK\Airport_Noise\Dataset_Airplane\audio\audio\1\7C2BF9_2023-05-09_14-49-07_0_1.wav,AIRCRAFT
C:\Users\Fatih\Desktop\TUBITAK\Airport_Noise\Dataset_Airplane\audio\audio\1\7C2F0C_2023-04-28_10-54-37_0_1.wav,AIRCRAFT
C:\Users\Fatih\Desktop\TUBITAK\Airport_Noise\Dataset_Airplane\audio\audio\1\7C2F0C_2023-05-02_15-09-38_0_1.wav,AIRCRAFT
C:\Users\Fatih\Desktop\TUBITAK\Airport_Noise\Dataset_Airplane\audio\audio\1\7C2F54_2022-12-15_17-44-46_0_1.wav,AIRCRAFT
C:\Users\Fatih\Desktop\TUBITAK\Airport_Noise\Dataset_Airplane\audio\audio\1\7C30AF_2022-12-11_12-30-42_0_0.wav,AIRCRAFT
C:\Users\Fatih\Desktop\TUBITAK\Airport_Noise\Dataset_Airplane\audio\audio\1\7C3336_2022-12-08_13-15-35_0_0.wav,AIRCRAFT
C:\Users\Fatih\Desktop\TUBITAK\Airport_Noise\Dataset_Airplane\audio\audio\1\7C3929_2023-04-17_13-09-14_0_1.wav,AIRCRAFT
C:\Users\Fatih\Desktop\TUBITAK\Airport_Noise\Dataset_Airplane\audio\audio\1\7C3929_2023-05-02_15-15-47_0_1.wav,AIRCRAFT
C:\Users\Fatih\Desktop\TUBITAK\Airport_Noise\Dataset_Airplane\audio\audio\1\7C3929_2023-05-09_15-13-15_0_1.wav,AIRCRAFT
C:\Users\Fatih\Desktop\TUBITAK\Airport_Noise\Dataset_Airplane\audio\audio\1\7C3A50_2022-12-15_17-31-08_0_1.wav,AIRCRAFT
C:\Users\Fatih\Desktop\TUBITAK\Airport_Noise\Dataset_Airplane\audio\audio\1\7C3A50_2023-03-01_14-01-01_1_1.wav,AIRCRAFT
C:\Users\Fatih\Desktop\TUBITAK\Airport_Noise\Dataset_Airplane\audio\audio\1\7C3A50_2023-03-01_14-10-05_1_1.wav,AIRCRAFT
C:\Users\Fatih\Desktop\TUBITAK\Airport_Noise\Dataset_Airplane\audio\audio\1\7C3F0A_2023-04-19_11-22-41_0_1.wav,AIRCRAFT
C:\Users\Fatih\Desktop\TUBITAK\Airport_Noise\Dataset_Airplane\audio\audio\1\7C3FCB_2023-04-25_18-11-43_0_1.wav,AIRCRAFT
C:\Users\Fatih\Desktop\TUBITAK\Airport_Noise\Dataset_Airplane\audio\audio\1\7C3FCB_2023-05-09_15-10-12_0_1.wav,AIRCRAFT
C:\Users\Fatih\Desktop\TUBITAK\Airport_Noise\Dataset_Airplane\audio\audio\1\7C3FCB_2023-05-20_15-49-10_0_1.wav,AIRCRAFT
C:\Users\Fatih\Desktop\TUBITAK\Airport_Noise\Dataset_Airplane\audio\audio\1\7C4028_2022-12-08_09-58-18_0_0.wav,AIRCRAFT
C:\Users\Fatih\Desktop\TUBITAK\Airport_Noise\Dataset_Airplane\audio\audio\1\7C4028_2023-05-02_14-45-31_0_1.wav,AIRCRAFT
C:\Users\Fatih\Desktop\TUBITAK\Airport_Noise\Dataset_Airplane\audio\audio\1\7C4028_2023-05-09_14-28-59_0_1.wav,AIRCRAFT
C:\Users\Fatih\Desktop\TUBITAK\Airport_Noise\Dataset_Airplane\audio\audio\1\7C4203_2022-12-08_10-37-49_0_0.wav,AIRCRAFT
C:\Users\Fatih\Desktop\TUBITAK\Airport_Noise\Dataset_Airplane\audio\audio\1\7C4209_2023-04-15_08-02-03_0_1.wav,AIRCRAFT
C:\Users\Fatih\Desktop\TUBITAK\Airport_Noise\Dataset_Airplane\audio\audio\1\7C4209_2023-05-09_12-54-51_2_1.wav,AIRCRAFT
C:\Users\Fatih\Desktop\TUBITAK\Airport_Noise\Dataset_Airplane\audio\audio\1\7C4316_2022-12-08_09-18-03_0_0.wav,AIRCRAFT
C:\Users\Fatih\Desktop\TUBITAK\Airport_Noise\Dataset_Airplane\audio\audio\1\7C4319_2023-04-06_14-07-21_0_1.wav,AIRCRAFT
C:\Users\Fatih\Desktop\TUBITAK\Airport_Noise\Dataset_Airplane\audio\audio\1\7C4319_2023-04-17_13-39-47_0_1.wav,AIRCRAFT
C:\Users\Fatih\Desktop\TUBITAK\Airport_Noise\Dataset_Airplane\audio\audio\1\7C4320_2023-04-06_18-33-05_0_1.wav,AIRCRAFT
C:\Users\Fatih\Desktop\TUBITAK\Airport_Noise\Dataset_Airplane\audio\audio\1\7C4329_2023-04-22_07-55-38_0_1.wav,AIRCRAFT
C:\Users\Fatih\Desktop\TUBITAK\Airport_Noise\Dataset_Airplane\audio\audio\1\7C480D_2023-04-22_10-05-58_0_1.wav,AIRCRAFT
C:\Users\Fatih\Desktop\TUBITAK\Airport_Noise\Dataset_Airplane\audio\audio\1\7C4877_2022-12-15_20-20-32_0_1.wav,AIRCRAFT
C:\Users\Fatih\Desktop\TUBITAK\Airport_Noise\Dataset_Airplane\audio\audio\1\7C4877_2023-05-09_15-06-18_0_1.wav,AIRCRAFT
C:\Users\Fatih\Desktop\TUBITAK\Airport_Noise\Dataset_Airplane\audio\audio\1\7C495B_2023-04-07_07-45-35_0_1.wav,AIRCRAFT
C:\Users\Fatih\Desktop\TUBITAK\Airport_Noise\Dataset_Airplane\audio\audio\1\7C495B_2023-04-19_12-01-41_0_1.wav,AIRCRAFT
C:\Users\Fatih\Desktop\TUBITAK\Airport_Noise\Dataset_Airplane\audio\audio\1\7C495B_2023-04-24_11-40-02_2_1.wav,AIRCRAFT
C:\Users\Fatih\Desktop\TUBITAK\Airport_Noise\Dataset_Airplane\audio\audio\1\7C495B_2023-04-28_11-35-31_0_1.wav,AIRCRAFT
C:\Users\Fatih\Desktop\TUBITAK\Airport_Noise\Dataset_Airplane\audio\audio\1\7C49DA_2023-04-06_17-12-53_0_1.wav,AIRCRAFT
C:\Users\Fatih\Desktop\TUBITAK\Airport_Noise\Dataset_Airplane\audio\audio\1\7C4A46_2023-05-02_14-50-03_0_1.wav,AIRCRAFT
C:\Users\Fatih\Desktop\TUBITAK\Airport_Noise\Dataset_Airplane\audio\audio\1\7C4A46_2023-05-09_14-35-50_0_1.wav,AIRCRAFT
C:\Users\Fatih\Desktop\TUBITAK\Airport_Noise\Dataset_Airplane\audio\audio\1\7C4BF2_2023-04-22_10-52-33_0_1.wav,AIRCRAFT
C:\Users\Fatih\Desktop\TUBITAK\Airport_Noise\Dataset_Airplane\audio\audio\1\7C4BF6_2022-12-08_12-53-44_0_0.wav,AIRCRAFT
C:\Users\Fatih\Desktop\TUBITAK\Airport_Noise\Dataset_Airplane\audio\audio\1\7C531C_2023-04-24_11-27-57_2_1.wav,AIRCRAFT
C:\Users\Fatih\Desktop\TUBITAK\Airport_Noise\Dataset_Airplane\audio\audio\1\7C5356_2022-12-08_11-28-12_0_0.wav,AIRCRAFT
C:\Users\Fatih\Desktop\TUBITAK\Airport_Noise\Dataset_Airplane\audio\audio\1\7C56B7_2022-12-11_12-56-50_0_0.wav,AIRCRAFT
C:\Users\Fatih\Desktop\TUBITAK\Airport_Noise\Dataset_Airplane\audio\audio\1\7C56B7_2022-12-12_13-56-07_0_1.wav,AIRCRAFT
C:\Users\Fatih\Desktop\TUBITAK\Airport_Noise\Dataset_Airplane\audio\audio\1\7C56B7_2023-04-04_13-27-48_0_1.wav,AIRCRAFT
C:\Users\Fatih\Desktop\TUBITAK\Airport_Noise\Dataset_Airplane\audio\audio\1\7C5852_2023-05-03_13-21-39_0_1.wav,AIRCRAFT
C:\Users\Fatih\Desktop\TUBITAK\Airport_Noise\Dataset_Airplane\audio\audio\1\7C5856_2022-12-12_20-29-56_0_1.wav,AIRCRAFT
C:\Users\Fatih\Desktop\TUBITAK\Airport_Noise\Dataset_Airplane\audio\audio\1\7C5856_2022-12-15_12-45-19_0_1.wav,AIRCRAFT
C:\Users\Fatih\Desktop\TUBITAK\Airport_Noise\Dataset_Airplane\audio\audio\1\7C5856_2023-04-17_15-12-17_0_1.wav,AIRCRAFT
C:\Users\Fatih\Desktop\TUBITAK\Airport_Noise\Dataset_Airplane\audio\audio\1\7C585F_2022-12-08_20-28-55_0_0.wav,AIRCRAFT
C:\Users\Fatih\Desktop\TUBITAK\Airport_Noise\Dataset_Airplane\audio\audio\1\7C585F_2022-12-15_20-27-01_0_1.wav,AIRCRAFT
C:\Users\Fatih\Desktop\TUBITAK\Airport_Noise\Dataset_Airplane\audio\audio\1\7C5963_2023-05-09_15-00-39_0_1.wav,AIRCRAFT
C:\Users\Fatih\Desktop\TUBITAK\Airport_Noise\Dataset_Airplane\audio\audio\1\7C5B4C_2023-04-15_12-05-01_0_1.wav,AIRCRAFT
C:\Users\Fatih\Desktop\TUBITAK\Airport_Noise\Dataset_Airplane\audio\audio\1\7C5B4C_2023-04-22_07-14-33_0_1.wav,AIRCRAFT
C:\Users\Fatih\Desktop\TUBITAK\Airport_Noise\Dataset_Airplane\audio\audio\1\7C5B4D_2023-03-01_13-37-12_1_1.wav,AIRCRAFT
C:\Users\Fatih\Desktop\TUBITAK\Airport_Noise\Dataset_Airplane\audio\audio\1\7C5B4D_2023-05-09_12-35-44_2_1.wav,AIRCRAFT
C:\Users\Fatih\Desktop\TUBITAK\Airport_Noise\Dataset_Airplane\audio\audio\1\7C5B57_2023-04-19_11-44-52_0_1.wav,AIRCRAFT
C:\Users\Fatih\Desktop\TUBITAK\Airport_Noise\Dataset_Airplane\audio\audio\1\7C5B57_2023-04-21_18-33-06_0_1.wav,AIRCRAFT
C:\Users\Fatih\Desktop\TUBITAK\Airport_Noise\Dataset_Airplane\audio\audio\1\7C5B57_2023-04-28_10-04-40_0_1.wav,AIRCRAFT
C:\Users\Fatih\Desktop\TUBITAK\Airport_Noise\Dataset_Airplane\audio\audio\1\7C5B5A_2022-12-15_17-01-39_0_1.wav,AIRCRAFT
C:\Users\Fatih\Desktop\TUBITAK\Airport_Noise\Dataset_Airplane\audio\audio\1\7C5B5A_2022-12-15_20-16-10_0_1.wav,AIRCRAFT
C:\Users\Fatih\Desktop\TUBITAK\Airport_Noise\Dataset_Airplane\audio\audio\1\7C5B5A_2023-04-28_10-21-17_0_1.wav,AIRCRAFT
C:\Users\Fatih\Desktop\TUBITAK\Airport_Noise\Dataset_Airplane\audio\audio\1\7C5B5A_2023-05-02_15-28-23_0_1.wav,AIRCRAFT
C:\Users\Fatih\Desktop\TUBITAK\Airport_Noise\Dataset_Airplane\audio\audio\1\7C5E4D_2022-12-12_14-42-23_0_1.wav,AIRCRAFT
C:\Users\Fatih\Desktop\TUBITAK\Airport_Noise\Dataset_Airplane\audio\audio\1\7C5E4D_2022-12-15_16-33-52_0_1.wav,AIRCRAFT
C:\Users\Fatih\Desktop\TUBITAK\Airport_Noise\Dataset_Airplane\audio\audio\1\7C5E4D_2023-04-06_15-31-35_0_1.wav,AIRCRAFT
C:\Users\Fatih\Desktop\TUBITAK\Airport_Noise\Dataset_Airplane\audio\audio\1\7C6087_2023-04-19_11-59-39_0_1.wav,AIRCRAFT
C:\Users\Fatih\Desktop\TUBITAK\Airport_Noise\Dataset_Airplane\audio\audio\1\7C6087_2023-04-25_18-16-01_0_1.wav,AIRCRAFT
C:\Users\Fatih\Desktop\TUBITAK\Airport_Noise\Dataset_Airplane\audio\audio\1\7C6087_2023-05-20_13-39-26_0_1.wav,AIRCRAFT
C:\Users\Fatih\Desktop\TUBITAK\Airport_Noise\Dataset_Airplane\audio\audio\1\7C60D8_2023-04-19_11-36-43_0_1.wav,AIRCRAFT
C:\Users\Fatih\Desktop\TUBITAK\Airport_Noise\Dataset_Airplane\audio\audio\1\7C6274_2023-04-07_10-00-13_0_1.wav,AIRCRAFT
C:\Users\Fatih\Desktop\TUBITAK\Airport_Noise\Dataset_Airplane\audio\audio\1\7C6275_2023-05-09_14-22-08_0_1.wav,AIRCRAFT
C:\Users\Fatih\Desktop\TUBITAK\Airport_Noise\Dataset_Airplane\audio\audio\1\7C6277_2023-04-06_15-42-52_0_1.wav,AIRCRAFT
C:\Users\Fatih\Desktop\TUBITAK\Airport_Noise\Dataset_Airplane\audio\audio\1\7C6277_2023-04-07_07-11-50_0_1.wav,AIRCRAFT
C:\Users\Fatih\Desktop\TUBITAK\Airport_Noise\Dataset_Airplane\audio\audio\1\7C6277_2023-04-07_10-11-04_0_1.wav,AIRCRAFT
C:\Users\Fatih\Desktop\TUBITAK\Airport_Noise\Dataset_Airplane\audio\audio\1\7C6277_2023-04-22_11-33-28_0_1.wav,AIRCRAFT
C:\Users\Fatih\Desktop\TUBITAK\Airport_Noise\Dataset_Airplane\audio\audio\1\7C627A_2023-04-06_19-10-42_0_1.wav,AIRCRAFT
C:\Users\Fatih\Desktop\TUBITAK\Airport_Noise\Dataset_Airplane\audio\audio\1\7C627B_2023-04-15_11-38-19_0_1.wav,AIRCRAFT
C:\Users\Fatih\Desktop\TUBITAK\Airport_Noise\Dataset_Airplane\audio\audio\1\7C627C_2023-04-15_10-21-08_0_1.wav,AIRCRAFT
C:\Users\Fatih\Desktop\TUBITAK\Airport_Noise\Dataset_Airplane\audio\audio\1\7C627C_2023-04-17_15-36-20_0_1.wav,AIRCRAFT
C:\Users\Fatih\Desktop\TUBITAK\Airport_Noise\Dataset_Airplane\audio\audio\1\7C6289_2022-12-08_15-50-34_0_0.wav,AIRCRAFT
C:\Users\Fatih\Desktop\TUBITAK\Airport_Noise\Dataset_Airplane\audio\audio\1\7C6289_2022-12-08_18-54-32_0_0.wav,AIRCRAFT
C:\Users\Fatih\Desktop\TUBITAK\Airport_Noise\Dataset_Airplane\audio\audio\1\7C629F_2023-04-22_10-54-26_0_1.wav,AIRCRAFT
C:\Users\Fatih\Desktop\TUBITAK\Airport_Noise\Dataset_Airplane\audio\audio\1\7C6699_2023-04-21_18-17-28_0_1.wav,AIRCRAFT
C:\Users\Fatih\Desktop\TUBITAK\Airport_Noise\Dataset_Airplane\audio\audio\1\7C6781_2022-12-11_12-06-40_0_0.wav,AIRCRAFT
C:\Users\Fatih\Desktop\TUBITAK\Airport_Noise\Dataset_Airplane\audio\audio\1\7C6786_2023-04-05_11-24-42_0_1.wav,AIRCRAFT
C:\Users\Fatih\Desktop\TUBITAK\Airport_Noise\Dataset_Airplane\audio\audio\1\7C6786_2023-04-15_10-58-34_0_1.wav,AIRCRAFT
C:\Users\Fatih\Desktop\TUBITAK\Airport_Noise\Dataset_Airplane\audio\audio\1\7C6786_2023-04-28_10-50-33_0_1.wav,AIRCRAFT
C:\Users\Fatih\Desktop\TUBITAK\Airport_Noise\Dataset_Airplane\audio\audio\1\7C6796_2023-04-22_10-48-01_0_1.wav,AIRCRAFT
C:\Users\Fatih\Desktop\TUBITAK\Airport_Noise\Dataset_Airplane\audio\audio\1\7C67B7_2022-12-08_12-49-35_0_0.wav,AIRCRAFT
C:\Users\Fatih\Desktop\TUBITAK\Airport_Noise\Dataset_Airplane\audio\audio\1\7C67B7_2023-05-03_11-20-39_0_1.wav,AIRCRAFT
C:\Users\Fatih\Desktop\TUBITAK\Airport_Noise\Dataset_Airplane\audio\audio\1\7C68A1_2023-04-06_14-59-08_0_1.wav,AIRCRAFT
C:\Users\Fatih\Desktop\TUBITAK\Airport_Noise\Dataset_Airplane\audio\audio\1\7C68A1_2023-04-06_19-08-38_0_1.wav,AIRCRAFT
C:\Users\Fatih\Desktop\TUBITAK\Airport_Noise\Dataset_Airplane\audio\audio\1\7C68A1_2023-04-22_11-17-36_0_1.wav,AIRCRAFT
C:\Users\Fatih\Desktop\TUBITAK\Airport_Noise\Dataset_Airplane\audio\audio\1\7C68A1_2023-04-28_10-16-23_0_1.wav,AIRCRAFT
C:\Users\Fatih\Desktop\TUBITAK\Airport_Noise\Dataset_Airplane\audio\audio\1\7C68A1_2023-05-02_15-23-09_0_1.wav,AIRCRAFT
C:\Users\Fatih\Desktop\TUBITAK\Airport_Noise\Dataset_Airplane\audio\audio\1\7C68A5_2022-12-11_10-13-59_0_0.wav,AIRCRAFT
C:\Users\Fatih\Desktop\TUBITAK\Airport_Noise\Dataset_Airplane\audio\audio\1\7C68A5_2022-12-12_14-23-15_0_1.wav,AIRCRAFT
C:\Users\Fatih\Desktop\TUBITAK\Airport_Noise\Dataset_Airplane\audio\audio\1\7C68A5_2023-04-28_10-11-37_0_1.wav,AIRCRAFT
C:\Users\Fatih\Desktop\TUBITAK\Airport_Noise\Dataset_Airplane\audio\audio\1\7C68A8_2022-12-08_11-48-48_0_0.wav,AIRCRAFT
C:\Users\Fatih\Desktop\TUBITAK\Airport_Noise\Dataset_Airplane\audio\audio\1\7C68AD_2023-04-28_09-26-20_0_1.wav,AIRCRAFT
C:\Users\Fatih\Desktop\TUBITAK\Airport_Noise\Dataset_Airplane\audio\audio\1\7C68AE_2022-12-08_16-02-20_0_0.wav,AIRCRAFT
C:\Users\Fatih\Desktop\TUBITAK\Airport_Noise\Dataset_Airplane\audio\audio\1\7C68AE_2023-04-06_15-23-33_0_1.wav,AIRCRAFT
C:\Users\Fatih\Desktop\TUBITAK\Airport_Noise\Dataset_Airplane\audio\audio\1\7C68AE_2023-05-03_10-54-40_0_1.wav,AIRCRAFT
C:\Users\Fatih\Desktop\TUBITAK\Airport_Noise\Dataset_Airplane\audio\audio\1\7C68AE_2023-05-09_15-16-26_0_1.wav,AIRCRAFT
C:\Users\Fatih\Desktop\TUBITAK\Airport_Noise\Dataset_Airplane\audio\audio\1\7C68AE_2023-05-23_12-10-47_0_1.wav,AIRCRAFT
C:\Users\Fatih\Desktop\TUBITAK\Airport_Noise\Dataset_Airplane\audio\audio\1\7C68B4_2023-04-06_18-55-56_0_1.wav,AIRCRAFT
C:\Users\Fatih\Desktop\TUBITAK\Airport_Noise\Dataset_Airplane\audio\audio\1\7C68B4_2023-04-15_08-37-05_0_1.wav,AIRCRAFT
C:\Users\Fatih\Desktop\TUBITAK\Airport_Noise\Dataset_Airplane\audio\audio\1\7C68B4_2023-04-17_11-27-12_0_1.wav,AIRCRAFT
C:\Users\Fatih\Desktop\TUBITAK\Airport_Noise\Dataset_Airplane\audio\audio\1\7C68B4_2023-04-21_08-01-28_0_1.wav,AIRCRAFT
C:\Users\Fatih\Desktop\TUBITAK\Airport_Noise\Dataset_Airplane\audio\audio\1\7C68B4_2023-04-21_14-48-21_0_1.wav,AIRCRAFT
C:\Users\Fatih\Desktop\TUBITAK\Airport_Noise\Dataset_Airplane\audio\audio\1\7C68B6_2022-12-11_11-24-47_0_0.wav,AIRCRAFT
C:\Users\Fatih\Desktop\TUBITAK\Airport_Noise\Dataset_Airplane\audio\audio\1\7C68B6_2022-12-12_18-30-55_0_1.wav,AIRCRAFT
C:\Users\Fatih\Desktop\TUBITAK\Airport_Noise\Dataset_Airplane\audio\audio\1\7C68B6_2023-04-05_11-21-27_0_1.wav,AIRCRAFT
C:\Users\Fatih\Desktop\TUBITAK\Airport_Noise\Dataset_Airplane\audio\audio\1\7C68B6_2023-05-09_12-56-13_2_1.wav,AIRCRAFT
C:\Users\Fatih\Desktop\TUBITAK\Airport_Noise\Dataset_Airplane\audio\audio\1\7C68B8_2023-04-15_11-08-46_0_1.wav,AIRCRAFT
C:\Users\Fatih\Desktop\TUBITAK\Airport_Noise\Dataset_Airplane\audio\audio\1\7C68B8_2023-04-21_14-35-40_0_1.wav,AIRCRAFT
C:\Users\Fatih\Desktop\TUBITAK\Airport_Noise\Dataset_Airplane\audio\audio\1\7C68B8_2023-04-25_14-52-08_0_1.wav,AIRCRAFT
C:\Users\Fatih\Desktop\TUBITAK\Airport_Noise\Dataset_Airplane\audio\audio\1\7C68B8_2023-05-20_14-51-08_0_1.wav,AIRCRAFT
C:\Users\Fatih\Desktop\TUBITAK\Airport_Noise\Dataset_Airplane\audio\audio\1\7C68B9_2023-04-06_15-29-25_0_1.wav,AIRCRAFT
C:\Users\Fatih\Desktop\TUBITAK\Airport_Noise\Dataset_Airplane\audio\audio\1\7C68C7_2022-12-08_15-11-26_0_0.wav,AIRCRAFT
C:\Users\Fatih\Desktop\TUBITAK\Airport_Noise\Dataset_Airplane\audio\audio\1\7C68C7_2022-12-12_15-32-12_0_1.wav,AIRCRAFT
C:\Users\Fatih\Desktop\TUBITAK\Airport_Noise\Dataset_Airplane\audio\audio\1\7C68C7_2022-12-12_20-15-55_0_1.wav,AIRCRAFT
C:\Users\Fatih\Desktop\TUBITAK\Airport_Noise\Dataset_Airplane\audio\audio\1\7C68C7_2022-12-16_06-44-58_0_1.wav,AIRCRAFT
C:\Users\Fatih\Desktop\TUBITAK\Airport_Noise\Dataset_Airplane\audio\audio\1\7C68C9_2023-05-10_07-14-40_0_1.wav,AIRCRAFT
C:\Users\Fatih\Desktop\TUBITAK\Airport_Noise\Dataset_Airplane\audio\audio\1\7C68CB_2023-04-06_19-03-05_0_1.wav,AIRCRAFT
C:\Users\Fatih\Desktop\TUBITAK\Airport_Noise\Dataset_Airplane\audio\audio\1\7C68CB_2023-04-07_07-32-47_0_1.wav,AIRCRAFT
C:\Users\Fatih\Desktop\TUBITAK\Airport_Noise\Dataset_Airplane\audio\audio\1\7C68CB_2023-04-25_18-33-24_0_1.wav,AIRCRAFT
C:\Users\Fatih\Desktop\TUBITAK\Airport_Noise\Dataset_Airplane\audio\audio\1\7C68CC_2023-04-17_15-22-06_0_1.wav,AIRCRAFT
C:\Users\Fatih\Desktop\TUBITAK\Airport_Noise\Dataset_Airplane\audio\audio\1\7C68CC_2023-05-02_14-59-02_0_1.wav,AIRCRAFT
C:\Users\Fatih\Desktop\TUBITAK\Airport_Noise\Dataset_Airplane\audio\audio\1\7C68CC_2023-05-03_12-09-37_0_1.wav,AIRCRAFT
C:\Users\Fatih\Desktop\TUBITAK\Airport_Noise\Dataset_Airplane\audio\audio\1\7C68CC_2023-05-10_08-27-27_0_1.wav,AIRCRAFT
C:\Users\Fatih\Desktop\TUBITAK\Airport_Noise\Dataset_Airplane\audio\audio\1\7C68CE_2022-12-08_10-09-07_0_0.wav,AIRCRAFT
C:\Users\Fatih\Desktop\TUBITAK\Airport_Noise\Dataset_Airplane\audio\audio\1\7C68CE_2022-12-08_15-30-36_0_0.wav,AIRCRAFT
C:\Users\Fatih\Desktop\TUBITAK\Airport_Noise\Dataset_Airplane\audio\audio\1\7C68CE_2022-12-08_20-16-15_0_0.wav,AIRCRAFT
C:\Users\Fatih\Desktop\TUBITAK\Airport_Noise\Dataset_Airplane\audio\audio\1\7C68CE_2022-12-12_13-45-16_0_1.wav,AIRCRAFT
C:\Users\Fatih\Desktop\TUBITAK\Airport_Noise\Dataset_Airplane\audio\audio\1\7C68CE_2022-12-15_14-53-46_0_1.wav,AIRCRAFT
C:\Users\Fatih\Desktop\TUBITAK\Airport_Noise\Dataset_Airplane\audio\audio\1\7C68CE_2022-12-15_21-10-30_0_1.wav,AIRCRAFT
C:\Users\Fatih\Desktop\TUBITAK\Airport_Noise\Dataset_Airplane\audio\audio\1\7C68CE_2023-04-06_14-39-37_0_1.wav,AIRCRAFT
C:\Users\Fatih\Desktop\TUBITAK\Airport_Noise\Dataset_Airplane\audio\audio\1\7C68CE_2023-04-17_15-05-47_0_1.wav,AIRCRAFT
C:\Users\Fatih\Desktop\TUBITAK\Airport_Noise\Dataset_Airplane\audio\audio\1\7C68CE_2023-04-25_15-09-55_0_1.wav,AIRCRAFT
C:\Users\Fatih\Desktop\TUBITAK\Airport_Noise\Dataset_Airplane\audio\audio\1\7C68D4_2022-12-08_11-37-59_0_0.wav,AIRCRAFT
C:\Users\Fatih\Desktop\TUBITAK\Airport_Noise\Dataset_Airplane\audio\audio\1\7C68D4_2022-12-12_14-29-37_0_1.wav,AIRCRAFT
C:\Users\Fatih\Desktop\TUBITAK\Airport_Noise\Dataset_Airplane\audio\audio\1\7C68D4_2022-12-15_22-41-36_0_1.wav,AIRCRAFT
C:\Users\Fatih\Desktop\TUBITAK\Airport_Noise\Dataset_Airplane\audio\audio\1\7C68D4_2023-04-22_10-10-08_0_1.wav,AIRCRAFT
C:\Users\Fatih\Desktop\TUBITAK\Airport_Noise\Dataset_Airplane\audio\audio\1\7C68D4_2023-05-03_10-11-12_0_1.wav,AIRCRAFT
C:\Users\Fatih\Desktop\TUBITAK\Airport_Noise\Dataset_Airplane\audio\audio\1\7C68D4_2023-05-09_15-22-04_0_1.wav,AIRCRAFT
C:\Users\Fatih\Desktop\TUBITAK\Airport_Noise\Dataset_Airplane\audio\audio\1\7C6A62_2023-04-06_15-34-45_0_1.wav,AIRCRAFT
C:\Users\Fatih\Desktop\TUBITAK\Airport_Noise\Dataset_Airplane\audio\audio\1\7C6A8C_2022-12-08_17-51-40_0_0.wav,AIRCRAFT
C:\Users\Fatih\Desktop\TUBITAK\Airport_Noise\Dataset_Airplane\audio\audio\1\7C6A8C_2022-12-12_18-38-16_0_1.wav,AIRCRAFT
C:\Users\Fatih\Desktop\TUBITAK\Airport_Noise\Dataset_Airplane\audio\audio\1\7C6A8D_2022-12-15_18-42-50_0_1.wav,AIRCRAFT
C:\Users\Fatih\Desktop\TUBITAK\Airport_Noise\Dataset_Airplane\audio\audio\1\7C6A8D_2022-12-16_06-52-47_0_1.wav,AIRCRAFT
C:\Users\Fatih\Desktop\TUBITAK\Airport_Noise\Dataset_Airplane\audio\audio\1\7C6B07_2023-04-15_08-22-41_0_1.wav,AIRCRAFT
C:\Users\Fatih\Desktop\TUBITAK\Airport_Noise\Dataset_Airplane\audio\audio\1\7C6B0C_2022-12-08_14-57-18_0_0.wav,AIRCRAFT
C:\Users\Fatih\Desktop\TUBITAK\Airport_Noise\Dataset_Airplane\audio\audio\1\7C6B0C_2023-04-07_08-06-19_0_1.wav,AIRCRAFT
C:\Users\Fatih\Desktop\TUBITAK\Airport_Noise\Dataset_Airplane\audio\audio\1\7C6B0D_2023-04-15_11-42-07_0_1.wav,AIRCRAFT
C:\Users\Fatih\Desktop\TUBITAK\Airport_Noise\Dataset_Airplane\audio\audio\1\7C6B0E_2023-04-22_08-01-43_0_1.wav,AIRCRAFT
C:\Users\Fatih\Desktop\TUBITAK\Airport_Noise\Dataset_Airplane\audio\audio\1\7C6B0E_2023-05-21_11-38-37_0_1.wav,AIRCRAFT
C:\Users\Fatih\Desktop\TUBITAK\Airport_Noise\Dataset_Airplane\audio\audio\1\7C6B13_2023-05-03_13-36-19_0_1.wav,AIRCRAFT
C:\Users\Fatih\Desktop\TUBITAK\Airport_Noise\Dataset_Airplane\audio\audio\1\7C6B17_2022-12-11_12-26-57_0_0.wav,AIRCRAFT
C:\Users\Fatih\Desktop\TUBITAK\Airport_Noise\Dataset_Airplane\audio\audio\1\7C6B17_2022-12-12_17-45-34_0_1.wav,AIRCRAFT
C:\Users\Fatih\Desktop\TUBITAK\Airport_Noise\Dataset_Airplane\audio\audio\1\7C6B17_2022-12-15_23-10-13_0_1.wav,AIRCRAFT
C:\Users\Fatih\Desktop\TUBITAK\Airport_Noise\Dataset_Airplane\audio\audio\1\7C6B17_2022-12-16_06-59-52_0_1.wav,AIRCRAFT
C:\Users\Fatih\Desktop\TUBITAK\Airport_Noise\Dataset_Airplane\audio\audio\1\7C6B28_2023-04-04_14-24-04_0_1.wav,AIRCRAFT
C:\Users\Fatih\Desktop\TUBITAK\Airport_Noise\Dataset_Airplane\audio\audio\1\7C6B28_2023-04-22_06-58-04_0_1.wav,AIRCRAFT
C:\Users\Fatih\Desktop\TUBITAK\Airport_Noise\Dataset_Airplane\audio\audio\1\7C6B2D_2022-12-08_19-27-54_0_0.wav,AIRCRAFT
C:\Users\Fatih\Desktop\TUBITAK\Airport_Noise\Dataset_Airplane\audio\audio\1\7C6B2D_2023-05-03_11-53-47_0_1.wav,AIRCRAFT
C:\Users\Fatih\Desktop\TUBITAK\Airport_Noise\Dataset_Airplane\audio\audio\1\7C6B36_2023-05-10_08-13-08_0_1.wav,AIRCRAFT
C:\Users\Fatih\Desktop\TUBITAK\Airport_Noise\Dataset_Airplane\audio\audio\1\7C6B37_2023-04-04_14-13-49_0_1.wav,AIRCRAFT
C:\Users\Fatih\Desktop\TUBITAK\Airport_Noise\Dataset_Airplane\audio\audio\1\7C6B37_2023-04-06_17-20-03_0_1.wav,AIRCRAFT
C:\Users\Fatih\Desktop\TUBITAK\Airport_Noise\Dataset_Airplane\audio\audio\1\7C6B38_2023-04-19_11-50-38_0_1.wav,AIRCRAFT
C:\Users\Fatih\Desktop\TUBITAK\Airport_Noise\Dataset_Airplane\audio\audio\1\7C6B39_2023-04-21_17-19-48_0_1.wav,AIRCRAFT
C:\Users\Fatih\Desktop\TUBITAK\Airport_Noise\Dataset_Airplane\audio\audio\1\7C6B40_2023-04-17_12-57-15_0_1.wav,AIRCRAFT
C:\Users\Fatih\Desktop\TUBITAK\Airport_Noise\Dataset_Airplane\audio\audio\1\7C6B40_2023-04-21_16-37-06_0_1.wav,AIRCRAFT
C:\Users\Fatih\Desktop\TUBITAK\Airport_Noise\Dataset_Airplane\audio\audio\1\7C6B40_2023-04-24_11-53-13_2_1.wav,AIRCRAFT
C:\Users\Fatih\Desktop\TUBITAK\Airport_Noise\Dataset_Airplane\audio\audio\1\7C6B41_2023-04-17_13-33-31_0_1.wav,AIRCRAFT
C:\Users\Fatih\Desktop\TUBITAK\Airport_Noise\Dataset_Airplane\audio\audio\1\7C6BC8_2023-04-15_10-33-03_0_1.wav,AIRCRAFT
C:\Users\Fatih\Desktop\TUBITAK\Airport_Noise\Dataset_Airplane\audio\audio\1\7C6BC8_2023-04-17_11-26-04_0_1.wav,AIRCRAFT
C:\Users\Fatih\Desktop\TUBITAK\Airport_Noise\Dataset_Airplane\audio\audio\1\7C6BC8_2023-05-21_11-25-28_0_1.wav,AIRCRAFT
C:\Users\Fatih\Desktop\TUBITAK\Airport_Noise\Dataset_Airplane\audio\audio\1\7C6C18_2022-12-08_15-04-17_0_0.wav,AIRCRAFT
C:\Users\Fatih\Desktop\TUBITAK\Airport_Noise\Dataset_Airplane\audio\audio\1\7C6C25_2022-12-15_12-49-40_0_1.wav,AIRCRAFT
C:\Users\Fatih\Desktop\TUBITAK\Airport_Noise\Dataset_Airplane\audio\audio\1\7C6C29_2022-12-08_12-33-42_0_0.wav,AIRCRAFT
C:\Users\Fatih\Desktop\TUBITAK\Airport_Noise\Dataset_Airplane\audio\audio\1\7C6C29_2022-12-15_17-49-08_0_1.wav,AIRCRAFT
C:\Users\Fatih\Desktop\TUBITAK\Airport_Noise\Dataset_Airplane\audio\audio\1\7C6C29_2023-04-28_11-49-09_0_1.wav,AIRCRAFT
C:\Users\Fatih\Desktop\TUBITAK\Airport_Noise\Dataset_Airplane\audio\audio\1\7C6C2D_2023-04-22_11-30-52_0_1.wav,AIRCRAFT
C:\Users\Fatih\Desktop\TUBITAK\Airport_Noise\Dataset_Airplane\audio\audio\1\7C6C33_2023-04-24_12-11-20_2_1.wav,AIRCRAFT
C:\Users\Fatih\Desktop\TUBITAK\Airport_Noise\Dataset_Airplane\audio\audio\1\7C6C33_2023-04-25_17-47-48_0_1.wav,AIRCRAFT
C:\Users\Fatih\Desktop\TUBITAK\Airport_Noise\Dataset_Airplane\audio\audio\1\7C6C52_2022-12-08_21-02-58_0_0.wav,AIRCRAFT
C:\Users\Fatih\Desktop\TUBITAK\Airport_Noise\Dataset_Airplane\audio\audio\1\7C6C52_2022-12-11_13-15-15_0_0.wav,AIRCRAFT
C:\Users\Fatih\Desktop\TUBITAK\Airport_Noise\Dataset_Airplane\audio\audio\1\7C6C52_2023-04-21_07-50-37_0_1.wav,AIRCRAFT
C:\Users\Fatih\Desktop\TUBITAK\Airport_Noise\Dataset_Airplane\audio\audio\1\7C6C52_2023-04-22_09-34-27_0_1.wav,AIRCRAFT
C:\Users\Fatih\Desktop\TUBITAK\Airport_Noise\Dataset_Airplane\audio\audio\1\7C6C52_2023-04-25_15-47-02_0_1.wav,AIRCRAFT
C:\Users\Fatih\Desktop\TUBITAK\Airport_Noise\Dataset_Airplane\audio\audio\1\7C6C52_2023-05-02_14-08-54_0_1.wav,AIRCRAFT
C:\Users\Fatih\Desktop\TUBITAK\Airport_Noise\Dataset_Airplane\audio\audio\1\7C6C52_2023-05-03_11-09-07_0_1.wav,AIRCRAFT
C:\Users\Fatih\Desktop\TUBITAK\Airport_Noise\Dataset_Airplane\audio\audio\1\7C6C56_2022-12-15_17-10-50_0_1.wav,AIRCRAFT
C:\Users\Fatih\Desktop\TUBITAK\Airport_Noise\Dataset_Airplane\audio\audio\1\7C6C56_2023-04-06_17-55-04_0_1.wav,AIRCRAFT
C:\Users\Fatih\Desktop\TUBITAK\Airport_Noise\Dataset_Airplane\audio\audio\1\7C6C56_2023-04-25_16-21-06_0_1.wav,AIRCRAFT
C:\Users\Fatih\Desktop\TUBITAK\Airport_Noise\Dataset_Airplane\audio\audio\1\7C6C90_2023-04-21_08-10-52_0_1.wav,AIRCRAFT
C:\Users\Fatih\Desktop\TUBITAK\Airport_Noise\Dataset_Airplane\audio\audio\1\7C6C96_2023-04-05_11-47-51_0_1.wav,AIRCRAFT
C:\Users\Fatih\Desktop\TUBITAK\Airport_Noise\Dataset_Airplane\audio\audio\1\7C6C96_2023-05-10_06-44-16_0_1.wav,AIRCRAFT
C:\Users\Fatih\Desktop\TUBITAK\Airport_Noise\Dataset_Airplane\audio\audio\1\7C6C9A_2022-12-08_15-20-54_0_0.wav,AIRCRAFT
C:\Users\Fatih\Desktop\TUBITAK\Airport_Noise\Dataset_Airplane\audio\audio\1\7C6C9A_2022-12-08_15-37-09_0_0.wav,AIRCRAFT
C:\Users\Fatih\Desktop\TUBITAK\Airport_Noise\Dataset_Airplane\audio\audio\1\7C6C9A_2022-12-08_19-34-43_0_0.wav,AIRCRAFT
C:\Users\Fatih\Desktop\TUBITAK\Airport_Noise\Dataset_Airplane\audio\audio\1\7C6C9B_2023-04-06_17-28-25_0_1.wav,AIRCRAFT
C:\Users\Fatih\Desktop\TUBITAK\Airport_Noise\Dataset_Airplane\audio\audio\1\7C6C9C_2023-04-17_13-18-14_0_1.wav,AIRCRAFT
C:\Users\Fatih\Desktop\TUBITAK\Airport_Noise\Dataset_Airplane\audio\audio\1\7C6C9C_2023-05-20_13-34-39_0_1.wav,AIRCRAFT
C:\Users\Fatih\Desktop\TUBITAK\Airport_Noise\Dataset_Airplane\audio\audio\1\7C6C9F_2022-12-12_14-26-30_0_1.wav,AIRCRAFT
C:\Users\Fatih\Desktop\TUBITAK\Airport_Noise\Dataset_Airplane\audio\audio\1\7C6C9F_2022-12-12_21-24-55_0_1.wav,AIRCRAFT
C:\Users\Fatih\Desktop\TUBITAK\Airport_Noise\Dataset_Airplane\audio\audio\1\7C6C9F_2022-12-15_22-23-26_0_1.wav,AIRCRAFT
C:\Users\Fatih\Desktop\TUBITAK\Airport_Noise\Dataset_Airplane\audio\audio\1\7C6CE6_2023-04-15_10-49-46_0_1.wav,AIRCRAFT
C:\Users\Fatih\Desktop\TUBITAK\Airport_Noise\Dataset_Airplane\audio\audio\1\7C6D24_2023-04-04_12-51-00_0_1.wav,AIRCRAFT
C:\Users\Fatih\Desktop\TUBITAK\Airport_Noise\Dataset_Airplane\audio\audio\1\7C6D24_2023-04-15_07-55-56_0_1.wav,AIRCRAFT
C:\Users\Fatih\Desktop\TUBITAK\Airport_Noise\Dataset_Airplane\audio\audio\1\7C6D24_2023-04-28_11-55-10_0_1.wav,AIRCRAFT
C:\Users\Fatih\Desktop\TUBITAK\Airport_Noise\Dataset_Airplane\audio\audio\1\7C6D24_2023-05-02_14-02-01_0_1.wav,AIRCRAFT
C:\Users\Fatih\Desktop\TUBITAK\Airport_Noise\Dataset_Airplane\audio\audio\1\7C6D27_2022-12-08_14-01-16_0_0.wav,AIRCRAFT
C:\Users\Fatih\Desktop\TUBITAK\Airport_Noise\Dataset_Airplane\audio\audio\1\7C6D27_2022-12-12_13-52-30_0_1.wav,AIRCRAFT
C:\Users\Fatih\Desktop\TUBITAK\Airport_Noise\Dataset_Airplane\audio\audio\1\7C6D27_2022-12-12_19-25-02_0_1.wav,AIRCRAFT
C:\Users\Fatih\Desktop\TUBITAK\Airport_Noise\Dataset_Airplane\audio\audio\1\7C6D27_2022-12-15_14-14-47_0_1.wav,AIRCRAFT
C:\Users\Fatih\Desktop\TUBITAK\Airport_Noise\Dataset_Airplane\audio\audio\1\7C6D27_2023-05-20_13-32-03_0_1.wav,AIRCRAFT
C:\Users\Fatih\Desktop\TUBITAK\Airport_Noise\Dataset_Airplane\audio\audio\1\7C6D29_2023-03-01_14-12-20_1_1.wav,AIRCRAFT
C:\Users\Fatih\Desktop\TUBITAK\Airport_Noise\Dataset_Airplane\audio\audio\1\7C6D2A_2023-04-25_16-47-19_0_1.wav,AIRCRAFT
C:\Users\Fatih\Desktop\TUBITAK\Airport_Noise\Dataset_Airplane\audio\audio\1\7C6D2E_2022-12-11_11-29-45_0_0.wav,AIRCRAFT
C:\Users\Fatih\Desktop\TUBITAK\Airport_Noise\Dataset_Airplane\audio\audio\1\7C6D2E_2023-04-15_09-29-28_0_1.wav,AIRCRAFT
C:\Users\Fatih\Desktop\TUBITAK\Airport_Noise\Dataset_Airplane\audio\audio\1\7C6D2F_2023-04-06_18-45-54_0_1.wav,AIRCRAFT
C:\Users\Fatih\Desktop\TUBITAK\Airport_Noise\Dataset_Airplane\audio\audio\1\7C6D30_2022-12-15_20-02-17_0_1.wav,AIRCRAFT
C:\Users\Fatih\Desktop\TUBITAK\Airport_Noise\Dataset_Airplane\audio\audio\1\7C6D30_2023-05-02_14-27-33_0_1.wav,AIRCRAFT
C:\Users\Fatih\Desktop\TUBITAK\Airport_Noise\Dataset_Airplane\audio\audio\1\7C6D31_2022-12-12_19-11-57_0_1.wav,AIRCRAFT
C:\Users\Fatih\Desktop\TUBITAK\Airport_Noise\Dataset_Airplane\audio\audio\1\7C6D31_2023-04-04_13-48-26_0_1.wav,AIRCRAFT
C:\Users\Fatih\Desktop\TUBITAK\Airport_Noise\Dataset_Airplane\audio\audio\1\7C6D31_2023-04-15_11-01-01_0_1.wav,AIRCRAFT
C:\Users\Fatih\Desktop\TUBITAK\Airport_Noise\Dataset_Airplane\audio\audio\1\7C6D32_2022-12-15_21-52-03_0_1.wav,AIRCRAFT
C:\Users\Fatih\Desktop\TUBITAK\Airport_Noise\Dataset_Airplane\audio\audio\1\7C6D32_2023-04-15_11-06-21_0_1.wav,AIRCRAFT
C:\Users\Fatih\Desktop\TUBITAK\Airport_Noise\Dataset_Airplane\audio\audio\1\7C6D33_2022-12-12_17-54-43_0_1.wav,AIRCRAFT
C:\Users\Fatih\Desktop\TUBITAK\Airport_Noise\Dataset_Airplane\audio\audio\1\7C6D33_2022-12-15_21-48-48_0_1.wav,AIRCRAFT
C:\Users\Fatih\Desktop\TUBITAK\Airport_Noise\Dataset_Airplane\audio\audio\1\7C6D33_2023-04-07_08-17-39_0_1.wav,AIRCRAFT
C:\Users\Fatih\Desktop\TUBITAK\Airport_Noise\Dataset_Airplane\audio\audio\1\7C6D36_2022-12-12_17-52-04_0_1.wav,AIRCRAFT
C:\Users\Fatih\Desktop\TUBITAK\Airport_Noise\Dataset_Airplane\audio\audio\1\7C6D36_2023-05-03_11-04-57_0_1.wav,AIRCRAFT
C:\Users\Fatih\Desktop\TUBITAK\Airport_Noise\Dataset_Airplane\audio\audio\1\7C6D37_2022-12-08_14-52-44_0_0.wav,AIRCRAFT
C:\Users\Fatih\Desktop\TUBITAK\Airport_Noise\Dataset_Airplane\audio\audio\1\7C6D38_2023-04-05_09-37-39_0_1.wav,AIRCRAFT
C:\Users\Fatih\Desktop\TUBITAK\Airport_Noise\Dataset_Airplane\audio\audio\1\7C6D39_2023-04-07_07-50-43_0_1.wav,AIRCRAFT
C:\Users\Fatih\Desktop\TUBITAK\Airport_Noise\Dataset_Airplane\audio\audio\1\7C6D8C_2022-12-11_13-28-32_0_0.wav,AIRCRAFT
C:\Users\Fatih\Desktop\TUBITAK\Airport_Noise\Dataset_Airplane\audio\audio\1\7C6D8C_2022-12-12_18-19-39_0_1.wav,AIRCRAFT
C:\Users\Fatih\Desktop\TUBITAK\Airport_Noise\Dataset_Airplane\audio\audio\1\7C6D8D_2023-04-06_19-06-19_0_1.wav,AIRCRAFT
C:\Users\Fatih\Desktop\TUBITAK\Airport_Noise\Dataset_Airplane\audio\audio\1\7C6D8D_2023-05-02_14-04-57_0_1.wav,AIRCRAFT
C:\Users\Fatih\Desktop\TUBITAK\Airport_Noise\Dataset_Airplane\audio\audio\1\7C6D8F_2023-04-07_08-31-50_0_1.wav,AIRCRAFT
C:\Users\Fatih\Desktop\TUBITAK\Airport_Noise\Dataset_Airplane\audio\audio\1\7C6D8F_2023-05-02_15-25-45_0_1.wav,AIRCRAFT
C:\Users\Fatih\Desktop\TUBITAK\Airport_Noise\Dataset_Airplane\audio\audio\1\7C6D90_2023-05-20_15-11-04_0_1.wav,AIRCRAFT
C:\Users\Fatih\Desktop\TUBITAK\Airport_Noise\Dataset_Airplane\audio\audio\1\7C6D91_2022-12-15_16-29-36_0_1.wav,AIRCRAFT
C:\Users\Fatih\Desktop\TUBITAK\Airport_Noise\Dataset_Airplane\audio\audio\1\7C6D91_2023-04-25_18-29-54_0_1.wav,AIRCRAFT
C:\Users\Fatih\Desktop\TUBITAK\Airport_Noise\Dataset_Airplane\audio\audio\1\7C6D92_2023-04-21_14-53-07_0_1.wav,AIRCRAFT
C:\Users\Fatih\Desktop\TUBITAK\Airport_Noise\Dataset_Airplane\audio\audio\1\7C6D93_2022-12-15_18-32-14_0_1.wav,AIRCRAFT
C:\Users\Fatih\Desktop\TUBITAK\Airport_Noise\Dataset_Airplane\audio\audio\1\7C6D93_2023-04-21_17-01-12_0_1.wav,AIRCRAFT
C:\Users\Fatih\Desktop\TUBITAK\Airport_Noise\Dataset_Airplane\audio\audio\1\7C6D94_2022-12-08_17-55-19_0_0.wav,AIRCRAFT
C:\Users\Fatih\Desktop\TUBITAK\Airport_Noise\Dataset_Airplane\audio\audio\1\7C6D95_2023-04-25_18-31-36_0_1.wav,AIRCRAFT
C:\Users\Fatih\Desktop\TUBITAK\Airport_Noise\Dataset_Airplane\audio\audio\1\7C6D96_2022-12-08_17-00-28_0_0.wav,AIRCRAFT
C:\Users\Fatih\Desktop\TUBITAK\Airport_Noise\Dataset_Airplane\audio\audio\1\7C6D96_2022-12-12_15-04-22_0_1.wav,AIRCRAFT
C:\Users\Fatih\Desktop\TUBITAK\Airport_Noise\Dataset_Airplane\audio\audio\1\7C6D97_2022-12-11_13-17-21_0_0.wav,AIRCRAFT
C:\Users\Fatih\Desktop\TUBITAK\Airport_Noise\Dataset_Airplane\audio\audio\1\7C6D97_2023-05-10_07-19-20_0_1.wav,AIRCRAFT
C:\Users\Fatih\Desktop\TUBITAK\Airport_Noise\Dataset_Airplane\audio\audio\1\7C6D98_2022-12-15_22-32-15_0_1.wav,AIRCRAFT
C:\Users\Fatih\Desktop\TUBITAK\Airport_Noise\Dataset_Airplane\audio\audio\1\7C6D98_2022-12-16_06-30-51_0_1.wav,AIRCRAFT
C:\Users\Fatih\Desktop\TUBITAK\Airport_Noise\Dataset_Airplane\audio\audio\1\7C6D98_2023-04-17_13-37-32_0_1.wav,AIRCRAFT
C:\Users\Fatih\Desktop\TUBITAK\Airport_Noise\Dataset_Airplane\audio\audio\1\7C6D98_2023-05-20_13-43-49_0_1.wav,AIRCRAFT
C:\Users\Fatih\Desktop\TUBITAK\Airport_Noise\Dataset_Airplane\audio\audio\1\7C6D99_2022-12-08_14-46-12_0_0.wav,AIRCRAFT
C:\Users\Fatih\Desktop\TUBITAK\Airport_Noise\Dataset_Airplane\audio\audio\1\7C6D99_2023-04-06_16-54-27_0_1.wav,AIRCRAFT
C:\Users\Fatih\Desktop\TUBITAK\Airport_Noise\Dataset_Airplane\audio\audio\1\7C6D99_2023-04-17_14-47-48_0_1.wav,AIRCRAFT
C:\Users\Fatih\Desktop\TUBITAK\Airport_Noise\Dataset_Airplane\audio\audio\1\7C6D99_2023-04-28_10-31-25_0_1.wav,AIRCRAFT
C:\Users\Fatih\Desktop\TUBITAK\Airport_Noise\Dataset_Airplane\audio\audio\1\7C6D9A_2022-12-08_20-47-44_0_0.wav,AIRCRAFT
C:\Users\Fatih\Desktop\TUBITAK\Airport_Noise\Dataset_Airplane\audio\audio\1\7C6D9C_2022-12-08_12-44-37_0_0.wav,AIRCRAFT
C:\Users\Fatih\Desktop\TUBITAK\Airport_Noise\Dataset_Airplane\audio\audio\1\7C6D9C_2022-12-12_18-08-08_0_1.wav,AIRCRAFT
C:\Users\Fatih\Desktop\TUBITAK\Airport_Noise\Dataset_Airplane\audio\audio\1\7C6D9E_2022-12-08_20-19-02_0_0.wav,AIRCRAFT
C:\Users\Fatih\Desktop\TUBITAK\Airport_Noise\Dataset_Airplane\audio\audio\1\7C6D9E_2023-04-21_18-30-49_0_1.wav,AIRCRAFT
C:\Users\Fatih\Desktop\TUBITAK\Airport_Noise\Dataset_Airplane\audio\audio\1\7C6D9E_2023-04-25_15-03-58_0_1.wav,AIRCRAFT
C:\Users\Fatih\Desktop\TUBITAK\Airport_Noise\Dataset_Airplane\audio\audio\1\7C6D9F_2022-12-08_18-59-15_0_0.wav,AIRCRAFT
C:\Users\Fatih\Desktop\TUBITAK\Airport_Noise\Dataset_Airplane\audio\audio\1\7C6D9F_2022-12-12_18-49-54_0_1.wav,AIRCRAFT
C:\Users\Fatih\Desktop\TUBITAK\Airport_Noise\Dataset_Airplane\audio\audio\1\7C6DA0_2022-12-08_18-08-04_0_0.wav,AIRCRAFT
C:\Users\Fatih\Desktop\TUBITAK\Airport_Noise\Dataset_Airplane\audio\audio\1\7C6DA0_2023-03-01_14-15-07_1_1.wav,AIRCRAFT
C:\Users\Fatih\Desktop\TUBITAK\Airport_Noise\Dataset_Airplane\audio\audio\1\7C6DA0_2023-05-21_11-30-01_0_1.wav,AIRCRAFT
C:\Users\Fatih\Desktop\TUBITAK\Airport_Noise\Dataset_Airplane\audio\audio\1\7C6DB0_2022-12-16_07-37-17_0_1.wav,AIRCRAFT
C:\Users\Fatih\Desktop\TUBITAK\Airport_Noise\Dataset_Airplane\audio\audio\1\7C6DB0_2023-04-25_16-53-51_0_1.wav,AIRCRAFT
C:\Users\Fatih\Desktop\TUBITAK\Airport_Noise\Dataset_Airplane\audio\audio\1\7C6DB1_2023-04-07_08-10-08_0_1.wav,AIRCRAFT
C:\Users\Fatih\Desktop\TUBITAK\Airport_Noise\Dataset_Airplane\audio\audio\1\7C6DB2_2022-12-15_13-12-50_0_1.wav,AIRCRAFT
C:\Users\Fatih\Desktop\TUBITAK\Airport_Noise\Dataset_Airplane\audio\audio\1\7C6DB2_2023-05-10_08-29-32_0_1.wav,AIRCRAFT
C:\Users\Fatih\Desktop\TUBITAK\Airport_Noise\Dataset_Airplane\audio\audio\1\7C6DB3_2023-04-15_11-20-51_0_1.wav,AIRCRAFT
C:\Users\Fatih\Desktop\TUBITAK\Airport_Noise\Dataset_Airplane\audio\audio\1\7C6DB4_2022-12-08_10-42-36_0_0.wav,AIRCRAFT
C:\Users\Fatih\Desktop\TUBITAK\Airport_Noise\Dataset_Airplane\audio\audio\1\7C6DB4_2023-04-25_18-45-51_0_1.wav,AIRCRAFT
C:\Users\Fatih\Desktop\TUBITAK\Airport_Noise\Dataset_Airplane\audio\audio\1\7C6DB4_2023-05-21_10-14-57_0_1.wav,AIRCRAFT
C:\Users\Fatih\Desktop\TUBITAK\Airport_Noise\Dataset_Airplane\audio\audio\1\7C6DB5_2022-12-15_22-10-48_0_1.wav,AIRCRAFT
C:\Users\Fatih\Desktop\TUBITAK\Airport_Noise\Dataset_Airplane\audio\audio\1\7C6DB5_2023-04-15_10-29-47_0_1.wav,AIRCRAFT
C:\Users\Fatih\Desktop\TUBITAK\Airport_Noise\Dataset_Airplane\audio\audio\1\7C6DB5_2023-05-20_14-46-04_0_1.wav,AIRCRAFT
C:\Users\Fatih\Desktop\TUBITAK\Airport_Noise\Dataset_Airplane\audio\audio\1\7C6DB6_2022-12-15_13-08-49_0_1.wav,AIRCRAFT
C:\Users\Fatih\Desktop\TUBITAK\Airport_Noise\Dataset_Airplane\audio\audio\1\7C6DB6_2022-12-15_20-04-38_0_1.wav,AIRCRAFT
C:\Users\Fatih\Desktop\TUBITAK\Airport_Noise\Dataset_Airplane\audio\audio\1\7C6DB7_2022-12-12_16-12-21_0_1.wav,AIRCRAFT
C:\Users\Fatih\Desktop\TUBITAK\Airport_Noise\Dataset_Airplane\audio\audio\1\7C6DB8_2022-12-11_11-00-57_0_0.wav,AIRCRAFT
C:\Users\Fatih\Desktop\TUBITAK\Airport_Noise\Dataset_Airplane\audio\audio\1\7C6DB9_2022-12-08_19-24-17_0_0.wav,AIRCRAFT
C:\Users\Fatih\Desktop\TUBITAK\Airport_Noise\Dataset_Airplane\audio\audio\1\7C6DB9_2022-12-11_10-10-06_0_0.wav,AIRCRAFT
C:\Users\Fatih\Desktop\TUBITAK\Airport_Noise\Dataset_Airplane\audio\audio\1\7C6DB9_2023-04-05_11-28-27_0_1.wav,AIRCRAFT
C:\Users\Fatih\Desktop\TUBITAK\Airport_Noise\Dataset_Airplane\audio\audio\1\7C6DB9_2023-05-10_08-08-24_0_1.wav,AIRCRAFT
C:\Users\Fatih\Desktop\TUBITAK\Airport_Noise\Dataset_Airplane\audio\audio\1\7C6DBA_2022-12-15_20-37-27_0_1.wav,AIRCRAFT
C:\Users\Fatih\Desktop\TUBITAK\Airport_Noise\Dataset_Airplane\audio\audio\1\7C6DBA_2023-03-01_14-13-40_1_1.wav,AIRCRAFT
C:\Users\Fatih\Desktop\TUBITAK\Airport_Noise\Dataset_Airplane\audio\audio\1\7C6DBA_2023-04-06_18-43-04_0_1.wav,AIRCRAFT
C:\Users\Fatih\Desktop\TUBITAK\Airport_Noise\Dataset_Airplane\audio\audio\1\7C6DBA_2023-04-07_19-44-57_0_1.wav,AIRCRAFT
C:\Users\Fatih\Desktop\TUBITAK\Airport_Noise\Dataset_Airplane\audio\audio\1\7C6DBB_2022-12-08_19-31-20_0_0.wav,AIRCRAFT
C:\Users\Fatih\Desktop\TUBITAK\Airport_Noise\Dataset_Airplane\audio\audio\1\7C6DBB_2023-04-04_13-31-56_0_1.wav,AIRCRAFT
C:\Users\Fatih\Desktop\TUBITAK\Airport_Noise\Dataset_Airplane\audio\audio\1\7C6DBB_2023-04-06_18-27-35_0_1.wav,AIRCRAFT
C:\Users\Fatih\Desktop\TUBITAK\Airport_Noise\Dataset_Airplane\audio\audio\1\7C6DC9_2023-04-21_18-03-52_0_1.wav,AIRCRAFT
C:\Users\Fatih\Desktop\TUBITAK\Airport_Noise\Dataset_Airplane\audio\audio\1\7C6DD4_2022-12-11_09-24-18_0_0.wav,AIRCRAFT
C:\Users\Fatih\Desktop\TUBITAK\Airport_Noise\Dataset_Airplane\audio\audio\1\7C6DD4_2023-04-06_18-22-09_0_1.wav,AIRCRAFT
C:\Users\Fatih\Desktop\TUBITAK\Airport_Noise\Dataset_Airplane\audio\audio\1\7C6DD6_2022-12-08_13-30-59_0_0.wav,AIRCRAFT
C:\Users\Fatih\Desktop\TUBITAK\Airport_Noise\Dataset_Airplane\audio\audio\1\7C6DD6_2023-04-22_07-20-40_0_1.wav,AIRCRAFT
C:\Users\Fatih\Desktop\TUBITAK\Airport_Noise\Dataset_Airplane\audio\audio\1\7C6DD6_2023-04-22_11-20-54_0_1.wav,AIRCRAFT
C:\Users\Fatih\Desktop\TUBITAK\Airport_Noise\Dataset_Airplane\audio\audio\1\7C6DD7_2023-04-04_14-28-48_0_1.wav,AIRCRAFT
C:\Users\Fatih\Desktop\TUBITAK\Airport_Noise\Dataset_Airplane\audio\audio\1\7C6DD7_2023-04-21_08-41-38_0_1.wav,AIRCRAFT
C:\Users\Fatih\Desktop\TUBITAK\Airport_Noise\Dataset_Airplane\audio\audio\1\7C6DD8_2023-05-02_14-10-58_0_1.wav,AIRCRAFT
C:\Users\Fatih\Desktop\TUBITAK\Airport_Noise\Dataset_Airplane\audio\audio\1\7C6DD9_2023-04-17_12-43-32_0_1.wav,AIRCRAFT
C:\Users\Fatih\Desktop\TUBITAK\Airport_Noise\Dataset_Airplane\audio\audio\1\7C6DD9_2023-04-19_11-06-01_0_1.wav,AIRCRAFT
C:\Users\Fatih\Desktop\TUBITAK\Airport_Noise\Dataset_Airplane\audio\audio\1\7C6DD9_2023-04-28_08-59-00_0_1.wav,AIRCRAFT
C:\Users\Fatih\Desktop\TUBITAK\Airport_Noise\Dataset_Airplane\audio\audio\1\7C6DDB_2023-04-22_10-04-04_0_1.wav,AIRCRAFT
C:\Users\Fatih\Desktop\TUBITAK\Airport_Noise\Dataset_Airplane\audio\audio\1\7C6DDD_2022-12-15_17-56-23_0_1.wav,AIRCRAFT
C:\Users\Fatih\Desktop\TUBITAK\Airport_Noise\Dataset_Airplane\audio\audio\1\7C6DDE_2023-04-25_14-36-41_0_1.wav,AIRCRAFT
C:\Users\Fatih\Desktop\TUBITAK\Airport_Noise\Dataset_Airplane\audio\audio\1\7C6DDE_2023-05-09_14-45-13_0_1.wav,AIRCRAFT
C:\Users\Fatih\Desktop\TUBITAK\Airport_Noise\Dataset_Airplane\audio\audio\1\7C6DDF_2022-12-16_07-47-22_0_1.wav,AIRCRAFT
C:\Users\Fatih\Desktop\TUBITAK\Airport_Noise\Dataset_Airplane\audio\audio\1\7C6DE0_2022-12-12_19-41-25_0_1.wav,AIRCRAFT
C:\Users\Fatih\Desktop\TUBITAK\Airport_Noise\Dataset_Airplane\audio\audio\1\7C6DE0_2023-04-25_17-05-04_0_1.wav,AIRCRAFT
C:\Users\Fatih\Desktop\TUBITAK\Airport_Noise\Dataset_Airplane\audio\audio\1\7C6DE0_2023-05-03_10-44-00_0_1.wav,AIRCRAFT
C:\Users\Fatih\Desktop\TUBITAK\Airport_Noise\Dataset_Airplane\audio\audio\1\7C6DE5_2023-04-04_14-32-16_0_1.wav,AIRCRAFT
C:\Users\Fatih\Desktop\TUBITAK\Airport_Noise\Dataset_Airplane\audio\audio\1\7C6DE6_2023-05-03_11-26-02_0_1.wav,AIRCRAFT
C:\Users\Fatih\Desktop\TUBITAK\Airport_Noise\Dataset_Airplane\audio\audio\1\7C6DE7_2023-05-03_13-08-37_0_1.wav,AIRCRAFT
C:\Users\Fatih\Desktop\TUBITAK\Airport_Noise\Dataset_Airplane\audio\audio\1\7C6DE8_2022-12-12_18-41-10_0_1.wav,AIRCRAFT
C:\Users\Fatih\Desktop\TUBITAK\Airport_Noise\Dataset_Airplane\audio\audio\1\7C6DE9_2022-12-08_11-30-49_0_0.wav,AIRCRAFT
C:\Users\Fatih\Desktop\TUBITAK\Airport_Noise\Dataset_Airplane\audio\audio\1\7C6DE9_2023-04-06_17-31-45_0_1.wav,AIRCRAFT
C:\Users\Fatih\Desktop\TUBITAK\Airport_Noise\Dataset_Airplane\audio\audio\1\7C6DE9_2023-05-09_15-30-27_0_1.wav,AIRCRAFT
C:\Users\Fatih\Desktop\TUBITAK\Airport_Noise\Dataset_Airplane\audio\audio\1\7C6DEA_2023-04-22_08-51-00_0_1.wav,AIRCRAFT
C:\Users\Fatih\Desktop\TUBITAK\Airport_Noise\Dataset_Airplane\audio\audio\1\7C6DEB_2022-12-15_17-08-35_0_1.wav,AIRCRAFT
C:\Users\Fatih\Desktop\TUBITAK\Airport_Noise\Dataset_Airplane\audio\audio\1\7C708D_2022-12-08_12-11-35_0_0.wav,AIRCRAFT
C:\Users\Fatih\Desktop\TUBITAK\Airport_Noise\Dataset_Airplane\audio\audio\1\7C74AD_2023-04-06_18-37-55_0_1.wav,AIRCRAFT
C:\Users\Fatih\Desktop\TUBITAK\Airport_Noise\Dataset_Airplane\audio\audio\1\7C7526_2023-04-21_17-43-21_0_1.wav,AIRCRAFT
C:\Users\Fatih\Desktop\TUBITAK\Airport_Noise\Dataset_Airplane\audio\audio\1\7C7526_2023-04-25_18-19-55_0_1.wav,AIRCRAFT
C:\Users\Fatih\Desktop\TUBITAK\Airport_Noise\Dataset_Airplane\audio\audio\1\7C7526_2023-05-03_10-22-11_0_1.wav,AIRCRAFT
C:\Users\Fatih\Desktop\TUBITAK\Airport_Noise\Dataset_Airplane\audio\audio\1\7C7526_2023-05-03_13-33-08_0_1.wav,AIRCRAFT
C:\Users\Fatih\Desktop\TUBITAK\Airport_Noise\Dataset_Airplane\audio\audio\1\7C7526_2023-05-23_11-44-40_0_1.wav,AIRCRAFT
C:\Users\Fatih\Desktop\TUBITAK\Airport_Noise\Dataset_Airplane\audio\audio\1\7C752F_2022-12-08_13-28-23_0_0.wav,AIRCRAFT
C:\Users\Fatih\Desktop\TUBITAK\Airport_Noise\Dataset_Airplane\audio\audio\1\7C752F_2023-04-04_13-20-12_0_1.wav,AIRCRAFT
C:\Users\Fatih\Desktop\TUBITAK\Airport_Noise\Dataset_Airplane\audio\audio\1\7C752F_2023-04-06_14-34-52_0_1.wav,AIRCRAFT
C:\Users\Fatih\Desktop\TUBITAK\Airport_Noise\Dataset_Airplane\audio\audio\1\7C752F_2023-04-06_18-35-37_0_1.wav,AIRCRAFT
C:\Users\Fatih\Desktop\TUBITAK\Airport_Noise\Dataset_Airplane\audio\audio\1\7C752F_2023-05-23_10-53-52_0_1.wav,AIRCRAFT
C:\Users\Fatih\Desktop\TUBITAK\Airport_Noise\Dataset_Airplane\audio\audio\1\7C7530_2022-12-15_13-49-02_0_1.wav,AIRCRAFT
C:\Users\Fatih\Desktop\TUBITAK\Airport_Noise\Dataset_Airplane\audio\audio\1\7C75E6_2023-05-09_12-25-09_2_1.wav,AIRCRAFT
C:\Users\Fatih\Desktop\TUBITAK\Airport_Noise\Dataset_Airplane\audio\audio\1\7C764C_2022-12-11_10-57-21_0_0.wav,AIRCRAFT
C:\Users\Fatih\Desktop\TUBITAK\Airport_Noise\Dataset_Airplane\audio\audio\1\7C764C_2022-12-12_14-38-23_0_1.wav,AIRCRAFT
C:\Users\Fatih\Desktop\TUBITAK\Airport_Noise\Dataset_Airplane\audio\audio\1\7C764C_2023-05-03_13-04-02_0_1.wav,AIRCRAFT
C:\Users\Fatih\Desktop\TUBITAK\Airport_Noise\Dataset_Airplane\audio\audio\1\7C7651_2022-12-15_14-56-58_0_1.wav,AIRCRAFT
C:\Users\Fatih\Desktop\TUBITAK\Airport_Noise\Dataset_Airplane\audio\audio\1\7C7651_2022-12-15_22-18-32_0_1.wav,AIRCRAFT
C:\Users\Fatih\Desktop\TUBITAK\Airport_Noise\Dataset_Airplane\audio\audio\1\7C7653_2023-04-15_12-08-47_0_1.wav,AIRCRAFT
C:\Users\Fatih\Desktop\TUBITAK\Airport_Noise\Dataset_Airplane\audio\audio\1\7C765A_2023-04-28_11-13-54_0_1.wav,AIRCRAFT
C:\Users\Fatih\Desktop\TUBITAK\Airport_Noise\Dataset_Airplane\audio\audio\1\7C7701_2022-12-08_12-40-39_0_0.wav,AIRCRAFT
C:\Users\Fatih\Desktop\TUBITAK\Airport_Noise\Dataset_Airplane\audio\audio\1\7C7701_2022-12-08_20-59-07_0_0.wav,AIRCRAFT
C:\Users\Fatih\Desktop\TUBITAK\Airport_Noise\Dataset_Airplane\audio\audio\1\7C7701_2022-12-16_07-55-40_0_1.wav,AIRCRAFT
C:\Users\Fatih\Desktop\TUBITAK\Airport_Noise\Dataset_Airplane\audio\audio\1\7C776F_2023-04-05_11-56-55_0_1.wav,AIRCRAFT
C:\Users\Fatih\Desktop\TUBITAK\Airport_Noise\Dataset_Airplane\audio\audio\1\7C7770_2023-04-15_12-03-02_0_1.wav,AIRCRAFT
C:\Users\Fatih\Desktop\TUBITAK\Airport_Noise\Dataset_Airplane\audio\audio\1\7C7770_2023-04-22_07-59-16_0_1.wav,AIRCRAFT
C:\Users\Fatih\Desktop\TUBITAK\Airport_Noise\Dataset_Airplane\audio\audio\1\7C7770_2023-05-21_10-05-00_0_1.wav,AIRCRAFT
C:\Users\Fatih\Desktop\TUBITAK\Airport_Noise\Dataset_Airplane\audio\audio\1\7C7772_2023-04-21_18-09-49_0_1.wav,AIRCRAFT
C:\Users\Fatih\Desktop\TUBITAK\Airport_Noise\Dataset_Airplane\audio\audio\1\7C7772_2023-04-22_07-01-59_0_1.wav,AIRCRAFT
C:\Users\Fatih\Desktop\TUBITAK\Airport_Noise\Dataset_Airplane\audio\audio\1\7C7773_2023-03-01_13-51-22_1_1.wav,AIRCRAFT
C:\Users\Fatih\Desktop\TUBITAK\Airport_Noise\Dataset_Airplane\audio\audio\1\7C7773_2023-04-17_11-47-01_0_1.wav,AIRCRAFT
C:\Users\Fatih\Desktop\TUBITAK\Airport_Noise\Dataset_Airplane\audio\audio\1\7C7777_2022-12-08_10-06-22_0_0.wav,AIRCRAFT
C:\Users\Fatih\Desktop\TUBITAK\Airport_Noise\Dataset_Airplane\audio\audio\1\7C7777_2022-12-12_16-19-54_0_1.wav,AIRCRAFT
C:\Users\Fatih\Desktop\TUBITAK\Airport_Noise\Dataset_Airplane\audio\audio\1\7C7777_2022-12-15_22-38-47_0_1.wav,AIRCRAFT
C:\Users\Fatih\Desktop\TUBITAK\Airport_Noise\Dataset_Airplane\audio\audio\1\7C7777_2022-12-16_06-51-25_0_1.wav,AIRCRAFT
C:\Users\Fatih\Desktop\TUBITAK\Airport_Noise\Dataset_Airplane\audio\audio\1\7C7777_2023-04-07_08-21-31_0_1.wav,AIRCRAFT
C:\Users\Fatih\Desktop\TUBITAK\Airport_Noise\Dataset_Airplane\audio\audio\1\7C7777_2023-04-15_10-03-06_0_1.wav,AIRCRAFT
C:\Users\Fatih\Desktop\TUBITAK\Airport_Noise\Dataset_Airplane\audio\audio\1\7C7777_2023-04-17_14-42-55_0_1.wav,AIRCRAFT
C:\Users\Fatih\Desktop\TUBITAK\Airport_Noise\Dataset_Airplane\audio\audio\1\7C7777_2023-04-19_11-03-31_0_1.wav,AIRCRAFT
C:\Users\Fatih\Desktop\TUBITAK\Airport_Noise\Dataset_Airplane\audio\audio\1\7C7777_2023-04-25_15-07-43_0_1.wav,AIRCRAFT
C:\Users\Fatih\Desktop\TUBITAK\Airport_Noise\Dataset_Airplane\audio\audio\1\7C7777_2023-04-28_11-10-14_0_1.wav,AIRCRAFT
C:\Users\Fatih\Desktop\TUBITAK\Airport_Noise\Dataset_Airplane\audio\audio\1\7C777B_2023-04-15_10-18-16_0_1.wav,AIRCRAFT
C:\Users\Fatih\Desktop\TUBITAK\Airport_Noise\Dataset_Airplane\audio\audio\1\7C777B_2023-05-03_10-25-38_0_1.wav,AIRCRAFT
C:\Users\Fatih\Desktop\TUBITAK\Airport_Noise\Dataset_Airplane\audio\audio\1\7C777B_2023-05-21_11-45-40_0_1.wav,AIRCRAFT
C:\Users\Fatih\Desktop\TUBITAK\Airport_Noise\Dataset_Airplane\audio\audio\1\7C7798_2023-04-06_17-42-42_0_1.wav,AIRCRAFT
C:\Users\Fatih\Desktop\TUBITAK\Airport_Noise\Dataset_Airplane\audio\audio\1\7C7798_2023-04-15_09-34-08_0_1.wav,AIRCRAFT
C:\Users\Fatih\Desktop\TUBITAK\Airport_Noise\Dataset_Airplane\audio\audio\1\7C7798_2023-04-22_09-38-52_0_1.wav,AIRCRAFT
C:\Users\Fatih\Desktop\TUBITAK\Airport_Noise\Dataset_Airplane\audio\audio\1\7C7798_2023-04-25_17-08-37_0_1.wav,AIRCRAFT
C:\Users\Fatih\Desktop\TUBITAK\Airport_Noise\Dataset_Airplane\audio\audio\1\7C779A_2022-12-08_09-11-44_0_0.wav,AIRCRAFT
C:\Users\Fatih\Desktop\TUBITAK\Airport_Noise\Dataset_Airplane\audio\audio\1\7C779A_2022-12-08_14-59-40_0_0.wav,AIRCRAFT
C:\Users\Fatih\Desktop\TUBITAK\Airport_Noise\Dataset_Airplane\audio\audio\1\7C779A_2022-12-08_18-53-01_0_0.wav,AIRCRAFT
C:\Users\Fatih\Desktop\TUBITAK\Airport_Noise\Dataset_Airplane\audio\audio\1\7C779A_2022-12-12_17-31-52_0_1.wav,AIRCRAFT
C:\Users\Fatih\Desktop\TUBITAK\Airport_Noise\Dataset_Airplane\audio\audio\1\7C779A_2022-12-12_21-19-17_0_1.wav,AIRCRAFT
C:\Users\Fatih\Desktop\TUBITAK\Airport_Noise\Dataset_Airplane\audio\audio\1\7C779A_2022-12-15_14-39-39_0_1.wav,AIRCRAFT
C:\Users\Fatih\Desktop\TUBITAK\Airport_Noise\Dataset_Airplane\audio\audio\1\7C779A_2022-12-15_18-47-46_0_1.wav,AIRCRAFT
C:\Users\Fatih\Desktop\TUBITAK\Airport_Noise\Dataset_Airplane\audio\audio\1\7C779A_2023-05-21_11-43-16_0_1.wav,AIRCRAFT
C:\Users\Fatih\Desktop\TUBITAK\Airport_Noise\Dataset_Airplane\audio\audio\1\7C779B_2022-12-08_09-36-45_0_0.wav,AIRCRAFT
C:\Users\Fatih\Desktop\TUBITAK\Airport_Noise\Dataset_Airplane\audio\audio\1\7C779B_2022-12-08_18-25-04_0_0.wav,AIRCRAFT
C:\Users\Fatih\Desktop\TUBITAK\Airport_Noise\Dataset_Airplane\audio\audio\1\7C779B_2022-12-12_16-16-21_0_1.wav,AIRCRAFT
C:\Users\Fatih\Desktop\TUBITAK\Airport_Noise\Dataset_Airplane\audio\audio\1\7C779B_2022-12-15_18-34-43_0_1.wav,AIRCRAFT
C:\Users\Fatih\Desktop\TUBITAK\Airport_Noise\Dataset_Airplane\audio\audio\1\7C779B_2023-05-23_12-05-49_0_1.wav,AIRCRAFT
C:\Users\Fatih\Desktop\TUBITAK\Airport_Noise\Dataset_Airplane\audio\audio\1\7C77D9_2022-12-08_14-18-52_0_0.wav,AIRCRAFT
C:\Users\Fatih\Desktop\TUBITAK\Airport_Noise\Dataset_Airplane\audio\audio\1\7C77D9_2023-03-01_13-29-31_1_1.wav,AIRCRAFT
C:\Users\Fatih\Desktop\TUBITAK\Airport_Noise\Dataset_Airplane\audio\audio\1\7C77D9_2023-04-15_10-47-20_0_1.wav,AIRCRAFT
C:\Users\Fatih\Desktop\TUBITAK\Airport_Noise\Dataset_Airplane\audio\audio\1\7C77D9_2023-04-22_10-25-27_0_1.wav,AIRCRAFT
C:\Users\Fatih\Desktop\TUBITAK\Airport_Noise\Dataset_Airplane\audio\audio\1\7C77F5_2023-04-21_08-04-32_0_1.wav,AIRCRAFT
C:\Users\Fatih\Desktop\TUBITAK\Airport_Noise\Dataset_Airplane\audio\audio\1\7C77F6_2023-04-15_09-24-34_0_1.wav,AIRCRAFT
C:\Users\Fatih\Desktop\TUBITAK\Airport_Noise\Dataset_Airplane\audio\audio\1\7C77FA_2022-12-08_09-21-43_0_0.wav,AIRCRAFT
C:\Users\Fatih\Desktop\TUBITAK\Airport_Noise\Dataset_Airplane\audio\audio\1\7C77FB_2022-12-08_15-28-14_0_0.wav,AIRCRAFT
C:\Users\Fatih\Desktop\TUBITAK\Airport_Noise\Dataset_Airplane\audio\audio\1\7C7800_2022-12-15_15-13-49_0_1.wav,AIRCRAFT
C:\Users\Fatih\Desktop\TUBITAK\Airport_Noise\Dataset_Airplane\audio\audio\1\7C7800_2023-04-07_07-24-29_0_1.wav,AIRCRAFT
C:\Users\Fatih\Desktop\TUBITAK\Airport_Noise\Dataset_Airplane\audio\audio\1\7C7801_2022-12-08_17-40-17_0_0.wav,AIRCRAFT
C:\Users\Fatih\Desktop\TUBITAK\Airport_Noise\Dataset_Airplane\audio\audio\1\7C7801_2023-05-02_14-43-07_0_1.wav,AIRCRAFT
C:\Users\Fatih\Desktop\TUBITAK\Airport_Noise\Dataset_Airplane\audio\audio\1\7C7803_2022-12-12_14-45-34_0_1.wav,AIRCRAFT
C:\Users\Fatih\Desktop\TUBITAK\Airport_Noise\Dataset_Airplane\audio\audio\1\7C7803_2023-04-06_14-33-04_0_1.wav,AIRCRAFT
C:\Users\Fatih\Desktop\TUBITAK\Airport_Noise\Dataset_Airplane\audio\audio\1\7C7803_2023-04-28_10-18-55_0_1.wav,AIRCRAFT
C:\Users\Fatih\Desktop\TUBITAK\Airport_Noise\Dataset_Airplane\audio\audio\1\7C79B4_2022-12-08_16-07-21_0_0.wav,AIRCRAFT
C:\Users\Fatih\Desktop\TUBITAK\Airport_Noise\Dataset_Airplane\audio\audio\1\7C79B4_2022-12-15_13-19-17_0_1.wav,AIRCRAFT
C:\Users\Fatih\Desktop\TUBITAK\Airport_Noise\Dataset_Airplane\audio\audio\1\7C79B4_2022-12-15_13-41-58_0_1.wav,AIRCRAFT
C:\Users\Fatih\Desktop\TUBITAK\Airport_Noise\Dataset_Airplane\audio\audio\1\7C79B4_2023-04-28_11-20-15_0_1.wav,AIRCRAFT
C:\Users\Fatih\Desktop\TUBITAK\Airport_Noise\Dataset_Airplane\audio\audio\1\7C79B7_2022-12-11_11-36-08_0_0.wav,AIRCRAFT
C:\Users\Fatih\Desktop\TUBITAK\Airport_Noise\Dataset_Airplane\audio\audio\1\7C79B7_2023-05-09_12-39-52_2_1.wav,AIRCRAFT
C:\Users\Fatih\Desktop\TUBITAK\Airport_Noise\Dataset_Airplane\audio\audio\1\7C79B9_2023-04-21_14-39-46_0_1.wav,AIRCRAFT
C:\Users\Fatih\Desktop\TUBITAK\Airport_Noise\Dataset_Airplane\audio\audio\1\7C79B9_2023-05-02_15-41-51_0_1.wav,AIRCRAFT
C:\Users\Fatih\Desktop\TUBITAK\Airport_Noise\Dataset_Airplane\audio\audio\1\7C79BB_2023-04-06_16-05-59_0_1.wav,AIRCRAFT
C:\Users\Fatih\Desktop\TUBITAK\Airport_Noise\Dataset_Airplane\audio\audio\1\7C79BB_2023-04-07_07-55-33_0_1.wav,AIRCRAFT
C:\Users\Fatih\Desktop\TUBITAK\Airport_Noise\Dataset_Airplane\audio\audio\1\7C79BB_2023-05-10_07-47-20_0_1.wav,AIRCRAFT
C:\Users\Fatih\Desktop\TUBITAK\Airport_Noise\Dataset_Airplane\audio\audio\1\7C7A36_2023-04-17_14-20-34_0_1.wav,AIRCRAFT
C:\Users\Fatih\Desktop\TUBITAK\Airport_Noise\Dataset_Airplane\audio\audio\1\7C7A38_2022-12-12_15-22-59_0_1.wav,AIRCRAFT
C:\Users\Fatih\Desktop\TUBITAK\Airport_Noise\Dataset_Airplane\audio\audio\1\7C7A38_2023-05-20_15-30-21_0_1.wav,AIRCRAFT
C:\Users\Fatih\Desktop\TUBITAK\Airport_Noise\Dataset_Airplane\audio\audio\1\7C7A39_2023-05-02_14-24-45_0_1.wav,AIRCRAFT
C:\Users\Fatih\Desktop\TUBITAK\Airport_Noise\Dataset_Airplane\audio\audio\1\7C7A39_2023-05-03_11-14-44_0_1.wav,AIRCRAFT
C:\Users\Fatih\Desktop\TUBITAK\Airport_Noise\Dataset_Airplane\audio\audio\1\7C7A3B_2023-04-04_13-43-27_0_1.wav,AIRCRAFT
C:\Users\Fatih\Desktop\TUBITAK\Airport_Noise\Dataset_Airplane\audio\audio\1\7C7A3B_2023-05-21_10-26-32_0_1.wav,AIRCRAFT
C:\Users\Fatih\Desktop\TUBITAK\Airport_Noise\Dataset_Airplane\audio\audio\1\7C7A3D_2023-04-06_16-46-01_0_1.wav,AIRCRAFT
C:\Users\Fatih\Desktop\TUBITAK\Airport_Noise\Dataset_Airplane\audio\audio\1\7C7A3D_2023-04-19_11-32-25_0_1.wav,AIRCRAFT
C:\Users\Fatih\Desktop\TUBITAK\Airport_Noise\Dataset_Airplane\audio\audio\1\7C7A3D_2023-04-21_16-11-38_0_1.wav,AIRCRAFT
C:\Users\Fatih\Desktop\TUBITAK\Airport_Noise\Dataset_Airplane\audio\audio\1\7C7A3D_2023-04-22_07-51-29_0_1.wav,AIRCRAFT
C:\Users\Fatih\Desktop\TUBITAK\Airport_Noise\Dataset_Airplane\audio\audio\1\7C7A3E_2023-04-17_13-47-28_0_1.wav,AIRCRAFT
C:\Users\Fatih\Desktop\TUBITAK\Airport_Noise\Dataset_Airplane\audio\audio\1\7C7A3F_2022-12-15_13-32-30_0_1.wav,AIRCRAFT
C:\Users\Fatih\Desktop\TUBITAK\Airport_Noise\Dataset_Airplane\audio\audio\1\7C7A45_2022-12-08_10-45-25_0_0.wav,AIRCRAFT
C:\Users\Fatih\Desktop\TUBITAK\Airport_Noise\Dataset_Airplane\audio\audio\1\7C7A45_2023-04-21_17-13-07_0_1.wav,AIRCRAFT
C:\Users\Fatih\Desktop\TUBITAK\Airport_Noise\Dataset_Airplane\audio\audio\1\7C7A46_2022-12-08_10-16-28_0_0.wav,AIRCRAFT
C:\Users\Fatih\Desktop\TUBITAK\Airport_Noise\Dataset_Airplane\audio\audio\1\7C7A48_2023-04-21_18-06-59_0_1.wav,AIRCRAFT
C:\Users\Fatih\Desktop\TUBITAK\Airport_Noise\Dataset_Airplane\audio\audio\1\7C7A48_2023-05-20_14-05-49_0_1.wav,AIRCRAFT
C:\Users\Fatih\Desktop\TUBITAK\Airport_Noise\Dataset_Airplane\audio\audio\1\7C7A49_2022-12-15_19-06-41_0_1.wav,AIRCRAFT
C:\Users\Fatih\Desktop\TUBITAK\Airport_Noise\Dataset_Airplane\audio\audio\1\7C7A4A_2023-04-17_13-27-30_0_1.wav,AIRCRAFT
C:\Users\Fatih\Desktop\TUBITAK\Airport_Noise\Dataset_Airplane\audio\audio\1\7C7A4B_2023-04-28_09-52-19_0_1.wav,AIRCRAFT
C:\Users\Fatih\Desktop\TUBITAK\Airport_Noise\Dataset_Airplane\audio\audio\1\7C7AA0_2022-12-11_10-51-23_0_0.wav,AIRCRAFT
C:\Users\Fatih\Desktop\TUBITAK\Airport_Noise\Dataset_Airplane\audio\audio\1\7C7AA0_2023-04-06_18-10-57_0_1.wav,AIRCRAFT
C:\Users\Fatih\Desktop\TUBITAK\Airport_Noise\Dataset_Airplane\audio\audio\1\7C7AA0_2023-04-25_18-41-49_0_1.wav,AIRCRAFT
C:\Users\Fatih\Desktop\TUBITAK\Airport_Noise\Dataset_Airplane\audio\audio\1\7C7AA0_2023-04-28_10-59-18_0_1.wav,AIRCRAFT
C:\Users\Fatih\Desktop\TUBITAK\Airport_Noise\Dataset_Airplane\audio\audio\1\7C7AA0_2023-05-10_07-53-45_0_1.wav,AIRCRAFT
C:\Users\Fatih\Desktop\TUBITAK\Airport_Noise\Dataset_Airplane\audio\audio\1\7C7AA1_2023-04-04_12-58-55_0_1.wav,AIRCRAFT
C:\Users\Fatih\Desktop\TUBITAK\Airport_Noise\Dataset_Airplane\audio\audio\1\7C7AA1_2023-04-15_11-25-41_0_1.wav,AIRCRAFT
C:\Users\Fatih\Desktop\TUBITAK\Airport_Noise\Dataset_Airplane\audio\audio\1\7C7AA3_2023-04-21_17-45-31_0_1.wav,AIRCRAFT
C:\Users\Fatih\Desktop\TUBITAK\Airport_Noise\Dataset_Airplane\audio\audio\1\7C7AA4_2023-04-21_17-53-01_0_1.wav,AIRCRAFT
C:\Users\Fatih\Desktop\TUBITAK\Airport_Noise\Dataset_Airplane\audio\audio\1\7C7AA6_2022-12-08_11-15-50_0_0.wav,AIRCRAFT
C:\Users\Fatih\Desktop\TUBITAK\Airport_Noise\Dataset_Airplane\audio\audio\1\7C7AA6_2022-12-08_17-47-10_0_0.wav,AIRCRAFT
C:\Users\Fatih\Desktop\TUBITAK\Airport_Noise\Dataset_Airplane\audio\audio\1\7C7AA6_2023-04-22_09-57-08_0_1.wav,AIRCRAFT
C:\Users\Fatih\Desktop\TUBITAK\Airport_Noise\Dataset_Airplane\audio\audio\1\7C7AA6_2023-05-09_15-48-29_0_1.wav,AIRCRAFT
C:\Users\Fatih\Desktop\TUBITAK\Airport_Noise\Dataset_Airplane\audio\audio\1\7C7AA6_2023-05-20_15-44-43_0_1.wav,AIRCRAFT
C:\Users\Fatih\Desktop\TUBITAK\Airport_Noise\Dataset_Airplane\audio\audio\1\7C7AA7_2023-04-21_16-01-27_0_1.wav,AIRCRAFT
C:\Users\Fatih\Desktop\TUBITAK\Airport_Noise\Dataset_Airplane\audio\audio\1\7C7AAB_2022-12-08_18-02-21_0_0.wav,AIRCRAFT
C:\Users\Fatih\Desktop\TUBITAK\Airport_Noise\Dataset_Airplane\audio\audio\1\7C7AAB_2022-12-15_15-49-49_0_1.wav,AIRCRAFT
C:\Users\Fatih\Desktop\TUBITAK\Airport_Noise\Dataset_Airplane\audio\audio\1\7C7AAB_2023-04-06_17-04-13_0_1.wav,AIRCRAFT
C:\Users\Fatih\Desktop\TUBITAK\Airport_Noise\Dataset_Airplane\audio\audio\1\7C7AAC_2023-04-03_09-31-44_0_1.wav,AIRCRAFT
C:\Users\Fatih\Desktop\TUBITAK\Airport_Noise\Dataset_Airplane\audio\audio\1\7C7AAE_2023-05-21_10-35-26_0_1.wav,AIRCRAFT
C:\Users\Fatih\Desktop\TUBITAK\Airport_Noise\Dataset_Airplane\audio\audio\1\7C7AB0_2023-04-25_15-44-13_0_1.wav,AIRCRAFT
C:\Users\Fatih\Desktop\TUBITAK\Airport_Noise\Dataset_Airplane\audio\audio\1\7C7AB2_2023-04-17_12-47-08_0_1.wav,AIRCRAFT
C:\Users\Fatih\Desktop\TUBITAK\Airport_Noise\Dataset_Airplane\audio\audio\1\7C7AB3_2023-04-06_15-52-24_0_1.wav,AIRCRAFT
C:\Users\Fatih\Desktop\TUBITAK\Airport_Noise\Dataset_Airplane\audio\audio\1\7C7AB4_2022-12-08_17-06-42_0_0.wav,AIRCRAFT
C:\Users\Fatih\Desktop\TUBITAK\Airport_Noise\Dataset_Airplane\audio\audio\1\7C7AB5_2023-05-10_08-35-27_0_1.wav,AIRCRAFT
C:\Users\Fatih\Desktop\TUBITAK\Airport_Noise\Dataset_Airplane\audio\audio\1\7C7AB6_2022-12-15_13-05-55_0_1.wav,AIRCRAFT
C:\Users\Fatih\Desktop\TUBITAK\Airport_Noise\Dataset_Airplane\audio\audio\1\7C7AD2_2023-04-06_19-13-37_0_1.wav,AIRCRAFT
C:\Users\Fatih\Desktop\TUBITAK\Airport_Noise\Dataset_Airplane\audio\audio\1\7C7AD6_2022-12-12_18-44-09_0_1.wav,AIRCRAFT
C:\Users\Fatih\Desktop\TUBITAK\Airport_Noise\Dataset_Airplane\audio\audio\1\7C7B54_2023-05-10_08-02-19_0_1.wav,AIRCRAFT
C:\Users\Fatih\Desktop\TUBITAK\Airport_Noise\Dataset_Airplane\audio\audio\1\7C7B56_2023-04-17_13-21-23_0_1.wav,AIRCRAFT
C:\Users\Fatih\Desktop\TUBITAK\Airport_Noise\Dataset_Airplane\audio\audio\1\7C7B5F_2023-04-25_15-28-41_0_1.wav,AIRCRAFT
C:\Users\Fatih\Desktop\TUBITAK\Airport_Noise\Dataset_Airplane\audio\audio\1\7C7BC7_2023-04-03_08-35-33_0_1.wav,AIRCRAFT
C:\Users\Fatih\Desktop\TUBITAK\Airport_Noise\Dataset_Airplane\audio\audio\1\7C7BCC_2022-12-15_18-09-28_0_1.wav,AIRCRAFT
C:\Users\Fatih\Desktop\TUBITAK\Airport_Noise\Dataset_Airplane\audio\audio\1\7C7BCE_2023-04-15_11-35-40_0_1.wav,AIRCRAFT
C:\Users\Fatih\Desktop\TUBITAK\Airport_Noise\Dataset_Airplane\audio\audio\1\7C7BCE_2023-04-17_11-02-18_0_1.wav,AIRCRAFT
C:\Users\Fatih\Desktop\TUBITAK\Airport_Noise\Dataset_Airplane\audio\audio\1\7C7BCE_2023-04-22_08-34-35_0_1.wav,AIRCRAFT
C:\Users\Fatih\Desktop\TUBITAK\Airport_Noise\Dataset_Airplane\audio\audio\1\7C7BCE_2023-05-10_08-23-27_0_1.wav,AIRCRAFT
C:\Users\Fatih\Desktop\TUBITAK\Airport_Noise\Dataset_Airplane\audio\audio\1\7C7BCF_2022-12-08_19-06-49_0_0.wav,AIRCRAFT
C:\Users\Fatih\Desktop\TUBITAK\Airport_Noise\Dataset_Airplane\audio\audio\1\7C7BCF_2022-12-11_13-38-47_0_0.wav,AIRCRAFT
C:\Users\Fatih\Desktop\TUBITAK\Airport_Noise\Dataset_Airplane\audio\audio\1\7C7BCF_2023-04-17_12-19-28_0_1.wav,AIRCRAFT
C:\Users\Fatih\Desktop\TUBITAK\Airport_Noise\Dataset_Airplane\audio\audio\1\7C7BCF_2023-05-20_15-57-48_0_1.wav,AIRCRAFT
C:\Users\Fatih\Desktop\TUBITAK\Airport_Noise\Dataset_Airplane\audio\audio\1\7C7BCF_2023-05-21_11-16-27_0_1.wav,AIRCRAFT
C:\Users\Fatih\Desktop\TUBITAK\Airport_Noise\Dataset_Airplane\audio\audio\1\7C7BD1_2022-12-08_10-28-50_0_0.wav,AIRCRAFT
C:\Users\Fatih\Desktop\TUBITAK\Airport_Noise\Dataset_Airplane\audio\audio\1\7C7BD1_2022-12-15_21-39-45_0_1.wav,AIRCRAFT
C:\Users\Fatih\Desktop\TUBITAK\Airport_Noise\Dataset_Airplane\audio\audio\1\7C7BD1_2023-04-15_09-09-22_0_1.wav,AIRCRAFT
C:\Users\Fatih\Desktop\TUBITAK\Airport_Noise\Dataset_Airplane\audio\audio\1\7C7BD1_2023-04-22_10-42-38_0_1.wav,AIRCRAFT
C:\Users\Fatih\Desktop\TUBITAK\Airport_Noise\Dataset_Airplane\audio\audio\1\7C7BD9_2022-12-08_12-01-35_0_0.wav,AIRCRAFT
C:\Users\Fatih\Desktop\TUBITAK\Airport_Noise\Dataset_Airplane\audio\audio\1\7C7BD9_2023-04-06_14-18-28_0_1.wav,AIRCRAFT
C:\Users\Fatih\Desktop\TUBITAK\Airport_Noise\Dataset_Airplane\audio\audio\1\7C7BD9_2023-04-15_08-30-50_0_1.wav,AIRCRAFT
C:\Users\Fatih\Desktop\TUBITAK\Airport_Noise\Dataset_Airplane\audio\audio\1\7C7BD9_2023-04-19_11-09-03_0_1.wav,AIRCRAFT
C:\Users\Fatih\Desktop\TUBITAK\Airport_Noise\Dataset_Airplane\audio\audio\1\7C7C16_2023-04-05_12-23-11_0_1.wav,AIRCRAFT
C:\Users\Fatih\Desktop\TUBITAK\Airport_Noise\Dataset_Airplane\audio\audio\1\7C7C2E_2023-05-03_10-30-39_0_1.wav,AIRCRAFT
C:\Users\Fatih\Desktop\TUBITAK\Airport_Noise\Dataset_Airplane\audio\audio\1\7C7C53_2022-12-11_12-16-10_0_0.wav,AIRCRAFT
C:\Users\Fatih\Desktop\TUBITAK\Airport_Noise\Dataset_Airplane\audio\audio\1\7C7C98_2022-12-11_13-10-36_0_0.wav,AIRCRAFT
C:\Users\Fatih\Desktop\TUBITAK\Airport_Noise\Dataset_Airplane\audio\audio\1\7C7C9B_2022-12-08_15-55-38_0_0.wav,AIRCRAFT
C:\Users\Fatih\Desktop\TUBITAK\Airport_Noise\Dataset_Airplane\audio\audio\1\7C7C9B_2022-12-08_20-04-08_0_0.wav,AIRCRAFT
C:\Users\Fatih\Desktop\TUBITAK\Airport_Noise\Dataset_Airplane\audio\audio\1\7C7C9B_2022-12-12_17-37-29_0_1.wav,AIRCRAFT
C:\Users\Fatih\Desktop\TUBITAK\Airport_Noise\Dataset_Airplane\audio\audio\1\7C7C9B_2023-04-05_11-13-31_0_1.wav,AIRCRAFT
C:\Users\Fatih\Desktop\TUBITAK\Airport_Noise\Dataset_Airplane\audio\audio\1\7C7C9C_2022-12-08_19-03-02_0_0.wav,AIRCRAFT
C:\Users\Fatih\Desktop\TUBITAK\Airport_Noise\Dataset_Airplane\audio\audio\1\7C7C9C_2022-12-11_09-59-11_0_0.wav,AIRCRAFT
C:\Users\Fatih\Desktop\TUBITAK\Airport_Noise\Dataset_Airplane\audio\audio\1\7C7C9C_2022-12-16_07-50-03_0_1.wav,AIRCRAFT
C:\Users\Fatih\Desktop\TUBITAK\Airport_Noise\Dataset_Airplane\audio\audio\1\7C7C9C_2023-04-25_18-39-25_0_1.wav,AIRCRAFT
C:\Users\Fatih\Desktop\TUBITAK\Airport_Noise\Dataset_Airplane\audio\audio\1\7C7CCF_2023-04-25_16-59-52_0_1.wav,AIRCRAFT
C:\Users\Fatih\Desktop\TUBITAK\Airport_Noise\Dataset_Airplane\audio\audio\1\7C7CCF_2023-05-20_15-32-42_0_1.wav,AIRCRAFT
C:\Users\Fatih\Desktop\TUBITAK\Airport_Noise\Dataset_Airplane\audio\audio\1\7C7CCF_2023-05-21_11-07-26_0_1.wav,AIRCRAFT
C:\Users\Fatih\Desktop\TUBITAK\Airport_Noise\Dataset_Airplane\audio\audio\1\7C7CD0_2022-12-08_12-29-45_0_0.wav,AIRCRAFT
C:\Users\Fatih\Desktop\TUBITAK\Airport_Noise\Dataset_Airplane\audio\audio\1\7C7CD0_2022-12-15_14-51-01_0_1.wav,AIRCRAFT
C:\Users\Fatih\Desktop\TUBITAK\Airport_Noise\Dataset_Airplane\audio\audio\1\7C7CD0_2023-05-09_12-42-55_2_1.wav,AIRCRAFT
C:\Users\Fatih\Desktop\TUBITAK\Airport_Noise\Dataset_Airplane\audio\audio\1\7C7CD1_2022-12-08_18-05-05_0_0.wav,AIRCRAFT
C:\Users\Fatih\Desktop\TUBITAK\Airport_Noise\Dataset_Airplane\audio\audio\1\7C7CD1_2022-12-12_18-00-03_0_1.wav,AIRCRAFT
C:\Users\Fatih\Desktop\TUBITAK\Airport_Noise\Dataset_Airplane\audio\audio\1\7C7CD1_2022-12-15_18-04-32_0_1.wav,AIRCRAFT
C:\Users\Fatih\Desktop\TUBITAK\Airport_Noise\Dataset_Airplane\audio\audio\1\7C7CD1_2023-05-03_11-17-11_0_1.wav,AIRCRAFT
C:\Users\Fatih\Desktop\TUBITAK\Airport_Noise\Dataset_Airplane\audio\audio\1\7C7CD2_2023-05-20_15-51-38_0_1.wav,AIRCRAFT
C:\Users\Fatih\Desktop\TUBITAK\Airport_Noise\Dataset_Airplane\audio\audio\1\7C8023_2023-04-28_10-42-17_0_1.wav,AIRCRAFT
C:\Users\Fatih\Desktop\TUBITAK\Airport_Noise\Dataset_Airplane\audio\audio\1\7C802E_2023-04-15_08-27-10_0_1.wav,AIRCRAFT
C:\Users\Fatih\Desktop\TUBITAK\Airport_Noise\Dataset_Airplane\audio\audio\1\7C802E_2023-04-15_11-03-45_0_1.wav,AIRCRAFT
C:\Users\Fatih\Desktop\TUBITAK\Airport_Noise\Dataset_Airplane\audio\audio\1\7C802E_2023-05-03_11-22-55_0_1.wav,AIRCRAFT
C:\Users\Fatih\Desktop\TUBITAK\Airport_Noise\Dataset_Airplane\audio\audio\1\7C8032_2023-04-15_10-54-57_0_1.wav,AIRCRAFT
C:\Users\Fatih\Desktop\TUBITAK\Airport_Noise\Dataset_Airplane\audio\audio\1\7C8033_2022-12-08_18-46-59_0_0.wav,AIRCRAFT
C:\Users\Fatih\Desktop\TUBITAK\Airport_Noise\Dataset_Airplane\audio\audio\1\7C8033_2023-04-24_11-34-59_2_1.wav,AIRCRAFT
C:\Users\Fatih\Desktop\TUBITAK\Airport_Noise\Dataset_Airplane\audio\audio\1\7C80AD_2022-12-16_06-56-47_0_1.wav,AIRCRAFT
C:\Users\Fatih\Desktop\TUBITAK\Airport_Noise\Dataset_Airplane\audio\audio\1\7C80AD_2023-04-06_18-53-01_0_1.wav,AIRCRAFT
C:\Users\Fatih\Desktop\TUBITAK\Airport_Noise\Dataset_Airplane\audio\audio\1\7C80AD_2023-04-28_08-54-40_0_1.wav,AIRCRAFT
C:\Users\Fatih\Desktop\TUBITAK\Airport_Noise\Dataset_Airplane\audio\audio\1\7C80AD_2023-05-02_14-53-51_0_1.wav,AIRCRAFT
C:\Users\Fatih\Desktop\TUBITAK\Airport_Noise\Dataset_Airplane\audio\audio\1\7C80AD_2023-05-03_12-13-26_0_1.wav,AIRCRAFT
C:\Users\Fatih\Desktop\TUBITAK\Airport_Noise\Dataset_Airplane\audio\audio\1\7C80FC_2023-05-20_13-26-52_0_1.wav,AIRCRAFT
C:\Users\Fatih\Desktop\TUBITAK\Airport_Noise\Dataset_Airplane\audio\audio\1\7C80FF_2022-12-12_18-11-58_0_1.wav,AIRCRAFT
C:\Users\Fatih\Desktop\TUBITAK\Airport_Noise\Dataset_Airplane\audio\audio\1\7C81D2_2023-05-02_15-01-16_0_1.wav,AIRCRAFT
C:\Users\Fatih\Desktop\TUBITAK\Airport_Noise\Dataset_Airplane\audio\audio\1\7CADD5_2023-04-06_15-58-41_0_1.wav,AIRCRAFT
C:\Users\Fatih\Desktop\TUBITAK\Airport_Noise\Dataset_Airplane\audio\audio\1\AC3C39_2023-04-17_13-12-39_0_1.wav,AIRCRAFT
C:\Users\Fatih\Desktop\TUBITAK\Airport_Noise\Dataset_Airplane\audio\audio\1\C822C4_2022-12-15_14-05-52_0_1.wav,AIRCRAFT
C:\Users\Fatih\Desktop\TUBITAK\Airport_Noise\Dataset_Airplane\audio\audio\1\C822EB_2022-12-08_13-38-50_0_0.wav,AIRCRAFT
C:\Users\Fatih\Desktop\TUBITAK\Airport_Noise\Dataset_Airplane\audio\audio\1\C82337_2022-12-16_06-43-12_0_1.wav,AIRCRAFT
C:\Users\Fatih\Desktop\TUBITAK\Airport_Noise\Dataset_Airplane\audio\audio\1\C827E9_2023-04-28_10-34-15_0_1.wav,AIRCRAFT
C:\Users\Fatih\Desktop\TUBITAK\Airport_Noise\Dataset_Airplane\audio\audio\1\C827EE_2023-05-03_10-38-32_0_1.wav,AIRCRAFT
C:\Users\Fatih\Desktop\TUBITAK\Airport_Noise\Dataset_Airplane\audio\audio\1\C827EE_2023-05-21_11-03-58_0_1.wav,AIRCRAFT
C:\Users\Fatih\Desktop\TUBITAK\Airport_Noise\Dataset_Airplane\audio\audio\1\C827F0_2022-12-11_11-19-47_0_0.wav,AIRCRAFT
C:\Users\Fatih\Desktop\TUBITAK\Airport_Noise\Dataset_Airplane\audio\audio\1\C827F0_2023-04-07_10-08-57_0_1.wav,AIRCRAFT
C:\Users\Fatih\Desktop\TUBITAK\Airport_Noise\Dataset_Airplane\audio\audio\1\C88092_2023-04-24_12-01-23_2_1.wav,AIRCRAFT
C:\Users\Fatih\Desktop\TUBITAK\Airport_Noise\Dataset_Airplane\audio\audio\1\C8809F_2022-12-08_12-08-45_0_0.wav,AIRCRAFT
C:\Users\Fatih\Desktop\TUBITAK\Airport_Noise\Dataset_Airplane\env_clips\ambient_0000_0000.wav,AMBIENT
C:\Users\Fatih\Desktop\TUBITAK\Airport_Noise\Dataset_Airplane\env_clips\ambient_0000_0001.wav,AMBIENT
C:\Users\Fatih\Desktop\TUBITAK\Airport_Noise\Dataset_Airplane\env_clips\ambient_0000_0002.wav,AMBIENT
C:\Users\Fatih\Desktop\TUBITAK\Airport_Noise\Dataset_Airplane\env_clips\ambient_0000_0003.wav,AMBIENT
C:\Users\Fatih\Desktop\TUBITAK\Airport_Noise\Dataset_Airplane\env_clips\ambient_0000_0004.wav,AMBIENT
C:\Users\Fatih\Desktop\TUBITAK\Airport_Noise\Dataset_Airplane\env_clips\ambient_0000_0005.wav,AMBIENT
C:\Users\Fatih\Desktop\TUBITAK\Airport_Noise\Dataset_Airplane\env_clips\ambient_0000_0006.wav,AMBIENT
C:\Users\Fatih\Desktop\TUBITAK\Airport_Noise\Dataset_Airplane\env_clips\ambient_0000_0007.wav,AMBIENT
C:\Users\Fatih\Desktop\TUBITAK\Airport_Noise\Dataset_Airplane\env_clips\ambient_0000_0008.wav,AMBIENT
C:\Users\Fatih\Desktop\TUBITAK\Airport_Noise\Dataset_Airplane\env_clips\ambient_0000_0009.wav,AMBIENT
C:\Users\Fatih\Desktop\TUBITAK\Airport_Noise\Dataset_Airplane\env_clips\ambient_0000_0010.wav,AMBIENT
C:\Users\Fatih\Desktop\TUBITAK\Airport_Noise\Dataset_Airplane\env_clips\ambient_0000_0011.wav,AMBIENT
C:\Users\Fatih\Desktop\TUBITAK\Airport_Noise\Dataset_Airplane\env_clips\ambient_0000_0012.wav,AMBIENT
C:\Users\Fatih\Desktop\TUBITAK\Airport_Noise\Dataset_Airplane\env_clips\ambient_0000_0013.wav,AMBIENT
C:\Users\Fatih\Desktop\TUBITAK\Airport_Noise\Dataset_Airplane\env_clips\ambient_0000_0014.wav,AMBIENT
C:\Users\Fatih\Desktop\TUBITAK\Airport_Noise\Dataset_Airplane\env_clips\ambient_0000_0015.wav,AMBIENT
C:\Users\Fatih\Desktop\TUBITAK\Airport_Noise\Dataset_Airplane\env_clips\ambient_0000_0016.wav,AMBIENT
C:\Users\Fatih\Desktop\TUBITAK\Airport_Noise\Dataset_Airplane\env_clips\ambient_0000_0017.wav,AMBIENT
C:\Users\Fatih\Desktop\TUBITAK\Airport_Noise\Dataset_Airplane\env_clips\ambient_0000_0018.wav,AMBIENT
C:\Users\Fatih\Desktop\TUBITAK\Airport_Noise\Dataset_Airplane\env_clips\ambient_0000_0019.wav,AMBIENT
C:\Users\Fatih\Desktop\TUBITAK\Airport_Noise\Dataset_Airplane\env_clips\ambient_0000_0020.wav,AMBIENT
C:\Users\Fatih\Desktop\TUBITAK\Airport_Noise\Dataset_Airplane\env_clips\ambient_0000_0021.wav,AMBIENT
C:\Users\Fatih\Desktop\TUBITAK\Airport_Noise\Dataset_Airplane\env_clips\ambient_0000_0022.wav,AMBIENT
C:\Users\Fatih\Desktop\TUBITAK\Airport_Noise\Dataset_Airplane\env_clips\ambient_0000_0023.wav,AMBIENT
C:\Users\Fatih\Desktop\TUBITAK\Airport_Noise\Dataset_Airplane\env_clips\ambient_0000_0024.wav,AMBIENT
C:\Users\Fatih\Desktop\TUBITAK\Airport_Noise\Dataset_Airplane\env_clips\ambient_0000_0025.wav,AMBIENT
C:\Users\Fatih\Desktop\TUBITAK\Airport_Noise\Dataset_Airplane\env_clips\ambient_0000_0026.wav,AMBIENT
C:\Users\Fatih\Desktop\TUBITAK\Airport_Noise\Dataset_Airplane\env_clips\ambient_0000_0027.wav,AMBIENT
C:\Users\Fatih\Desktop\TUBITAK\Airport_Noise\Dataset_Airplane\env_clips\ambient_0000_0028.wav,AMBIENT
C:\Users\Fatih\Desktop\TUBITAK\Airport_Noise\Dataset_Airplane\env_clips\ambient_0000_0029.wav,AMBIENT
C:\Users\Fatih\Desktop\TUBITAK\Airport_Noise\Dataset_Airplane\env_clips\ambient_0000_0030.wav,AMBIENT
C:\Users\Fatih\Desktop\TUBITAK\Airport_Noise\Dataset_Airplane\env_clips\ambient_0000_0031.wav,AMBIENT
C:\Users\Fatih\Desktop\TUBITAK\Airport_Noise\Dataset_Airplane\env_clips\ambient_0000_0032.wav,AMBIENT
C:\Users\Fatih\Desktop\TUBITAK\Airport_Noise\Dataset_Airplane\env_clips\ambient_0000_0033.wav,AMBIENT
C:\Users\Fatih\Desktop\TUBITAK\Airport_Noise\Dataset_Airplane\env_clips\ambient_0000_0034.wav,AMBIENT
C:\Users\Fatih\Desktop\TUBITAK\Airport_Noise\Dataset_Airplane\env_clips\ambient_0000_0035.wav,AMBIENT
C:\Users\Fatih\Desktop\TUBITAK\Airport_Noise\Dataset_Airplane\env_clips\ambient_0000_0036.wav,AMBIENT
C:\Users\Fatih\Desktop\TUBITAK\Airport_Noise\Dataset_Airplane\env_clips\ambient_0000_0037.wav,AMBIENT
C:\Users\Fatih\Desktop\TUBITAK\Airport_Noise\Dataset_Airplane\env_clips\ambient_0000_0038.wav,AMBIENT
C:\Users\Fatih\Desktop\TUBITAK\Airport_Noise\Dataset_Airplane\env_clips\ambient_0000_0039.wav,AMBIENT
C:\Users\Fatih\Desktop\TUBITAK\Airport_Noise\Dataset_Airplane\env_clips\ambient_0000_0040.wav,AMBIENT
C:\Users\Fatih\Desktop\TUBITAK\Airport_Noise\Dataset_Airplane\env_clips\ambient_0000_0041.wav,AMBIENT
C:\Users\Fatih\Desktop\TUBITAK\Airport_Noise\Dataset_Airplane\env_clips\ambient_0000_0042.wav,AMBIENT
C:\Users\Fatih\Desktop\TUBITAK\Airport_Noise\Dataset_Airplane\env_clips\ambient_0000_0043.wav,AMBIENT
C:\Users\Fatih\Desktop\TUBITAK\Airport_Noise\Dataset_Airplane\env_clips\ambient_0000_0044.wav,AMBIENT
C:\Users\Fatih\Desktop\TUBITAK\Airport_Noise\Dataset_Airplane\env_clips\ambient_0000_0045.wav,AMBIENT
C:\Users\Fatih\Desktop\TUBITAK\Airport_Noise\Dataset_Airplane\env_clips\ambient_0000_0046.wav,AMBIENT
C:\Users\Fatih\Desktop\TUBITAK\Airport_Noise\Dataset_Airplane\env_clips\ambient_0000_0047.wav,AMBIENT
C:\Users\Fatih\Desktop\TUBITAK\Airport_Noise\Dataset_Airplane\env_clips\ambient_0000_0048.wav,AMBIENT
C:\Users\Fatih\Desktop\TUBITAK\Airport_Noise\Dataset_Airplane\env_clips\ambient_0000_0049.wav,AMBIENT
C:\Users\Fatih\Desktop\TUBITAK\Airport_Noise\Dataset_Airplane\env_clips\ambient_0000_0050.wav,AMBIENT
C:\Users\Fatih\Desktop\TUBITAK\Airport_Noise\Dataset_Airplane\env_clips\ambient_0000_0051.wav,AMBIENT
C:\Users\Fatih\Desktop\TUBITAK\Airport_Noise\Dataset_Airplane\env_clips\ambient_0000_0052.wav,AMBIENT
C:\Users\Fatih\Desktop\TUBITAK\Airport_Noise\Dataset_Airplane\env_clips\ambient_0000_0053.wav,AMBIENT
C:\Users\Fatih\Desktop\TUBITAK\Airport_Noise\Dataset_Airplane\env_clips\ambient_0001_0000.wav,AMBIENT
C:\Users\Fatih\Desktop\TUBITAK\Airport_Noise\Dataset_Airplane\env_clips\ambient_0001_0001.wav,AMBIENT
C:\Users\Fatih\Desktop\TUBITAK\Airport_Noise\Dataset_Airplane\env_clips\ambient_0001_0002.wav,AMBIENT
C:\Users\Fatih\Desktop\TUBITAK\Airport_Noise\Dataset_Airplane\env_clips\ambient_0001_0003.wav,AMBIENT
C:\Users\Fatih\Desktop\TUBITAK\Airport_Noise\Dataset_Airplane\env_clips\ambient_0001_0004.wav,AMBIENT
C:\Users\Fatih\Desktop\TUBITAK\Airport_Noise\Dataset_Airplane\env_clips\ambient_0001_0005.wav,AMBIENT
C:\Users\Fatih\Desktop\TUBITAK\Airport_Noise\Dataset_Airplane\env_clips\ambient_0001_0006.wav,AMBIENT
C:\Users\Fatih\Desktop\TUBITAK\Airport_Noise\Dataset_Airplane\env_clips\ambient_0001_0007.wav,AMBIENT
C:\Users\Fatih\Desktop\TUBITAK\Airport_Noise\Dataset_Airplane\env_clips\ambient_0001_0008.wav,AMBIENT
C:\Users\Fatih\Desktop\TUBITAK\Airport_Noise\Dataset_Airplane\env_clips\ambient_0001_0009.wav,AMBIENT
C:\Users\Fatih\Desktop\TUBITAK\Airport_Noise\Dataset_Airplane\env_clips\ambient_0001_0010.wav,AMBIENT
C:\Users\Fatih\Desktop\TUBITAK\Airport_Noise\Dataset_Airplane\env_clips\ambient_0001_0011.wav,AMBIENT
C:\Users\Fatih\Desktop\TUBITAK\Airport_Noise\Dataset_Airplane\env_clips\ambient_0001_0012.wav,AMBIENT
C:\Users\Fatih\Desktop\TUBITAK\Airport_Noise\Dataset_Airplane\env_clips\ambient_0001_0013.wav,AMBIENT
C:\Users\Fatih\Desktop\TUBITAK\Airport_Noise\Dataset_Airplane\env_clips\ambient_0001_0014.wav,AMBIENT
C:\Users\Fatih\Desktop\TUBITAK\Airport_Noise\Dataset_Airplane\env_clips\ambient_0001_0015.wav,AMBIENT
C:\Users\Fatih\Desktop\TUBITAK\Airport_Noise\Dataset_Airplane\env_clips\ambient_0001_0016.wav,AMBIENT
C:\Users\Fatih\Desktop\TUBITAK\Airport_Noise\Dataset_Airplane\env_clips\ambient_0001_0017.wav,AMBIENT
C:\Users\Fatih\Desktop\TUBITAK\Airport_Noise\Dataset_Airplane\env_clips\ambient_0001_0018.wav,AMBIENT
C:\Users\Fatih\Desktop\TUBITAK\Airport_Noise\Dataset_Airplane\env_clips\ambient_0001_0019.wav,AMBIENT
C:\Users\Fatih\Desktop\TUBITAK\Airport_Noise\Dataset_Airplane\env_clips\ambient_0001_0020.wav,AMBIENT
C:\Users\Fatih\Desktop\TUBITAK\Airport_Noise\Dataset_Airplane\env_clips\ambient_0001_0021.wav,AMBIENT
C:\Users\Fatih\Desktop\TUBITAK\Airport_Noise\Dataset_Airplane\env_clips\ambient_0001_0022.wav,AMBIENT
C:\Users\Fatih\Desktop\TUBITAK\Airport_Noise\Dataset_Airplane\env_clips\ambient_0001_0023.wav,AMBIENT
C:\Users\Fatih\Desktop\TUBITAK\Airport_Noise\Dataset_Airplane\env_clips\ambient_0001_0024.wav,AMBIENT
C:\Users\Fatih\Desktop\TUBITAK\Airport_Noise\Dataset_Airplane\env_clips\ambient_0001_0025.wav,AMBIENT
C:\Users\Fatih\Desktop\TUBITAK\Airport_Noise\Dataset_Airplane\env_clips\ambient_0001_0026.wav,AMBIENT
C:\Users\Fatih\Desktop\TUBITAK\Airport_Noise\Dataset_Airplane\env_clips\ambient_0001_0027.wav,AMBIENT
C:\Users\Fatih\Desktop\TUBITAK\Airport_Noise\Dataset_Airplane\env_clips\ambient_0001_0028.wav,AMBIENT
C:\Users\Fatih\Desktop\TUBITAK\Airport_Noise\Dataset_Airplane\env_clips\ambient_0002_0000.wav,AMBIENT
C:\Users\Fatih\Desktop\TUBITAK\Airport_Noise\Dataset_Airplane\env_clips\ambient_0002_0001.wav,AMBIENT
C:\Users\Fatih\Desktop\TUBITAK\Airport_Noise\Dataset_Airplane\env_clips\ambient_0002_0002.wav,AMBIENT
C:\Users\Fatih\Desktop\TUBITAK\Airport_Noise\Dataset_Airplane\env_clips\ambient_0002_0003.wav,AMBIENT
C:\Users\Fatih\Desktop\TUBITAK\Airport_Noise\Dataset_Airplane\env_clips\ambient_0002_0004.wav,AMBIENT
C:\Users\Fatih\Desktop\TUBITAK\Airport_Noise\Dataset_Airplane\env_clips\ambient_0002_0005.wav,AMBIENT
C:\Users\Fatih\Desktop\TUBITAK\Airport_Noise\Dataset_Airplane\env_clips\ambient_0002_0006.wav,AMBIENT
C:\Users\Fatih\Desktop\TUBITAK\Airport_Noise\Dataset_Airplane\env_clips\ambient_0002_0007.wav,AMBIENT
C:\Users\Fatih\Desktop\TUBITAK\Airport_Noise\Dataset_Airplane\env_clips\ambient_0002_0008.wav,AMBIENT
C:\Users\Fatih\Desktop\TUBITAK\Airport_Noise\Dataset_Airplane\env_clips\ambient_0002_0009.wav,AMBIENT
C:\Users\Fatih\Desktop\TUBITAK\Airport_Noise\Dataset_Airplane\env_clips\ambient_0002_0010.wav,AMBIENT
C:\Users\Fatih\Desktop\TUBITAK\Airport_Noise\Dataset_Airplane\env_clips\ambient_0002_0011.wav,AMBIENT
C:\Users\Fatih\Desktop\TUBITAK\Airport_Noise\Dataset_Airplane\env_clips\ambient_0002_0012.wav,AMBIENT
C:\Users\Fatih\Desktop\TUBITAK\Airport_Noise\Dataset_Airplane\env_clips\ambient_0002_0013.wav,AMBIENT
C:\Users\Fatih\Desktop\TUBITAK\Airport_Noise\Dataset_Airplane\env_clips\ambient_0002_0014.wav,AMBIENT
C:\Users\Fatih\Desktop\TUBITAK\Airport_Noise\Dataset_Airplane\env_clips\ambient_0002_0015.wav,AMBIENT
C:\Users\Fatih\Desktop\TUBITAK\Airport_Noise\Dataset_Airplane\env_clips\ambient_0002_0016.wav,AMBIENT
C:\Users\Fatih\Desktop\TUBITAK\Airport_Noise\Dataset_Airplane\env_clips\ambient_0002_0017.wav,AMBIENT
C:\Users\Fatih\Desktop\TUBITAK\Airport_Noise\Dataset_Airplane\env_clips\ambient_0002_0018.wav,AMBIENT
C:\Users\Fatih\Desktop\TUBITAK\Airport_Noise\Dataset_Airplane\env_clips\ambient_0002_0019.wav,AMBIENT
C:\Users\Fatih\Desktop\TUBITAK\Airport_Noise\Dataset_Airplane\env_clips\ambient_0002_0020.wav,AMBIENT
C:\Users\Fatih\Desktop\TUBITAK\Airport_Noise\Dataset_Airplane\env_clips\ambient_0002_0021.wav,AMBIENT
C:\Users\Fatih\Desktop\TUBITAK\Airport_Noise\Dataset_Airplane\env_clips\ambient_0002_0022.wav,AMBIENT
C:\Users\Fatih\Desktop\TUBITAK\Airport_Noise\Dataset_Airplane\env_clips\ambient_0002_0023.wav,AMBIENT
C:\Users\Fatih\Desktop\TUBITAK\Airport_Noise\Dataset_Airplane\env_clips\ambient_0002_0024.wav,AMBIENT
C:\Users\Fatih\Desktop\TUBITAK\Airport_Noise\Dataset_Airplane\env_clips\ambient_0002_0025.wav,AMBIENT
C:\Users\Fatih\Desktop\TUBITAK\Airport_Noise\Dataset_Airplane\env_clips\ambient_0002_0026.wav,AMBIENT
C:\Users\Fatih\Desktop\TUBITAK\Airport_Noise\Dataset_Airplane\env_clips\ambient_0002_0027.wav,AMBIENT
C:\Users\Fatih\Desktop\TUBITAK\Airport_Noise\Dataset_Airplane\env_clips\ambient_0002_0028.wav,AMBIENT
C:\Users\Fatih\Desktop\TUBITAK\Airport_Noise\Dataset_Airplane\env_clips\ambient_0002_0029.wav,AMBIENT
C:\Users\Fatih\Desktop\TUBITAK\Airport_Noise\Dataset_Airplane\env_clips\ambient_0002_0030.wav,AMBIENT
C:\Users\Fatih\Desktop\TUBITAK\Airport_Noise\Dataset_Airplane\env_clips\ambient_0002_0031.wav,AMBIENT
C:\Users\Fatih\Desktop\TUBITAK\Airport_Noise\Dataset_Airplane\env_clips\ambient_0002_0032.wav,AMBIENT
C:\Users\Fatih\Desktop\TUBITAK\Airport_Noise\Dataset_Airplane\env_clips\ambient_0002_0033.wav,AMBIENT
C:\Users\Fatih\Desktop\TUBITAK\Airport_Noise\Dataset_Airplane\env_clips\ambient_0002_0034.wav,AMBIENT
C:\Users\Fatih\Desktop\TUBITAK\Airport_Noise\Dataset_Airplane\env_clips\ambient_0002_0035.wav,AMBIENT
C:\Users\Fatih\Desktop\TUBITAK\Airport_Noise\Dataset_Airplane\env_clips\ambient_0002_0036.wav,AMBIENT
C:\Users\Fatih\Desktop\TUBITAK\Airport_Noise\Dataset_Airplane\env_clips\ambient_0002_0037.wav,AMBIENT
C:\Users\Fatih\Desktop\TUBITAK\Airport_Noise\Dataset_Airplane\env_clips\ambient_0002_0038.wav,AMBIENT
C:\Users\Fatih\Desktop\TUBITAK\Airport_Noise\Dataset_Airplane\env_clips\ambient_0002_0039.wav,AMBIENT
C:\Users\Fatih\Desktop\TUBITAK\Airport_Noise\Dataset_Airplane\env_clips\ambient_0002_0040.wav,AMBIENT
C:\Users\Fatih\Desktop\TUBITAK\Airport_Noise\Dataset_Airplane\env_clips\ambient_0002_0041.wav,AMBIENT
C:\Users\Fatih\Desktop\TUBITAK\Airport_Noise\Dataset_Airplane\env_clips\ambient_0002_0042.wav,AMBIENT
C:\Users\Fatih\Desktop\TUBITAK\Airport_Noise\Dataset_Airplane\env_clips\ambient_0002_0043.wav,AMBIENT
C:\Users\Fatih\Desktop\TUBITAK\Airport_Noise\Dataset_Airplane\env_clips\ambient_0002_0044.wav,AMBIENT
C:\Users\Fatih\Desktop\TUBITAK\Airport_Noise\Dataset_Airplane\env_clips\ambient_0003_0000.wav,AMBIENT
C:\Users\Fatih\Desktop\TUBITAK\Airport_Noise\Dataset_Airplane\env_clips\ambient_0003_0001.wav,AMBIENT
C:\Users\Fatih\Desktop\TUBITAK\Airport_Noise\Dataset_Airplane\env_clips\ambient_0003_0002.wav,AMBIENT
C:\Users\Fatih\Desktop\TUBITAK\Airport_Noise\Dataset_Airplane\env_clips\ambient_0003_0003.wav,AMBIENT
C:\Users\Fatih\Desktop\TUBITAK\Airport_Noise\Dataset_Airplane\env_clips\ambient_0003_0004.wav,AMBIENT
C:\Users\Fatih\Desktop\TUBITAK\Airport_Noise\Dataset_Airplane\env_clips\ambient_0003_0005.wav,AMBIENT
C:\Users\Fatih\Desktop\TUBITAK\Airport_Noise\Dataset_Airplane\env_clips\ambient_0003_0006.wav,AMBIENT
C:\Users\Fatih\Desktop\TUBITAK\Airport_Noise\Dataset_Airplane\env_clips\ambient_0003_0007.wav,AMBIENT
C:\Users\Fatih\Desktop\TUBITAK\Airport_Noise\Dataset_Airplane\env_clips\ambient_0003_0008.wav,AMBIENT
C:\Users\Fatih\Desktop\TUBITAK\Airport_Noise\Dataset_Airplane\env_clips\ambient_0003_0009.wav,AMBIENT
C:\Users\Fatih\Desktop\TUBITAK\Airport_Noise\Dataset_Airplane\env_clips\ambient_0003_0010.wav,AMBIENT
C:\Users\Fatih\Desktop\TUBITAK\Airport_Noise\Dataset_Airplane\env_clips\ambient_0003_0011.wav,AMBIENT
C:\Users\Fatih\Desktop\TUBITAK\Airport_Noise\Dataset_Airplane\env_clips\ambient_0003_0012.wav,AMBIENT
C:\Users\Fatih\Desktop\TUBITAK\Airport_Noise\Dataset_Airplane\env_clips\ambient_0003_0013.wav,AMBIENT
C:\Users\Fatih\Desktop\TUBITAK\Airport_Noise\Dataset_Airplane\env_clips\ambient_0003_0014.wav,AMBIENT
C:\Users\Fatih\Desktop\TUBITAK\Airport_Noise\Dataset_Airplane\env_clips\ambient_0003_0015.wav,AMBIENT
C:\Users\Fatih\Desktop\TUBITAK\Airport_Noise\Dataset_Airplane\env_clips\ambient_0003_0016.wav,AMBIENT
C:\Users\Fatih\Desktop\TUBITAK\Airport_Noise\Dataset_Airplane\env_clips\ambient_0003_0017.wav,AMBIENT
C:\Users\Fatih\Desktop\TUBITAK\Airport_Noise\Dataset_Airplane\env_clips\ambient_0003_0018.wav,AMBIENT
C:\Users\Fatih\Desktop\TUBITAK\Airport_Noise\Dataset_Airplane\env_clips\ambient_0003_0019.wav,AMBIENT
C:\Users\Fatih\Desktop\TUBITAK\Airport_Noise\Dataset_Airplane\env_clips\ambient_0003_0020.wav,AMBIENT
C:\Users\Fatih\Desktop\TUBITAK\Airport_Noise\Dataset_Airplane\env_clips\ambient_0003_0021.wav,AMBIENT
C:\Users\Fatih\Desktop\TUBITAK\Airport_Noise\Dataset_Airplane\env_clips\ambient_0003_0022.wav,AMBIENT
C:\Users\Fatih\Desktop\TUBITAK\Airport_Noise\Dataset_Airplane\env_clips\ambient_0003_0023.wav,AMBIENT
C:\Users\Fatih\Desktop\TUBITAK\Airport_Noise\Dataset_Airplane\env_clips\ambient_0003_0024.wav,AMBIENT
C:\Users\Fatih\Desktop\TUBITAK\Airport_Noise\Dataset_Airplane\env_clips\ambient_0003_0025.wav,AMBIENT
C:\Users\Fatih\Desktop\TUBITAK\Airport_Noise\Dataset_Airplane\env_clips\ambient_0003_0026.wav,AMBIENT
C:\Users\Fatih\Desktop\TUBITAK\Airport_Noise\Dataset_Airplane\env_clips\ambient_0003_0027.wav,AMBIENT
C:\Users\Fatih\Desktop\TUBITAK\Airport_Noise\Dataset_Airplane\env_clips\ambient_0003_0028.wav,AMBIENT
C:\Users\Fatih\Desktop\TUBITAK\Airport_Noise\Dataset_Airplane\env_clips\ambient_0003_0029.wav,AMBIENT
C:\Users\Fatih\Desktop\TUBITAK\Airport_Noise\Dataset_Airplane\env_clips\ambient_0003_0030.wav,AMBIENT
C:\Users\Fatih\Desktop\TUBITAK\Airport_Noise\Dataset_Airplane\env_clips\ambient_0003_0031.wav,AMBIENT
C:\Users\Fatih\Desktop\TUBITAK\Airport_Noise\Dataset_Airplane\env_clips\ambient_0003_0032.wav,AMBIENT
C:\Users\Fatih\Desktop\TUBITAK\Airport_Noise\Dataset_Airplane\env_clips\ambient_0003_0033.wav,AMBIENT
C:\Users\Fatih\Desktop\TUBITAK\Airport_Noise\Dataset_Airplane\env_clips\ambient_0003_0034.wav,AMBIENT
C:\Users\Fatih\Desktop\TUBITAK\Airport_Noise\Dataset_Airplane\env_clips\ambient_0003_0035.wav,AMBIENT
C:\Users\Fatih\Desktop\TUBITAK\Airport_Noise\Dataset_Airplane\env_clips\ambient_0003_0036.wav,AMBIENT
C:\Users\Fatih\Desktop\TUBITAK\Airport_Noise\Dataset_Airplane\env_clips\ambient_0003_0037.wav,AMBIENT
C:\Users\Fatih\Desktop\TUBITAK\Airport_Noise\Dataset_Airplane\env_clips\ambient_0003_0038.wav,AMBIENT
C:\Users\Fatih\Desktop\TUBITAK\Airport_Noise\Dataset_Airplane\env_clips\ambient_0003_0039.wav,AMBIENT
C:\Users\Fatih\Desktop\TUBITAK\Airport_Noise\Dataset_Airplane\env_clips\ambient_0003_0040.wav,AMBIENT
C:\Users\Fatih\Desktop\TUBITAK\Airport_Noise\Dataset_Airplane\env_clips\ambient_0003_0041.wav,AMBIENT
C:\Users\Fatih\Desktop\TUBITAK\Airport_Noise\Dataset_Airplane\env_clips\ambient_0003_0042.wav,AMBIENT
C:\Users\Fatih\Desktop\TUBITAK\Airport_Noise\Dataset_Airplane\env_clips\ambient_0003_0043.wav,AMBIENT
C:\Users\Fatih\Desktop\TUBITAK\Airport_Noise\Dataset_Airplane\env_clips\ambient_0004_0000.wav,AMBIENT
C:\Users\Fatih\Desktop\TUBITAK\Airport_Noise\Dataset_Airplane\env_clips\ambient_0004_0001.wav,AMBIENT
C:\Users\Fatih\Desktop\TUBITAK\Airport_Noise\Dataset_Airplane\env_clips\ambient_0004_0002.wav,AMBIENT
C:\Users\Fatih\Desktop\TUBITAK\Airport_Noise\Dataset_Airplane\env_clips\ambient_0004_0003.wav,AMBIENT
C:\Users\Fatih\Desktop\TUBITAK\Airport_Noise\Dataset_Airplane\env_clips\ambient_0004_0004.wav,AMBIENT
C:\Users\Fatih\Desktop\TUBITAK\Airport_Noise\Dataset_Airplane\env_clips\ambient_0004_0005.wav,AMBIENT
C:\Users\Fatih\Desktop\TUBITAK\Airport_Noise\Dataset_Airplane\env_clips\ambient_0004_0006.wav,AMBIENT
C:\Users\Fatih\Desktop\TUBITAK\Airport_Noise\Dataset_Airplane\env_clips\ambient_0004_0007.wav,AMBIENT
C:\Users\Fatih\Desktop\TUBITAK\Airport_Noise\Dataset_Airplane\env_clips\ambient_0004_0008.wav,AMBIENT
C:\Users\Fatih\Desktop\TUBITAK\Airport_Noise\Dataset_Airplane\env_clips\ambient_0004_0009.wav,AMBIENT
C:\Users\Fatih\Desktop\TUBITAK\Airport_Noise\Dataset_Airplane\env_clips\ambient_0004_0010.wav,AMBIENT
C:\Users\Fatih\Desktop\TUBITAK\Airport_Noise\Dataset_Airplane\env_clips\ambient_0004_0011.wav,AMBIENT
C:\Users\Fatih\Desktop\TUBITAK\Airport_Noise\Dataset_Airplane\env_clips\ambient_0004_0012.wav,AMBIENT
C:\Users\Fatih\Desktop\TUBITAK\Airport_Noise\Dataset_Airplane\env_clips\ambient_0004_0013.wav,AMBIENT
C:\Users\Fatih\Desktop\TUBITAK\Airport_Noise\Dataset_Airplane\env_clips\ambient_0004_0014.wav,AMBIENT
C:\Users\Fatih\Desktop\TUBITAK\Airport_Noise\Dataset_Airplane\env_clips\ambient_0004_0015.wav,AMBIENT
C:\Users\Fatih\Desktop\TUBITAK\Airport_Noise\Dataset_Airplane\env_clips\ambient_0004_0016.wav,AMBIENT
C:\Users\Fatih\Desktop\TUBITAK\Airport_Noise\Dataset_Airplane\env_clips\ambient_0004_0017.wav,AMBIENT
C:\Users\Fatih\Desktop\TUBITAK\Airport_Noise\Dataset_Airplane\env_clips\ambient_0004_0018.wav,AMBIENT
C:\Users\Fatih\Desktop\TUBITAK\Airport_Noise\Dataset_Airplane\env_clips\ambient_0004_0019.wav,AMBIENT
C:\Users\Fatih\Desktop\TUBITAK\Airport_Noise\Dataset_Airplane\env_clips\ambient_0004_0020.wav,AMBIENT
C:\Users\Fatih\Desktop\TUBITAK\Airport_Noise\Dataset_Airplane\env_clips\ambient_0004_0021.wav,AMBIENT
C:\Users\Fatih\Desktop\TUBITAK\Airport_Noise\Dataset_Airplane\env_clips\ambient_0004_0022.wav,AMBIENT
C:\Users\Fatih\Desktop\TUBITAK\Airport_Noise\Dataset_Airplane\env_clips\ambient_0004_0023.wav,AMBIENT
C:\Users\Fatih\Desktop\TUBITAK\Airport_Noise\Dataset_Airplane\env_clips\ambient_0004_0024.wav,AMBIENT
C:\Users\Fatih\Desktop\TUBITAK\Airport_Noise\Dataset_Airplane\env_clips\ambient_0004_0025.wav,AMBIENT
C:\Users\Fatih\Desktop\TUBITAK\Airport_Noise\Dataset_Airplane\env_clips\ambient_0004_0026.wav,AMBIENT
C:\Users\Fatih\Desktop\TUBITAK\Airport_Noise\Dataset_Airplane\env_clips\ambient_0004_0027.wav,AMBIENT
C:\Users\Fatih\Desktop\TUBITAK\Airport_Noise\Dataset_Airplane\env_clips\ambient_0004_0028.wav,AMBIENT
C:\Users\Fatih\Desktop\TUBITAK\Airport_Noise\Dataset_Airplane\env_clips\ambient_0004_0029.wav,AMBIENT
C:\Users\Fatih\Desktop\TUBITAK\Airport_Noise\Dataset_Airplane\env_clips\ambient_0004_0030.wav,AMBIENT
C:\Users\Fatih\Desktop\TUBITAK\Airport_Noise\Dataset_Airplane\env_clips\ambient_0004_0031.wav,AMBIENT
C:\Users\Fatih\Desktop\TUBITAK\Airport_Noise\Dataset_Airplane\env_clips\ambient_0004_0032.wav,AMBIENT
C:\Users\Fatih\Desktop\TUBITAK\Airport_Noise\Dataset_Airplane\env_clips\ambient_0004_0033.wav,AMBIENT
C:\Users\Fatih\Desktop\TUBITAK\Airport_Noise\Dataset_Airplane\env_clips\ambient_0004_0034.wav,AMBIENT
C:\Users\Fatih\Desktop\TUBITAK\Airport_Noise\Dataset_Airplane\env_clips\ambient_0004_0035.wav,AMBIENT
C:\Users\Fatih\Desktop\TUBITAK\Airport_Noise\Dataset_Airplane\env_clips\ambient_0004_0036.wav,AMBIENT
C:\Users\Fatih\Desktop\TUBITAK\Airport_Noise\Dataset_Airplane\env_clips\ambient_0004_0037.wav,AMBIENT
C:\Users\Fatih\Desktop\TUBITAK\Airport_Noise\Dataset_Airplane\env_clips\ambient_0004_0038.wav,AMBIENT
C:\Users\Fatih\Desktop\TUBITAK\Airport_Noise\Dataset_Airplane\env_clips\ambient_0004_0039.wav,AMBIENT
C:\Users\Fatih\Desktop\TUBITAK\Airport_Noise\Dataset_Airplane\env_clips\ambient_0004_0040.wav,AMBIENT
C:\Users\Fatih\Desktop\TUBITAK\Airport_Noise\Dataset_Airplane\env_clips\ambient_0004_0041.wav,AMBIENT
C:\Users\Fatih\Desktop\TUBITAK\Airport_Noise\Dataset_Airplane\env_clips\ambient_0004_0042.wav,AMBIENT
C:\Users\Fatih\Desktop\TUBITAK\Airport_Noise\Dataset_Airplane\env_clips\ambient_0004_0043.wav,AMBIENT
C:\Users\Fatih\Desktop\TUBITAK\Airport_Noise\Dataset_Airplane\env_clips\ambient_0004_0044.wav,AMBIENT
C:\Users\Fatih\Desktop\TUBITAK\Airport_Noise\Dataset_Airplane\env_clips\ambient_0004_0045.wav,AMBIENT
C:\Users\Fatih\Desktop\TUBITAK\Airport_Noise\Dataset_Airplane\env_clips\ambient_0004_0046.wav,AMBIENT
C:\Users\Fatih\Desktop\TUBITAK\Airport_Noise\Dataset_Airplane\env_clips\ambient_0004_0047.wav,AMBIENT
C:\Users\Fatih\Desktop\TUBITAK\Airport_Noise\Dataset_Airplane\env_clips\ambient_0004_0048.wav,AMBIENT
C:\Users\Fatih\Desktop\TUBITAK\Airport_Noise\Dataset_Airplane\env_clips\ambient_0004_0049.wav,AMBIENT
C:\Users\Fatih\Desktop\TUBITAK\Airport_Noise\Dataset_Airplane\env_clips\ambient_0004_0050.wav,AMBIENT
C:\Users\Fatih\Desktop\TUBITAK\Airport_Noise\Dataset_Airplane\env_clips\ambient_0004_0051.wav,AMBIENT
C:\Users\Fatih\Desktop\TUBITAK\Airport_Noise\Dataset_Airplane\env_clips\ambient_0004_0052.wav,AMBIENT
C:\Users\Fatih\Desktop\TUBITAK\Airport_Noise\Dataset_Airplane\env_clips\ambient_0004_0053.wav,AMBIENT
C:\Users\Fatih\Desktop\TUBITAK\Airport_Noise\Dataset_Airplane\env_clips\ambient_0004_0054.wav,AMBIENT
C:\Users\Fatih\Desktop\TUBITAK\Airport_Noise\Dataset_Airplane\env_clips\ambient_0004_0055.wav,AMBIENT
C:\Users\Fatih\Desktop\TUBITAK\Airport_Noise\Dataset_Airplane\env_clips\ambient_0004_0056.wav,AMBIENT
C:\Users\Fatih\Desktop\TUBITAK\Airport_Noise\Dataset_Airplane\env_clips\ambient_0004_0057.wav,AMBIENT
C:\Users\Fatih\Desktop\TUBITAK\Airport_Noise\Dataset_Airplane\env_clips\ambient_0004_0058.wav,AMBIENT
C:\Users\Fatih\Desktop\TUBITAK\Airport_Noise\Dataset_Airplane\env_clips\ambient_0004_0059.wav,AMBIENT
C:\Users\Fatih\Desktop\TUBITAK\Airport_Noise\Dataset_Airplane\env_clips\ambient_0004_0060.wav,AMBIENT
C:\Users\Fatih\Desktop\TUBITAK\Airport_Noise\Dataset_Airplane\env_clips\ambient_0004_0061.wav,AMBIENT
C:\Users\Fatih\Desktop\TUBITAK\Airport_Noise\Dataset_Airplane\env_clips\ambient_0004_0062.wav,AMBIENT
C:\Users\Fatih\Desktop\TUBITAK\Airport_Noise\Dataset_Airplane\env_clips\ambient_0004_0063.wav,AMBIENT
C:\Users\Fatih\Desktop\TUBITAK\Airport_Noise\Dataset_Airplane\env_clips\ambient_0004_0064.wav,AMBIENT
C:\Users\Fatih\Desktop\TUBITAK\Airport_Noise\Dataset_Airplane\env_clips\ambient_0004_0065.wav,AMBIENT
C:\Users\Fatih\Desktop\TUBITAK\Airport_Noise\Dataset_Airplane\env_clips\ambient_0004_0066.wav,AMBIENT
C:\Users\Fatih\Desktop\TUBITAK\Airport_Noise\Dataset_Airplane\env_clips\ambient_0004_0067.wav,AMBIENT
C:\Users\Fatih\Desktop\TUBITAK\Airport_Noise\Dataset_Airplane\env_clips\ambient_0005_0000.wav,AMBIENT
C:\Users\Fatih\Desktop\TUBITAK\Airport_Noise\Dataset_Airplane\env_clips\ambient_0005_0001.wav,AMBIENT
C:\Users\Fatih\Desktop\TUBITAK\Airport_Noise\Dataset_Airplane\env_clips\ambient_0005_0002.wav,AMBIENT
C:\Users\Fatih\Desktop\TUBITAK\Airport_Noise\Dataset_Airplane\env_clips\ambient_0005_0003.wav,AMBIENT
C:\Users\Fatih\Desktop\TUBITAK\Airport_Noise\Dataset_Airplane\env_clips\ambient_0005_0004.wav,AMBIENT
C:\Users\Fatih\Desktop\TUBITAK\Airport_Noise\Dataset_Airplane\env_clips\ambient_0005_0005.wav,AMBIENT
C:\Users\Fatih\Desktop\TUBITAK\Airport_Noise\Dataset_Airplane\env_clips\ambient_0005_0006.wav,AMBIENT
C:\Users\Fatih\Desktop\TUBITAK\Airport_Noise\Dataset_Airplane\env_clips\ambient_0005_0007.wav,AMBIENT
C:\Users\Fatih\Desktop\TUBITAK\Airport_Noise\Dataset_Airplane\env_clips\ambient_0005_0008.wav,AMBIENT
C:\Users\Fatih\Desktop\TUBITAK\Airport_Noise\Dataset_Airplane\env_clips\ambient_0005_0009.wav,AMBIENT
C:\Users\Fatih\Desktop\TUBITAK\Airport_Noise\Dataset_Airplane\env_clips\ambient_0005_0010.wav,AMBIENT
C:\Users\Fatih\Desktop\TUBITAK\Airport_Noise\Dataset_Airplane\env_clips\ambient_0005_0011.wav,AMBIENT
C:\Users\Fatih\Desktop\TUBITAK\Airport_Noise\Dataset_Airplane\env_clips\ambient_0005_0012.wav,AMBIENT
C:\Users\Fatih\Desktop\TUBITAK\Airport_Noise\Dataset_Airplane\env_clips\ambient_0005_0013.wav,AMBIENT
C:\Users\Fatih\Desktop\TUBITAK\Airport_Noise\Dataset_Airplane\env_clips\ambient_0005_0014.wav,AMBIENT
C:\Users\Fatih\Desktop\TUBITAK\Airport_Noise\Dataset_Airplane\env_clips\ambient_0005_0015.wav,AMBIENT
C:\Users\Fatih\Desktop\TUBITAK\Airport_Noise\Dataset_Airplane\env_clips\ambient_0005_0016.wav,AMBIENT
C:\Users\Fatih\Desktop\TUBITAK\Airport_Noise\Dataset_Airplane\env_clips\ambient_0005_0017.wav,AMBIENT
C:\Users\Fatih\Desktop\TUBITAK\Airport_Noise\Dataset_Airplane\env_clips\ambient_0005_0018.wav,AMBIENT
C:\Users\Fatih\Desktop\TUBITAK\Airport_Noise\Dataset_Airplane\env_clips\ambient_0005_0019.wav,AMBIENT
C:\Users\Fatih\Desktop\TUBITAK\Airport_Noise\Dataset_Airplane\env_clips\ambient_0005_0020.wav,AMBIENT
C:\Users\Fatih\Desktop\TUBITAK\Airport_Noise\Dataset_Airplane\env_clips\ambient_0005_0021.wav,AMBIENT
C:\Users\Fatih\Desktop\TUBITAK\Airport_Noise\Dataset_Airplane\env_clips\ambient_0005_0022.wav,AMBIENT
C:\Users\Fatih\Desktop\TUBITAK\Airport_Noise\Dataset_Airplane\env_clips\ambient_0005_0023.wav,AMBIENT
C:\Users\Fatih\Desktop\TUBITAK\Airport_Noise\Dataset_Airplane\env_clips\ambient_0005_0024.wav,AMBIENT
C:\Users\Fatih\Desktop\TUBITAK\Airport_Noise\Dataset_Airplane\env_clips\ambient_0005_0025.wav,AMBIENT
C:\Users\Fatih\Desktop\TUBITAK\Airport_Noise\Dataset_Airplane\env_clips\ambient_0005_0026.wav,AMBIENT
C:\Users\Fatih\Desktop\TUBITAK\Airport_Noise\Dataset_Airplane\env_clips\ambient_0005_0027.wav,AMBIENT
C:\Users\Fatih\Desktop\TUBITAK\Airport_Noise\Dataset_Airplane\env_clips\ambient_0005_0028.wav,AMBIENT
C:\Users\Fatih\Desktop\TUBITAK\Airport_Noise\Dataset_Airplane\env_clips\ambient_0005_0029.wav,AMBIENT
C:\Users\Fatih\Desktop\TUBITAK\Airport_Noise\Dataset_Airplane\env_clips\ambient_0005_0030.wav,AMBIENT
C:\Users\Fatih\Desktop\TUBITAK\Airport_Noise\Dataset_Airplane\env_clips\ambient_0005_0031.wav,AMBIENT
C:\Users\Fatih\Desktop\TUBITAK\Airport_Noise\Dataset_Airplane\env_clips\ambient_0005_0032.wav,AMBIENT
C:\Users\Fatih\Desktop\TUBITAK\Airport_Noise\Dataset_Airplane\env_clips\ambient_0005_0033.wav,AMBIENT
C:\Users\Fatih\Desktop\TUBITAK\Airport_Noise\Dataset_Airplane\env_clips\ambient_0005_0034.wav,AMBIENT
C:\Users\Fatih\Desktop\TUBITAK\Airport_Noise\Dataset_Airplane\env_clips\ambient_0005_0035.wav,AMBIENT
C:\Users\Fatih\Desktop\TUBITAK\Airport_Noise\Dataset_Airplane\env_clips\ambient_0005_0036.wav,AMBIENT
C:\Users\Fatih\Desktop\TUBITAK\Airport_Noise\Dataset_Airplane\env_clips\ambient_0005_0037.wav,AMBIENT
C:\Users\Fatih\Desktop\TUBITAK\Airport_Noise\Dataset_Airplane\env_clips\ambient_0005_0038.wav,AMBIENT
C:\Users\Fatih\Desktop\TUBITAK\Airport_Noise\Dataset_Airplane\env_clips\ambient_0005_0039.wav,AMBIENT
C:\Users\Fatih\Desktop\TUBITAK\Airport_Noise\Dataset_Airplane\env_clips\ambient_0005_0040.wav,AMBIENT
C:\Users\Fatih\Desktop\TUBITAK\Airport_Noise\Dataset_Airplane\env_clips\ambient_0005_0041.wav,AMBIENT
C:\Users\Fatih\Desktop\TUBITAK\Airport_Noise\Dataset_Airplane\env_clips\ambient_0005_0042.wav,AMBIENT
C:\Users\Fatih\Desktop\TUBITAK\Airport_Noise\Dataset_Airplane\env_clips\ambient_0005_0043.wav,AMBIENT
C:\Users\Fatih\Desktop\TUBITAK\Airport_Noise\Dataset_Airplane\env_clips\ambient_0005_0044.wav,AMBIENT
C:\Users\Fatih\Desktop\TUBITAK\Airport_Noise\Dataset_Airplane\env_clips\ambient_0005_0045.wav,AMBIENT
C:\Users\Fatih\Desktop\TUBITAK\Airport_Noise\Dataset_Airplane\env_clips\ambient_0005_0046.wav,AMBIENT
C:\Users\Fatih\Desktop\TUBITAK\Airport_Noise\Dataset_Airplane\env_clips\ambient_0005_0047.wav,AMBIENT
C:\Users\Fatih\Desktop\TUBITAK\Airport_Noise\Dataset_Airplane\env_clips\ambient_0005_0048.wav,AMBIENT
C:\Users\Fatih\Desktop\TUBITAK\Airport_Noise\Dataset_Airplane\env_clips\ambient_0005_0049.wav,AMBIENT
C:\Users\Fatih\Desktop\TUBITAK\Airport_Noise\Dataset_Airplane\env_clips\ambient_0005_0050.wav,AMBIENT
C:\Users\Fatih\Desktop\TUBITAK\Airport_Noise\Dataset_Airplane\env_clips\ambient_0005_0051.wav,AMBIENT
C:\Users\Fatih\Desktop\TUBITAK\Airport_Noise\Dataset_Airplane\env_clips\ambient_0005_0052.wav,AMBIENT
C:\Users\Fatih\Desktop\TUBITAK\Airport_Noise\Dataset_Airplane\env_clips\ambient_0005_0053.wav,AMBIENT
C:\Users\Fatih\Desktop\TUBITAK\Airport_Noise\Dataset_Airplane\env_clips\ambient_0005_0054.wav,AMBIENT
C:\Users\Fatih\Desktop\TUBITAK\Airport_Noise\Dataset_Airplane\env_clips\ambient_0005_0055.wav,AMBIENT
C:\Users\Fatih\Desktop\TUBITAK\Airport_Noise\Dataset_Airplane\env_clips\ambient_0005_0056.wav,AMBIENT
C:\Users\Fatih\Desktop\TUBITAK\Airport_Noise\Dataset_Airplane\env_clips\ambient_0005_0057.wav,AMBIENT
C:\Users\Fatih\Desktop\TUBITAK\Airport_Noise\Dataset_Airplane\env_clips\ambient_0005_0058.wav,AMBIENT
C:\Users\Fatih\Desktop\TUBITAK\Airport_Noise\Dataset_Airplane\env_clips\ambient_0005_0059.wav,AMBIENT
C:\Users\Fatih\Desktop\TUBITAK\Airport_Noise\Dataset_Airplane\env_clips\ambient_0005_0060.wav,AMBIENT
C:\Users\Fatih\Desktop\TUBITAK\Airport_Noise\Dataset_Airplane\env_clips\ambient_0005_0061.wav,AMBIENT
C:\Users\Fatih\Desktop\TUBITAK\Airport_Noise\Dataset_Airplane\env_clips\ambient_0005_0062.wav,AMBIENT
C:\Users\Fatih\Desktop\TUBITAK\Airport_Noise\Dataset_Airplane\env_clips\ambient_0005_0063.wav,AMBIENT
C:\Users\Fatih\Desktop\TUBITAK\Airport_Noise\Dataset_Airplane\env_clips\ambient_0005_0064.wav,AMBIENT
C:\Users\Fatih\Desktop\TUBITAK\Airport_Noise\Dataset_Airplane\env_clips\ambient_0005_0065.wav,AMBIENT
C:\Users\Fatih\Desktop\TUBITAK\Airport_Noise\Dataset_Airplane\env_clips\ambient_0005_0066.wav,AMBIENT
C:\Users\Fatih\Desktop\TUBITAK\Airport_Noise\Dataset_Airplane\env_clips\ambient_0005_0067.wav,AMBIENT
C:\Users\Fatih\Desktop\TUBITAK\Airport_Noise\Dataset_Airplane\env_clips\ambient_0005_0068.wav,AMBIENT
C:\Users\Fatih\Desktop\TUBITAK\Airport_Noise\Dataset_Airplane\env_clips\ambient_0005_0069.wav,AMBIENT
C:\Users\Fatih\Desktop\TUBITAK\Airport_Noise\Dataset_Airplane\env_clips\ambient_0005_0070.wav,AMBIENT
C:\Users\Fatih\Desktop\TUBITAK\Airport_Noise\Dataset_Airplane\env_clips\ambient_0005_0071.wav,AMBIENT
C:\Users\Fatih\Desktop\TUBITAK\Airport_Noise\Dataset_Airplane\env_clips\ambient_0005_0072.wav,AMBIENT
C:\Users\Fatih\Desktop\TUBITAK\Airport_Noise\Dataset_Airplane\env_clips\ambient_0005_0073.wav,AMBIENT
C:\Users\Fatih\Desktop\TUBITAK\Airport_Noise\Dataset_Airplane\env_clips\ambient_0005_0074.wav,AMBIENT
C:\Users\Fatih\Desktop\TUBITAK\Airport_Noise\Dataset_Airplane\env_clips\ambient_0005_0075.wav,AMBIENT
C:\Users\Fatih\Desktop\TUBITAK\Airport_Noise\Dataset_Airplane\env_clips\ambient_0005_0076.wav,AMBIENT
C:\Users\Fatih\Desktop\TUBITAK\Airport_Noise\Dataset_Airplane\env_clips\ambient_0005_0077.wav,AMBIENT
C:\Users\Fatih\Desktop\TUBITAK\Airport_Noise\Dataset_Airplane\env_clips\ambient_0005_0078.wav,AMBIENT
C:\Users\Fatih\Desktop\TUBITAK\Airport_Noise\Dataset_Airplane\env_clips\ambient_0005_0079.wav,AMBIENT
C:\Users\Fatih\Desktop\TUBITAK\Airport_Noise\Dataset_Airplane\env_clips\ambient_0005_0080.wav,AMBIENT
C:\Users\Fatih\Desktop\TUBITAK\Airport_Noise\Dataset_Airplane\env_clips\ambient_0005_0081.wav,AMBIENT
